2026-03-14 00:48:19 - ========== COMMISSION.PHP STARTED ==========
2026-03-14 00:48:19 - Bet amount: 10000, User ID: 113607
2026-03-14 00:48:19 - Level commissions: L1=40, L2=25, L3=8, L4=1, L5=0.5, L6=0.2
2026-03-14 00:48:19 - Codes query: SELECT code, code1, code2, code3, code4, code5 FROM shonu_subjects WHERE id = '113607'
2026-03-14 00:48:19 - Referral codes: code=116629030908, code1=official, code2=, code3=, code4=, code5=
2026-03-14 00:48:19 - Next process date: 2026-03-15
2026-03-14 00:48:19 - Level1 - Find upline query: SELECT id FROM shonu_subjects WHERE owncode = '116629030908'
2026-03-14 00:48:19 - Level1 - Upline found: 113033
2026-03-14 00:48:19 - Level1 - Insert query: INSERT INTO vyavahara (
            balakedara, ketebida, prakara, purba, bartaman, ayoga, koduvavanu, tiarikala, commission_status, process_date
        ) VALUES (
            '113033', '10000', 'LVLCOMM1', '8899.65049', '8939.65049', '40', '113607', '2026-03-14 00:48:19', 0, '2026-03-15'
        )
2026-03-14 00:48:19 - Level1 - ✅ INSERT SUCCESSFUL
2026-03-14 00:48:19 - Level2 - Find upline query: SELECT id FROM shonu_subjects WHERE owncode = 'official'
2026-03-14 00:48:19 - Level2 - No upline found for code: official
2026-03-14 00:48:19 - ========== COMMISSION.PHP ENDED ==========

2026-03-14 00:49:07 - ========== COMMISSION.PHP STARTED ==========
2026-03-14 00:49:07 - Bet amount: 400000, User ID: 113607
2026-03-14 00:49:07 - Level commissions: L1=1600, L2=1000, L3=320, L4=40, L5=20, L6=8
2026-03-14 00:49:07 - Codes query: SELECT code, code1, code2, code3, code4, code5 FROM shonu_subjects WHERE id = '113607'
2026-03-14 00:49:07 - Referral codes: code=116629030908, code1=official, code2=, code3=, code4=, code5=
2026-03-14 00:49:07 - Next process date: 2026-03-15
2026-03-14 00:49:07 - Level1 - Find upline query: SELECT id FROM shonu_subjects WHERE owncode = '116629030908'
2026-03-14 00:49:07 - Level1 - Upline found: 113033
2026-03-14 00:49:07 - Level1 - Insert query: INSERT INTO vyavahara (
            balakedara, ketebida, prakara, purba, bartaman, ayoga, koduvavanu, tiarikala, commission_status, process_date
        ) VALUES (
            '113033', '400000', 'LVLCOMM1', '8899.65049', '10499.65049', '1600', '113607', '2026-03-14 00:49:07', 0, '2026-03-15'
        )
2026-03-14 00:49:07 - Level1 - ✅ INSERT SUCCESSFUL
2026-03-14 00:49:07 - Level2 - Find upline query: SELECT id FROM shonu_subjects WHERE owncode = 'official'
2026-03-14 00:49:07 - Level2 - No upline found for code: official
2026-03-14 00:49:07 - ========== COMMISSION.PHP ENDED ==========

2026-03-14 00:51:13 - ========== COMMISSION.PHP STARTED ==========
2026-03-14 00:51:13 - Bet amount: 50000, User ID: 1175457
2026-03-14 00:51:13 - Level commissions: L1=200, L2=125, L3=40, L4=5, L5=2.5, L6=1
2026-03-14 00:51:13 - Codes query: SELECT code, code1, code2, code3, code4, code5 FROM shonu_subjects WHERE id = '1175457'
2026-03-14 00:51:13 - Referral codes: code=255860337165, code1=, code2=, code3=, code4=, code5=
2026-03-14 00:51:13 - Next process date: 2026-03-15
2026-03-14 00:51:13 - Level1 - Find upline query: SELECT id FROM shonu_subjects WHERE owncode = '255860337165'
2026-03-14 00:51:13 - Level1 - No upline found for code: 255860337165
2026-03-14 00:51:13 - ========== COMMISSION.PHP ENDED ==========

2026-03-14 00:51:18 - ========== COMMISSION.PHP STARTED ==========
2026-03-14 00:51:18 - Bet amount: 50000, User ID: 1175457
2026-03-14 00:51:18 - Level commissions: L1=200, L2=125, L3=40, L4=5, L5=2.5, L6=1
2026-03-14 00:51:18 - Codes query: SELECT code, code1, code2, code3, code4, code5 FROM shonu_subjects WHERE id = '1175457'
2026-03-14 00:51:18 - Referral codes: code=255860337165, code1=, code2=, code3=, code4=, code5=
2026-03-14 00:51:18 - Next process date: 2026-03-15
2026-03-14 00:51:18 - Level1 - Find upline query: SELECT id FROM shonu_subjects WHERE owncode = '255860337165'
2026-03-14 00:51:18 - Level1 - No upline found for code: 255860337165
2026-03-14 00:51:18 - ========== COMMISSION.PHP ENDED ==========

2026-03-14 00:51:23 - ========== COMMISSION.PHP STARTED ==========
2026-03-14 00:51:23 - Bet amount: 100000, User ID: 1175457
2026-03-14 00:51:23 - Level commissions: L1=400, L2=250, L3=80, L4=10, L5=5, L6=2
2026-03-14 00:51:23 - Codes query: SELECT code, code1, code2, code3, code4, code5 FROM shonu_subjects WHERE id = '1175457'
2026-03-14 00:51:23 - Referral codes: code=255860337165, code1=, code2=, code3=, code4=, code5=
2026-03-14 00:51:23 - Next process date: 2026-03-15
2026-03-14 00:51:23 - Level1 - Find upline query: SELECT id FROM shonu_subjects WHERE owncode = '255860337165'
2026-03-14 00:51:23 - Level1 - No upline found for code: 255860337165
2026-03-14 00:51:23 - ========== COMMISSION.PHP ENDED ==========

2026-03-14 02:02:51 - ========== COMMISSION.PHP STARTED ==========
2026-03-14 02:02:51 - Bet amount: 100, User ID: 1175838
2026-03-14 02:02:51 - Level commissions: L1=0.4, L2=0.25, L3=0.08, L4=0.01, L5=0.005, L6=0.002
2026-03-14 02:02:51 - Codes query: SELECT code, code1, code2, code3, code4, code5 FROM shonu_subjects WHERE id = '1175838'
2026-03-14 02:02:51 - Referral codes: code=3566461175837, code1=400660113602, code2=116629030908, code3=official, code4=, code5=
2026-03-14 02:02:51 - Next process date: 2026-03-15
2026-03-14 02:02:51 - Level1 - Find upline query: SELECT id FROM shonu_subjects WHERE owncode = '3566461175837'
2026-03-14 02:02:51 - Level1 - Upline found: 1175837
2026-03-14 02:02:51 - Level1 - Insert query: INSERT INTO vyavahara (
            balakedara, ketebida, prakara, purba, bartaman, ayoga, koduvavanu, tiarikala, commission_status, process_date
        ) VALUES (
            '1175837', '100', 'LVLCOMM1', '300', '300.4', '0.4', '1175838', '2026-03-14 02:02:51', 0, '2026-03-15'
        )
2026-03-14 02:02:51 - Level1 - ✅ INSERT SUCCESSFUL
2026-03-14 02:02:51 - Level2 - Find upline query: SELECT id FROM shonu_subjects WHERE owncode = '400660113602'
2026-03-14 02:02:51 - Level2 - Upline found: 113607
2026-03-14 02:02:51 - Level2 - Insert query: INSERT INTO vyavahara (
            balakedara, ketebida, prakara, purba, bartaman, ayoga, koduvavanu, tiarikala, commission_status, process_date
        ) VALUES (
            '113607', '100', 'LVLCOMM2', '19200981.17274', '19200981.42274', '0.25', '1175838', '2026-03-14 02:02:51', 0, '2026-03-15'
        )
2026-03-14 02:02:51 - Level2 - ✅ INSERT SUCCESSFUL
2026-03-14 02:02:51 - Level3 - Find upline query: SELECT id FROM shonu_subjects WHERE owncode = '116629030908'
2026-03-14 02:02:51 - Level3 - Upline found: 113033
2026-03-14 02:02:51 - Level3 - Insert query: INSERT INTO vyavahara (
            balakedara, ketebida, prakara, purba, bartaman, ayoga, koduvavanu, tiarikala, commission_status, process_date
        ) VALUES (
            '113033', '100', 'LVLCOMM3', '10539.65049', '10539.73049', '0.08', '1175838', '2026-03-14 02:02:51', 0, '2026-03-15'
        )
2026-03-14 02:02:51 - Level3 - ✅ INSERT SUCCESSFUL
2026-03-14 02:02:51 - ========== COMMISSION.PHP ENDED ==========

2026-03-14 02:40:22 - ========== COMMISSION.PHP STARTED ==========
2026-03-14 02:40:22 - Bet amount: 100, User ID: 1175457
2026-03-14 02:40:22 - Level commissions: L1=0.4, L2=0.25, L3=0.08, L4=0.01, L5=0.005, L6=0.002
2026-03-14 02:40:22 - Codes query: SELECT code, code1, code2, code3, code4, code5 FROM shonu_subjects WHERE id = '1175457'
2026-03-14 02:40:22 - Referral codes: code=255860337165, code1=, code2=, code3=, code4=, code5=
2026-03-14 02:40:22 - Next process date: 2026-03-15
2026-03-14 02:40:22 - Level1 - Find upline query: SELECT id FROM shonu_subjects WHERE owncode = '255860337165'
2026-03-14 02:40:22 - Level1 - No upline found for code: 255860337165
2026-03-14 02:40:22 - ========== COMMISSION.PHP ENDED ==========

2026-03-14 16:38:16 - ========== COMMISSION.PHP STARTED ==========
2026-03-14 16:38:16 - Bet amount: 1000, User ID: 1174020
2026-03-14 16:38:16 - Level commissions: L1=4, L2=2.5, L3=0.8, L4=0.1, L5=0.05, L6=0.02
2026-03-14 16:38:16 - Codes query: SELECT code, code1, code2, code3, code4, code5 FROM shonu_subjects WHERE id = '1174020'
2026-03-14 16:38:16 - Referral codes: code=609698113616, code1=587464113615, code2=551233113608, code3=400660113602, code4=116629030908, code5=official
2026-03-14 16:38:16 - Next process date: 2026-03-15
2026-03-14 16:38:16 - Level1 - Find upline query: SELECT id FROM shonu_subjects WHERE owncode = '609698113616'
2026-03-14 16:38:16 - Level1 - Upline found: 113616
2026-03-14 16:38:16 - Level1 - Insert query: INSERT INTO vyavahara (
            balakedara, ketebida, prakara, purba, bartaman, ayoga, koduvavanu, tiarikala, commission_status, process_date
        ) VALUES (
            '113616', '1000', 'LVLCOMM1', '61375.47756', '61379.47756', '4', '1174020', '2026-03-14 16:38:16', 0, '2026-03-15'
        )
2026-03-14 16:38:16 - Level1 - ✅ INSERT SUCCESSFUL
2026-03-14 16:38:16 - Level2 - Find upline query: SELECT id FROM shonu_subjects WHERE owncode = '587464113615'
2026-03-14 16:38:16 - Level2 - Upline found: 113615
2026-03-14 16:38:16 - Level2 - Insert query: INSERT INTO vyavahara (
            balakedara, ketebida, prakara, purba, bartaman, ayoga, koduvavanu, tiarikala, commission_status, process_date
        ) VALUES (
            '113615', '1000', 'LVLCOMM2', '577.43493', '579.93493', '2.5', '1174020', '2026-03-14 16:38:16', 0, '2026-03-15'
        )
2026-03-14 16:38:16 - Level2 - ✅ INSERT SUCCESSFUL
2026-03-14 16:38:16 - Level3 - Find upline query: SELECT id FROM shonu_subjects WHERE owncode = '551233113608'
2026-03-14 16:38:16 - Level3 - Upline found: 113614
2026-03-14 16:38:16 - Level3 - Insert query: INSERT INTO vyavahara (
            balakedara, ketebida, prakara, purba, bartaman, ayoga, koduvavanu, tiarikala, commission_status, process_date
        ) VALUES (
            '113614', '1000', 'LVLCOMM3', '65991.02954', '65991.82954', '0.8', '1174020', '2026-03-14 16:38:16', 0, '2026-03-15'
        )
2026-03-14 16:38:16 - Level3 - ✅ INSERT SUCCESSFUL
2026-03-14 16:38:16 - Level4 - ✅ INSERT SUCCESSFUL
2026-03-14 16:38:16 - Level5 - ✅ INSERT SUCCESSFUL
2026-03-14 16:38:16 - ========== COMMISSION.PHP ENDED ==========

2026-03-14 16:40:40 - ========== COMMISSION.PHP STARTED ==========
2026-03-14 16:40:40 - Bet amount: 100, User ID: 1175879
2026-03-14 16:40:40 - Level commissions: L1=0.4, L2=0.25, L3=0.08, L4=0.01, L5=0.005, L6=0.002
2026-03-14 16:40:40 - Codes query: SELECT code, code1, code2, code3, code4, code5 FROM shonu_subjects WHERE id = '1175879'
2026-03-14 16:40:40 - Referral codes: code=7384791175875, code1=400660113602, code2=116629030908, code3=official, code4=, code5=
2026-03-14 16:40:40 - Next process date: 2026-03-15
2026-03-14 16:40:40 - Level1 - Find upline query: SELECT id FROM shonu_subjects WHERE owncode = '7384791175875'
2026-03-14 16:40:40 - Level1 - Upline found: 1175875
2026-03-14 16:40:40 - Level1 - Insert query: INSERT INTO vyavahara (
            balakedara, ketebida, prakara, purba, bartaman, ayoga, koduvavanu, tiarikala, commission_status, process_date
        ) VALUES (
            '1175875', '100', 'LVLCOMM1', '20000', '20000.4', '0.4', '1175879', '2026-03-14 16:40:40', 0, '2026-03-15'
        )
2026-03-14 16:40:40 - Level1 - ✅ INSERT SUCCESSFUL
2026-03-14 16:40:40 - Level2 - Find upline query: SELECT id FROM shonu_subjects WHERE owncode = '400660113602'
2026-03-14 16:40:40 - Level2 - Upline found: 113607
2026-03-14 16:40:40 - Level2 - Insert query: INSERT INTO vyavahara (
            balakedara, ketebida, prakara, purba, bartaman, ayoga, koduvavanu, tiarikala, commission_status, process_date
        ) VALUES (
            '113607', '100', 'LVLCOMM2', '19200981.17274', '19200981.42274', '0.25', '1175879', '2026-03-14 16:40:40', 0, '2026-03-15'
        )
2026-03-14 16:40:40 - Level2 - ✅ INSERT SUCCESSFUL
2026-03-14 16:40:40 - Level3 - Find upline query: SELECT id FROM shonu_subjects WHERE owncode = '116629030908'
2026-03-14 16:40:40 - Level3 - Upline found: 113033
2026-03-14 16:40:40 - Level3 - Insert query: INSERT INTO vyavahara (
            balakedara, ketebida, prakara, purba, bartaman, ayoga, koduvavanu, tiarikala, commission_status, process_date
        ) VALUES (
            '113033', '100', 'LVLCOMM3', '10539.65049', '10539.73049', '0.08', '1175879', '2026-03-14 16:40:40', 0, '2026-03-15'
        )
2026-03-14 16:40:40 - Level3 - ✅ INSERT SUCCESSFUL
2026-03-14 16:40:40 - ========== COMMISSION.PHP ENDED ==========

2026-03-14 16:41:17 - ========== COMMISSION.PHP STARTED ==========
2026-03-14 16:41:17 - Bet amount: 300, User ID: 1175879
2026-03-14 16:41:17 - Level commissions: L1=1.2, L2=0.75, L3=0.24, L4=0.03, L5=0.015, L6=0.006
2026-03-14 16:41:17 - Codes query: SELECT code, code1, code2, code3, code4, code5 FROM shonu_subjects WHERE id = '1175879'
2026-03-14 16:41:17 - Referral codes: code=7384791175875, code1=400660113602, code2=116629030908, code3=official, code4=, code5=
2026-03-14 16:41:17 - Next process date: 2026-03-15
2026-03-14 16:41:17 - Level1 - Find upline query: SELECT id FROM shonu_subjects WHERE owncode = '7384791175875'
2026-03-14 16:41:17 - Level1 - Upline found: 1175875
2026-03-14 16:41:17 - Level1 - Insert query: INSERT INTO vyavahara (
            balakedara, ketebida, prakara, purba, bartaman, ayoga, koduvavanu, tiarikala, commission_status, process_date
        ) VALUES (
            '1175875', '300', 'LVLCOMM1', '20000', '20001.2', '1.2', '1175879', '2026-03-14 16:41:17', 0, '2026-03-15'
        )
2026-03-14 16:41:17 - Level1 - ✅ INSERT SUCCESSFUL
2026-03-14 16:41:17 - Level2 - Find upline query: SELECT id FROM shonu_subjects WHERE owncode = '400660113602'
2026-03-14 16:41:17 - Level2 - Upline found: 113607
2026-03-14 16:41:17 - Level2 - Insert query: INSERT INTO vyavahara (
            balakedara, ketebida, prakara, purba, bartaman, ayoga, koduvavanu, tiarikala, commission_status, process_date
        ) VALUES (
            '113607', '300', 'LVLCOMM2', '19200981.17274', '19200981.92274', '0.75', '1175879', '2026-03-14 16:41:17', 0, '2026-03-15'
        )
2026-03-14 16:41:17 - Level2 - ✅ INSERT SUCCESSFUL
2026-03-14 16:41:17 - Level3 - Find upline query: SELECT id FROM shonu_subjects WHERE owncode = '116629030908'
2026-03-14 16:41:17 - Level3 - Upline found: 113033
2026-03-14 16:41:17 - Level3 - Insert query: INSERT INTO vyavahara (
            balakedara, ketebida, prakara, purba, bartaman, ayoga, koduvavanu, tiarikala, commission_status, process_date
        ) VALUES (
            '113033', '300', 'LVLCOMM3', '10539.65049', '10539.89049', '0.24', '1175879', '2026-03-14 16:41:17', 0, '2026-03-15'
        )
2026-03-14 16:41:17 - Level3 - ✅ INSERT SUCCESSFUL
2026-03-14 16:41:17 - ========== COMMISSION.PHP ENDED ==========

2026-03-14 16:41:54 - ========== COMMISSION.PHP STARTED ==========
2026-03-14 16:41:54 - Bet amount: 100, User ID: 1175879
2026-03-14 16:41:54 - Level commissions: L1=0.4, L2=0.25, L3=0.08, L4=0.01, L5=0.005, L6=0.002
2026-03-14 16:41:54 - Codes query: SELECT code, code1, code2, code3, code4, code5 FROM shonu_subjects WHERE id = '1175879'
2026-03-14 16:41:54 - Referral codes: code=7384791175875, code1=400660113602, code2=116629030908, code3=official, code4=, code5=
2026-03-14 16:41:54 - Next process date: 2026-03-15
2026-03-14 16:41:54 - Level1 - Find upline query: SELECT id FROM shonu_subjects WHERE owncode = '7384791175875'
2026-03-14 16:41:54 - Level1 - Upline found: 1175875
2026-03-14 16:41:54 - Level1 - Insert query: INSERT INTO vyavahara (
            balakedara, ketebida, prakara, purba, bartaman, ayoga, koduvavanu, tiarikala, commission_status, process_date
        ) VALUES (
            '1175875', '100', 'LVLCOMM1', '20000', '20000.4', '0.4', '1175879', '2026-03-14 16:41:54', 0, '2026-03-15'
        )
2026-03-14 16:41:54 - Level1 - ✅ INSERT SUCCESSFUL
2026-03-14 16:41:54 - Level2 - Find upline query: SELECT id FROM shonu_subjects WHERE owncode = '400660113602'
2026-03-14 16:41:54 - Level2 - Upline found: 113607
2026-03-14 16:41:54 - Level2 - Insert query: INSERT INTO vyavahara (
            balakedara, ketebida, prakara, purba, bartaman, ayoga, koduvavanu, tiarikala, commission_status, process_date
        ) VALUES (
            '113607', '100', 'LVLCOMM2', '19200981.17274', '19200981.42274', '0.25', '1175879', '2026-03-14 16:41:54', 0, '2026-03-15'
        )
2026-03-14 16:41:54 - Level2 - ✅ INSERT SUCCESSFUL
2026-03-14 16:41:54 - Level3 - Find upline query: SELECT id FROM shonu_subjects WHERE owncode = '116629030908'
2026-03-14 16:41:54 - Level3 - Upline found: 113033
2026-03-14 16:41:54 - Level3 - Insert query: INSERT INTO vyavahara (
            balakedara, ketebida, prakara, purba, bartaman, ayoga, koduvavanu, tiarikala, commission_status, process_date
        ) VALUES (
            '113033', '100', 'LVLCOMM3', '10539.65049', '10539.73049', '0.08', '1175879', '2026-03-14 16:41:54', 0, '2026-03-15'
        )
2026-03-14 16:41:54 - Level3 - ✅ INSERT SUCCESSFUL
2026-03-14 16:41:54 - ========== COMMISSION.PHP ENDED ==========

2026-03-14 16:42:13 - ========== COMMISSION.PHP STARTED ==========
2026-03-14 16:42:13 - Bet amount: 300, User ID: 1175879
2026-03-14 16:42:13 - Level commissions: L1=1.2, L2=0.75, L3=0.24, L4=0.03, L5=0.015, L6=0.006
2026-03-14 16:42:13 - Codes query: SELECT code, code1, code2, code3, code4, code5 FROM shonu_subjects WHERE id = '1175879'
2026-03-14 16:42:13 - Referral codes: code=7384791175875, code1=400660113602, code2=116629030908, code3=official, code4=, code5=
2026-03-14 16:42:13 - Next process date: 2026-03-15
2026-03-14 16:42:13 - Level1 - Find upline query: SELECT id FROM shonu_subjects WHERE owncode = '7384791175875'
2026-03-14 16:42:13 - Level1 - Upline found: 1175875
2026-03-14 16:42:13 - Level1 - Insert query: INSERT INTO vyavahara (
            balakedara, ketebida, prakara, purba, bartaman, ayoga, koduvavanu, tiarikala, commission_status, process_date
        ) VALUES (
            '1175875', '300', 'LVLCOMM1', '20000', '20001.2', '1.2', '1175879', '2026-03-14 16:42:13', 0, '2026-03-15'
        )
2026-03-14 16:42:13 - Level1 - ✅ INSERT SUCCESSFUL
2026-03-14 16:42:13 - Level2 - Find upline query: SELECT id FROM shonu_subjects WHERE owncode = '400660113602'
2026-03-14 16:42:13 - Level2 - Upline found: 113607
2026-03-14 16:42:13 - Level2 - Insert query: INSERT INTO vyavahara (
            balakedara, ketebida, prakara, purba, bartaman, ayoga, koduvavanu, tiarikala, commission_status, process_date
        ) VALUES (
            '113607', '300', 'LVLCOMM2', '19200981.17274', '19200981.92274', '0.75', '1175879', '2026-03-14 16:42:13', 0, '2026-03-15'
        )
2026-03-14 16:42:13 - Level2 - ✅ INSERT SUCCESSFUL
2026-03-14 16:42:13 - Level3 - Find upline query: SELECT id FROM shonu_subjects WHERE owncode = '116629030908'
2026-03-14 16:42:13 - Level3 - Upline found: 113033
2026-03-14 16:42:13 - Level3 - Insert query: INSERT INTO vyavahara (
            balakedara, ketebida, prakara, purba, bartaman, ayoga, koduvavanu, tiarikala, commission_status, process_date
        ) VALUES (
            '113033', '300', 'LVLCOMM3', '10539.65049', '10539.89049', '0.24', '1175879', '2026-03-14 16:42:13', 0, '2026-03-15'
        )
2026-03-14 16:42:13 - Level3 - ✅ INSERT SUCCESSFUL
2026-03-14 16:42:13 - ========== COMMISSION.PHP ENDED ==========

2026-03-14 16:42:50 - ========== COMMISSION.PHP STARTED ==========
2026-03-14 16:42:50 - Bet amount: 900, User ID: 1175879
2026-03-14 16:42:50 - Level commissions: L1=3.6, L2=2.25, L3=0.72, L4=0.09, L5=0.045, L6=0.018
2026-03-14 16:42:50 - Codes query: SELECT code, code1, code2, code3, code4, code5 FROM shonu_subjects WHERE id = '1175879'
2026-03-14 16:42:50 - Referral codes: code=7384791175875, code1=400660113602, code2=116629030908, code3=official, code4=, code5=
2026-03-14 16:42:50 - Next process date: 2026-03-15
2026-03-14 16:42:50 - Level1 - Find upline query: SELECT id FROM shonu_subjects WHERE owncode = '7384791175875'
2026-03-14 16:42:50 - Level1 - Upline found: 1175875
2026-03-14 16:42:50 - Level1 - Insert query: INSERT INTO vyavahara (
            balakedara, ketebida, prakara, purba, bartaman, ayoga, koduvavanu, tiarikala, commission_status, process_date
        ) VALUES (
            '1175875', '900', 'LVLCOMM1', '20000', '20003.6', '3.6', '1175879', '2026-03-14 16:42:50', 0, '2026-03-15'
        )
2026-03-14 16:42:50 - Level1 - ✅ INSERT SUCCESSFUL
2026-03-14 16:42:50 - Level2 - Find upline query: SELECT id FROM shonu_subjects WHERE owncode = '400660113602'
2026-03-14 16:42:50 - Level2 - Upline found: 113607
2026-03-14 16:42:50 - Level2 - Insert query: INSERT INTO vyavahara (
            balakedara, ketebida, prakara, purba, bartaman, ayoga, koduvavanu, tiarikala, commission_status, process_date
        ) VALUES (
            '113607', '900', 'LVLCOMM2', '19200981.17274', '19200983.42274', '2.25', '1175879', '2026-03-14 16:42:50', 0, '2026-03-15'
        )
2026-03-14 16:42:50 - Level2 - ✅ INSERT SUCCESSFUL
2026-03-14 16:42:50 - Level3 - Find upline query: SELECT id FROM shonu_subjects WHERE owncode = '116629030908'
2026-03-14 16:42:50 - Level3 - Upline found: 113033
2026-03-14 16:42:50 - Level3 - Insert query: INSERT INTO vyavahara (
            balakedara, ketebida, prakara, purba, bartaman, ayoga, koduvavanu, tiarikala, commission_status, process_date
        ) VALUES (
            '113033', '900', 'LVLCOMM3', '10539.65049', '10540.37049', '0.72', '1175879', '2026-03-14 16:42:50', 0, '2026-03-15'
        )
2026-03-14 16:42:50 - Level3 - ✅ INSERT SUCCESSFUL
2026-03-14 16:42:50 - ========== COMMISSION.PHP ENDED ==========

2026-03-14 16:43:14 - ========== COMMISSION.PHP STARTED ==========
2026-03-14 16:43:14 - Bet amount: 2700, User ID: 1175879
2026-03-14 16:43:14 - Level commissions: L1=10.8, L2=6.75, L3=2.16, L4=0.27, L5=0.135, L6=0.054
2026-03-14 16:43:14 - Codes query: SELECT code, code1, code2, code3, code4, code5 FROM shonu_subjects WHERE id = '1175879'
2026-03-14 16:43:14 - Referral codes: code=7384791175875, code1=400660113602, code2=116629030908, code3=official, code4=, code5=
2026-03-14 16:43:14 - Next process date: 2026-03-15
2026-03-14 16:43:14 - Level1 - Find upline query: SELECT id FROM shonu_subjects WHERE owncode = '7384791175875'
2026-03-14 16:43:14 - Level1 - Upline found: 1175875
2026-03-14 16:43:14 - Level1 - Insert query: INSERT INTO vyavahara (
            balakedara, ketebida, prakara, purba, bartaman, ayoga, koduvavanu, tiarikala, commission_status, process_date
        ) VALUES (
            '1175875', '2700', 'LVLCOMM1', '20000', '20010.8', '10.8', '1175879', '2026-03-14 16:43:14', 0, '2026-03-15'
        )
2026-03-14 16:43:14 - Level1 - ✅ INSERT SUCCESSFUL
2026-03-14 16:43:14 - Level2 - Find upline query: SELECT id FROM shonu_subjects WHERE owncode = '400660113602'
2026-03-14 16:43:14 - Level2 - Upline found: 113607
2026-03-14 16:43:14 - Level2 - Insert query: INSERT INTO vyavahara (
            balakedara, ketebida, prakara, purba, bartaman, ayoga, koduvavanu, tiarikala, commission_status, process_date
        ) VALUES (
            '113607', '2700', 'LVLCOMM2', '19200981.17274', '19200987.92274', '6.75', '1175879', '2026-03-14 16:43:14', 0, '2026-03-15'
        )
2026-03-14 16:43:14 - Level2 - ✅ INSERT SUCCESSFUL
2026-03-14 16:43:14 - Level3 - Find upline query: SELECT id FROM shonu_subjects WHERE owncode = '116629030908'
2026-03-14 16:43:14 - Level3 - Upline found: 113033
2026-03-14 16:43:14 - Level3 - Insert query: INSERT INTO vyavahara (
            balakedara, ketebida, prakara, purba, bartaman, ayoga, koduvavanu, tiarikala, commission_status, process_date
        ) VALUES (
            '113033', '2700', 'LVLCOMM3', '10539.65049', '10541.81049', '2.16', '1175879', '2026-03-14 16:43:14', 0, '2026-03-15'
        )
2026-03-14 16:43:14 - Level3 - ✅ INSERT SUCCESSFUL
2026-03-14 16:43:14 - ========== COMMISSION.PHP ENDED ==========

2026-03-14 16:43:53 - ========== COMMISSION.PHP STARTED ==========
2026-03-14 16:43:53 - Bet amount: 1000, User ID: 1175879
2026-03-14 16:43:53 - Level commissions: L1=4, L2=2.5, L3=0.8, L4=0.1, L5=0.05, L6=0.02
2026-03-14 16:43:53 - Codes query: SELECT code, code1, code2, code3, code4, code5 FROM shonu_subjects WHERE id = '1175879'
2026-03-14 16:43:53 - Referral codes: code=7384791175875, code1=400660113602, code2=116629030908, code3=official, code4=, code5=
2026-03-14 16:43:53 - Next process date: 2026-03-15
2026-03-14 16:43:53 - Level1 - Find upline query: SELECT id FROM shonu_subjects WHERE owncode = '7384791175875'
2026-03-14 16:43:53 - Level1 - Upline found: 1175875
2026-03-14 16:43:53 - Level1 - Insert query: INSERT INTO vyavahara (
            balakedara, ketebida, prakara, purba, bartaman, ayoga, koduvavanu, tiarikala, commission_status, process_date
        ) VALUES (
            '1175875', '1000', 'LVLCOMM1', '20000', '20004', '4', '1175879', '2026-03-14 16:43:53', 0, '2026-03-15'
        )
2026-03-14 16:43:53 - Level1 - ✅ INSERT SUCCESSFUL
2026-03-14 16:43:53 - Level2 - Find upline query: SELECT id FROM shonu_subjects WHERE owncode = '400660113602'
2026-03-14 16:43:53 - Level2 - Upline found: 113607
2026-03-14 16:43:53 - Level2 - Insert query: INSERT INTO vyavahara (
            balakedara, ketebida, prakara, purba, bartaman, ayoga, koduvavanu, tiarikala, commission_status, process_date
        ) VALUES (
            '113607', '1000', 'LVLCOMM2', '19200981.17274', '19200983.67274', '2.5', '1175879', '2026-03-14 16:43:53', 0, '2026-03-15'
        )
2026-03-14 16:43:53 - Level2 - ✅ INSERT SUCCESSFUL
2026-03-14 16:43:53 - Level3 - Find upline query: SELECT id FROM shonu_subjects WHERE owncode = '116629030908'
2026-03-14 16:43:53 - Level3 - Upline found: 113033
2026-03-14 16:43:53 - Level3 - Insert query: INSERT INTO vyavahara (
            balakedara, ketebida, prakara, purba, bartaman, ayoga, koduvavanu, tiarikala, commission_status, process_date
        ) VALUES (
            '113033', '1000', 'LVLCOMM3', '10539.65049', '10540.45049', '0.8', '1175879', '2026-03-14 16:43:53', 0, '2026-03-15'
        )
2026-03-14 16:43:53 - Level3 - ✅ INSERT SUCCESSFUL
2026-03-14 16:43:53 - ========== COMMISSION.PHP ENDED ==========

2026-03-14 16:44:18 - ========== COMMISSION.PHP STARTED ==========
2026-03-14 16:44:18 - Bet amount: 3000, User ID: 1175879
2026-03-14 16:44:18 - Level commissions: L1=12, L2=7.5, L3=2.4, L4=0.3, L5=0.15, L6=0.06
2026-03-14 16:44:18 - Codes query: SELECT code, code1, code2, code3, code4, code5 FROM shonu_subjects WHERE id = '1175879'
2026-03-14 16:44:18 - Referral codes: code=7384791175875, code1=400660113602, code2=116629030908, code3=official, code4=, code5=
2026-03-14 16:44:18 - Next process date: 2026-03-15
2026-03-14 16:44:18 - Level1 - Find upline query: SELECT id FROM shonu_subjects WHERE owncode = '7384791175875'
2026-03-14 16:44:18 - Level1 - Upline found: 1175875
2026-03-14 16:44:18 - Level1 - Insert query: INSERT INTO vyavahara (
            balakedara, ketebida, prakara, purba, bartaman, ayoga, koduvavanu, tiarikala, commission_status, process_date
        ) VALUES (
            '1175875', '3000', 'LVLCOMM1', '20000', '20012', '12', '1175879', '2026-03-14 16:44:18', 0, '2026-03-15'
        )
2026-03-14 16:44:18 - Level1 - ✅ INSERT SUCCESSFUL
2026-03-14 16:44:18 - Level2 - Find upline query: SELECT id FROM shonu_subjects WHERE owncode = '400660113602'
2026-03-14 16:44:18 - Level2 - Upline found: 113607
2026-03-14 16:44:18 - Level2 - Insert query: INSERT INTO vyavahara (
            balakedara, ketebida, prakara, purba, bartaman, ayoga, koduvavanu, tiarikala, commission_status, process_date
        ) VALUES (
            '113607', '3000', 'LVLCOMM2', '19200981.17274', '19200988.67274', '7.5', '1175879', '2026-03-14 16:44:18', 0, '2026-03-15'
        )
2026-03-14 16:44:18 - Level2 - ✅ INSERT SUCCESSFUL
2026-03-14 16:44:18 - Level3 - Find upline query: SELECT id FROM shonu_subjects WHERE owncode = '116629030908'
2026-03-14 16:44:18 - Level3 - Upline found: 113033
2026-03-14 16:44:18 - Level3 - Insert query: INSERT INTO vyavahara (
            balakedara, ketebida, prakara, purba, bartaman, ayoga, koduvavanu, tiarikala, commission_status, process_date
        ) VALUES (
            '113033', '3000', 'LVLCOMM3', '10539.65049', '10542.05049', '2.4', '1175879', '2026-03-14 16:44:18', 0, '2026-03-15'
        )
2026-03-14 16:44:18 - Level3 - ✅ INSERT SUCCESSFUL
2026-03-14 16:44:18 - ========== COMMISSION.PHP ENDED ==========

2026-03-14 16:44:40 - ========== COMMISSION.PHP STARTED ==========
2026-03-14 16:44:40 - Bet amount: 1000, User ID: 1174020
2026-03-14 16:44:40 - Level commissions: L1=4, L2=2.5, L3=0.8, L4=0.1, L5=0.05, L6=0.02
2026-03-14 16:44:40 - Codes query: SELECT code, code1, code2, code3, code4, code5 FROM shonu_subjects WHERE id = '1174020'
2026-03-14 16:44:40 - Referral codes: code=609698113616, code1=587464113615, code2=551233113608, code3=400660113602, code4=116629030908, code5=official
2026-03-14 16:44:40 - Next process date: 2026-03-15
2026-03-14 16:44:40 - Level1 - Find upline query: SELECT id FROM shonu_subjects WHERE owncode = '609698113616'
2026-03-14 16:44:40 - Level1 - Upline found: 113616
2026-03-14 16:44:40 - Level1 - Insert query: INSERT INTO vyavahara (
            balakedara, ketebida, prakara, purba, bartaman, ayoga, koduvavanu, tiarikala, commission_status, process_date
        ) VALUES (
            '113616', '1000', 'LVLCOMM1', '61375.47756', '61379.47756', '4', '1174020', '2026-03-14 16:44:40', 0, '2026-03-15'
        )
2026-03-14 16:44:40 - Level1 - ✅ INSERT SUCCESSFUL
2026-03-14 16:44:40 - Level2 - Find upline query: SELECT id FROM shonu_subjects WHERE owncode = '587464113615'
2026-03-14 16:44:40 - Level2 - Upline found: 113615
2026-03-14 16:44:40 - Level2 - Insert query: INSERT INTO vyavahara (
            balakedara, ketebida, prakara, purba, bartaman, ayoga, koduvavanu, tiarikala, commission_status, process_date
        ) VALUES (
            '113615', '1000', 'LVLCOMM2', '577.43493', '579.93493', '2.5', '1174020', '2026-03-14 16:44:40', 0, '2026-03-15'
        )
2026-03-14 16:44:40 - Level2 - ✅ INSERT SUCCESSFUL
2026-03-14 16:44:40 - Level3 - Find upline query: SELECT id FROM shonu_subjects WHERE owncode = '551233113608'
2026-03-14 16:44:40 - Level3 - Upline found: 113614
2026-03-14 16:44:40 - Level3 - Insert query: INSERT INTO vyavahara (
            balakedara, ketebida, prakara, purba, bartaman, ayoga, koduvavanu, tiarikala, commission_status, process_date
        ) VALUES (
            '113614', '1000', 'LVLCOMM3', '65991.02954', '65991.82954', '0.8', '1174020', '2026-03-14 16:44:40', 0, '2026-03-15'
        )
2026-03-14 16:44:40 - Level3 - ✅ INSERT SUCCESSFUL
2026-03-14 16:44:40 - Level4 - ✅ INSERT SUCCESSFUL
2026-03-14 16:44:40 - Level5 - ✅ INSERT SUCCESSFUL
2026-03-14 16:44:40 - ========== COMMISSION.PHP ENDED ==========

2026-03-14 16:44:54 - ========== COMMISSION.PHP STARTED ==========
2026-03-14 16:44:54 - Bet amount: 5000, User ID: 1175879
2026-03-14 16:44:54 - Level commissions: L1=20, L2=12.5, L3=4, L4=0.5, L5=0.25, L6=0.1
2026-03-14 16:44:54 - Codes query: SELECT code, code1, code2, code3, code4, code5 FROM shonu_subjects WHERE id = '1175879'
2026-03-14 16:44:54 - Referral codes: code=7384791175875, code1=400660113602, code2=116629030908, code3=official, code4=, code5=
2026-03-14 16:44:54 - Next process date: 2026-03-15
2026-03-14 16:44:54 - Level1 - Find upline query: SELECT id FROM shonu_subjects WHERE owncode = '7384791175875'
2026-03-14 16:44:54 - Level1 - Upline found: 1175875
2026-03-14 16:44:54 - Level1 - Insert query: INSERT INTO vyavahara (
            balakedara, ketebida, prakara, purba, bartaman, ayoga, koduvavanu, tiarikala, commission_status, process_date
        ) VALUES (
            '1175875', '5000', 'LVLCOMM1', '20000', '20020', '20', '1175879', '2026-03-14 16:44:54', 0, '2026-03-15'
        )
2026-03-14 16:44:54 - Level1 - ✅ INSERT SUCCESSFUL
2026-03-14 16:44:54 - Level2 - Find upline query: SELECT id FROM shonu_subjects WHERE owncode = '400660113602'
2026-03-14 16:44:54 - Level2 - Upline found: 113607
2026-03-14 16:44:54 - Level2 - Insert query: INSERT INTO vyavahara (
            balakedara, ketebida, prakara, purba, bartaman, ayoga, koduvavanu, tiarikala, commission_status, process_date
        ) VALUES (
            '113607', '5000', 'LVLCOMM2', '19200981.17274', '19200993.67274', '12.5', '1175879', '2026-03-14 16:44:54', 0, '2026-03-15'
        )
2026-03-14 16:44:54 - Level2 - ✅ INSERT SUCCESSFUL
2026-03-14 16:44:54 - Level3 - Find upline query: SELECT id FROM shonu_subjects WHERE owncode = '116629030908'
2026-03-14 16:44:54 - Level3 - Upline found: 113033
2026-03-14 16:44:54 - Level3 - Insert query: INSERT INTO vyavahara (
            balakedara, ketebida, prakara, purba, bartaman, ayoga, koduvavanu, tiarikala, commission_status, process_date
        ) VALUES (
            '113033', '5000', 'LVLCOMM3', '10539.65049', '10543.65049', '4', '1175879', '2026-03-14 16:44:54', 0, '2026-03-15'
        )
2026-03-14 16:44:54 - Level3 - ✅ INSERT SUCCESSFUL
2026-03-14 16:44:54 - ========== COMMISSION.PHP ENDED ==========

2026-03-14 16:45:24 - ========== COMMISSION.PHP STARTED ==========
2026-03-14 16:45:24 - Bet amount: 5000, User ID: 1175879
2026-03-14 16:45:24 - Level commissions: L1=20, L2=12.5, L3=4, L4=0.5, L5=0.25, L6=0.1
2026-03-14 16:45:24 - Codes query: SELECT code, code1, code2, code3, code4, code5 FROM shonu_subjects WHERE id = '1175879'
2026-03-14 16:45:24 - Referral codes: code=7384791175875, code1=400660113602, code2=116629030908, code3=official, code4=, code5=
2026-03-14 16:45:24 - Next process date: 2026-03-15
2026-03-14 16:45:24 - Level1 - Find upline query: SELECT id FROM shonu_subjects WHERE owncode = '7384791175875'
2026-03-14 16:45:24 - Level1 - Upline found: 1175875
2026-03-14 16:45:24 - Level1 - Insert query: INSERT INTO vyavahara (
            balakedara, ketebida, prakara, purba, bartaman, ayoga, koduvavanu, tiarikala, commission_status, process_date
        ) VALUES (
            '1175875', '5000', 'LVLCOMM1', '20000', '20020', '20', '1175879', '2026-03-14 16:45:24', 0, '2026-03-15'
        )
2026-03-14 16:45:24 - Level1 - ✅ INSERT SUCCESSFUL
2026-03-14 16:45:24 - Level2 - Find upline query: SELECT id FROM shonu_subjects WHERE owncode = '400660113602'
2026-03-14 16:45:24 - Level2 - Upline found: 113607
2026-03-14 16:45:24 - Level2 - Insert query: INSERT INTO vyavahara (
            balakedara, ketebida, prakara, purba, bartaman, ayoga, koduvavanu, tiarikala, commission_status, process_date
        ) VALUES (
            '113607', '5000', 'LVLCOMM2', '19200981.17274', '19200993.67274', '12.5', '1175879', '2026-03-14 16:45:24', 0, '2026-03-15'
        )
2026-03-14 16:45:24 - Level2 - ✅ INSERT SUCCESSFUL
2026-03-14 16:45:24 - Level3 - Find upline query: SELECT id FROM shonu_subjects WHERE owncode = '116629030908'
2026-03-14 16:45:24 - Level3 - Upline found: 113033
2026-03-14 16:45:24 - Level3 - Insert query: INSERT INTO vyavahara (
            balakedara, ketebida, prakara, purba, bartaman, ayoga, koduvavanu, tiarikala, commission_status, process_date
        ) VALUES (
            '113033', '5000', 'LVLCOMM3', '10539.65049', '10543.65049', '4', '1175879', '2026-03-14 16:45:24', 0, '2026-03-15'
        )
2026-03-14 16:45:24 - Level3 - ✅ INSERT SUCCESSFUL
2026-03-14 16:45:24 - ========== COMMISSION.PHP ENDED ==========

2026-03-14 16:45:55 - ========== COMMISSION.PHP STARTED ==========
2026-03-14 16:45:55 - Bet amount: 15000, User ID: 1175879
2026-03-14 16:45:55 - Level commissions: L1=60, L2=37.5, L3=12, L4=1.5, L5=0.75, L6=0.3
2026-03-14 16:45:55 - Codes query: SELECT code, code1, code2, code3, code4, code5 FROM shonu_subjects WHERE id = '1175879'
2026-03-14 16:45:55 - Referral codes: code=7384791175875, code1=400660113602, code2=116629030908, code3=official, code4=, code5=
2026-03-14 16:45:55 - Next process date: 2026-03-15
2026-03-14 16:45:55 - Level1 - Find upline query: SELECT id FROM shonu_subjects WHERE owncode = '7384791175875'
2026-03-14 16:45:55 - Level1 - Upline found: 1175875
2026-03-14 16:45:55 - Level1 - Insert query: INSERT INTO vyavahara (
            balakedara, ketebida, prakara, purba, bartaman, ayoga, koduvavanu, tiarikala, commission_status, process_date
        ) VALUES (
            '1175875', '15000', 'LVLCOMM1', '20000', '20060', '60', '1175879', '2026-03-14 16:45:55', 0, '2026-03-15'
        )
2026-03-14 16:45:55 - Level1 - ✅ INSERT SUCCESSFUL
2026-03-14 16:45:55 - Level2 - Find upline query: SELECT id FROM shonu_subjects WHERE owncode = '400660113602'
2026-03-14 16:45:55 - Level2 - Upline found: 113607
2026-03-14 16:45:55 - Level2 - Insert query: INSERT INTO vyavahara (
            balakedara, ketebida, prakara, purba, bartaman, ayoga, koduvavanu, tiarikala, commission_status, process_date
        ) VALUES (
            '113607', '15000', 'LVLCOMM2', '19200981.17274', '19201018.67274', '37.5', '1175879', '2026-03-14 16:45:55', 0, '2026-03-15'
        )
2026-03-14 16:45:55 - Level2 - ✅ INSERT SUCCESSFUL
2026-03-14 16:45:55 - Level3 - Find upline query: SELECT id FROM shonu_subjects WHERE owncode = '116629030908'
2026-03-14 16:45:55 - Level3 - Upline found: 113033
2026-03-14 16:45:55 - Level3 - Insert query: INSERT INTO vyavahara (
            balakedara, ketebida, prakara, purba, bartaman, ayoga, koduvavanu, tiarikala, commission_status, process_date
        ) VALUES (
            '113033', '15000', 'LVLCOMM3', '10539.65049', '10551.65049', '12', '1175879', '2026-03-14 16:45:55', 0, '2026-03-15'
        )
2026-03-14 16:45:55 - Level3 - ✅ INSERT SUCCESSFUL
2026-03-14 16:45:55 - ========== COMMISSION.PHP ENDED ==========

2026-03-14 16:46:48 - ========== COMMISSION.PHP STARTED ==========
2026-03-14 16:46:48 - Bet amount: 20000, User ID: 1175879
2026-03-14 16:46:48 - Level commissions: L1=80, L2=50, L3=16, L4=2, L5=1, L6=0.4
2026-03-14 16:46:48 - Codes query: SELECT code, code1, code2, code3, code4, code5 FROM shonu_subjects WHERE id = '1175879'
2026-03-14 16:46:48 - Referral codes: code=7384791175875, code1=400660113602, code2=116629030908, code3=official, code4=, code5=
2026-03-14 16:46:48 - Next process date: 2026-03-15
2026-03-14 16:46:48 - Level1 - Find upline query: SELECT id FROM shonu_subjects WHERE owncode = '7384791175875'
2026-03-14 16:46:48 - Level1 - Upline found: 1175875
2026-03-14 16:46:48 - Level1 - Insert query: INSERT INTO vyavahara (
            balakedara, ketebida, prakara, purba, bartaman, ayoga, koduvavanu, tiarikala, commission_status, process_date
        ) VALUES (
            '1175875', '20000', 'LVLCOMM1', '20000', '20080', '80', '1175879', '2026-03-14 16:46:48', 0, '2026-03-15'
        )
2026-03-14 16:46:48 - Level1 - ✅ INSERT SUCCESSFUL
2026-03-14 16:46:48 - Level2 - Find upline query: SELECT id FROM shonu_subjects WHERE owncode = '400660113602'
2026-03-14 16:46:48 - Level2 - Upline found: 113607
2026-03-14 16:46:48 - Level2 - Insert query: INSERT INTO vyavahara (
            balakedara, ketebida, prakara, purba, bartaman, ayoga, koduvavanu, tiarikala, commission_status, process_date
        ) VALUES (
            '113607', '20000', 'LVLCOMM2', '19200981.17274', '19201031.17274', '50', '1175879', '2026-03-14 16:46:48', 0, '2026-03-15'
        )
2026-03-14 16:46:48 - Level2 - ✅ INSERT SUCCESSFUL
2026-03-14 16:46:48 - Level3 - Find upline query: SELECT id FROM shonu_subjects WHERE owncode = '116629030908'
2026-03-14 16:46:48 - Level3 - Upline found: 113033
2026-03-14 16:46:48 - Level3 - Insert query: INSERT INTO vyavahara (
            balakedara, ketebida, prakara, purba, bartaman, ayoga, koduvavanu, tiarikala, commission_status, process_date
        ) VALUES (
            '113033', '20000', 'LVLCOMM3', '10539.65049', '10555.65049', '16', '1175879', '2026-03-14 16:46:48', 0, '2026-03-15'
        )
2026-03-14 16:46:48 - Level3 - ✅ INSERT SUCCESSFUL
2026-03-14 16:46:48 - ========== COMMISSION.PHP ENDED ==========

2026-03-14 16:47:23 - ========== COMMISSION.PHP STARTED ==========
2026-03-14 16:47:23 - Bet amount: 20000, User ID: 1175879
2026-03-14 16:47:23 - Level commissions: L1=80, L2=50, L3=16, L4=2, L5=1, L6=0.4
2026-03-14 16:47:23 - Codes query: SELECT code, code1, code2, code3, code4, code5 FROM shonu_subjects WHERE id = '1175879'
2026-03-14 16:47:23 - Referral codes: code=7384791175875, code1=400660113602, code2=116629030908, code3=official, code4=, code5=
2026-03-14 16:47:23 - Next process date: 2026-03-15
2026-03-14 16:47:23 - Level1 - Find upline query: SELECT id FROM shonu_subjects WHERE owncode = '7384791175875'
2026-03-14 16:47:23 - Level1 - Upline found: 1175875
2026-03-14 16:47:23 - Level1 - Insert query: INSERT INTO vyavahara (
            balakedara, ketebida, prakara, purba, bartaman, ayoga, koduvavanu, tiarikala, commission_status, process_date
        ) VALUES (
            '1175875', '20000', 'LVLCOMM1', '20000', '20080', '80', '1175879', '2026-03-14 16:47:23', 0, '2026-03-15'
        )
2026-03-14 16:47:23 - Level1 - ✅ INSERT SUCCESSFUL
2026-03-14 16:47:23 - Level2 - Find upline query: SELECT id FROM shonu_subjects WHERE owncode = '400660113602'
2026-03-14 16:47:23 - Level2 - Upline found: 113607
2026-03-14 16:47:23 - Level2 - Insert query: INSERT INTO vyavahara (
            balakedara, ketebida, prakara, purba, bartaman, ayoga, koduvavanu, tiarikala, commission_status, process_date
        ) VALUES (
            '113607', '20000', 'LVLCOMM2', '19200981.17274', '19201031.17274', '50', '1175879', '2026-03-14 16:47:23', 0, '2026-03-15'
        )
2026-03-14 16:47:23 - Level2 - ✅ INSERT SUCCESSFUL
2026-03-14 16:47:23 - Level3 - Find upline query: SELECT id FROM shonu_subjects WHERE owncode = '116629030908'
2026-03-14 16:47:23 - Level3 - Upline found: 113033
2026-03-14 16:47:23 - Level3 - Insert query: INSERT INTO vyavahara (
            balakedara, ketebida, prakara, purba, bartaman, ayoga, koduvavanu, tiarikala, commission_status, process_date
        ) VALUES (
            '113033', '20000', 'LVLCOMM3', '10539.65049', '10555.65049', '16', '1175879', '2026-03-14 16:47:23', 0, '2026-03-15'
        )
2026-03-14 16:47:23 - Level3 - ✅ INSERT SUCCESSFUL
2026-03-14 16:47:23 - ========== COMMISSION.PHP ENDED ==========

2026-03-14 16:47:52 - ========== COMMISSION.PHP STARTED ==========
2026-03-14 16:47:52 - Bet amount: 50, User ID: 1175879
2026-03-14 16:47:52 - Level commissions: L1=0.2, L2=0.125, L3=0.04, L4=0.005, L5=0.0025, L6=0.001
2026-03-14 16:47:52 - Codes query: SELECT code, code1, code2, code3, code4, code5 FROM shonu_subjects WHERE id = '1175879'
2026-03-14 16:47:52 - Referral codes: code=7384791175875, code1=400660113602, code2=116629030908, code3=official, code4=, code5=
2026-03-14 16:47:52 - Next process date: 2026-03-15
2026-03-14 16:47:52 - Level1 - Find upline query: SELECT id FROM shonu_subjects WHERE owncode = '7384791175875'
2026-03-14 16:47:52 - Level1 - Upline found: 1175875
2026-03-14 16:47:52 - Level1 - Insert query: INSERT INTO vyavahara (
            balakedara, ketebida, prakara, purba, bartaman, ayoga, koduvavanu, tiarikala, commission_status, process_date
        ) VALUES (
            '1175875', '50', 'LVLCOMM1', '20000', '20000.2', '0.2', '1175879', '2026-03-14 16:47:52', 0, '2026-03-15'
        )
2026-03-14 16:47:52 - Level1 - ✅ INSERT SUCCESSFUL
2026-03-14 16:47:52 - Level2 - Find upline query: SELECT id FROM shonu_subjects WHERE owncode = '400660113602'
2026-03-14 16:47:52 - Level2 - Upline found: 113607
2026-03-14 16:47:52 - Level2 - Insert query: INSERT INTO vyavahara (
            balakedara, ketebida, prakara, purba, bartaman, ayoga, koduvavanu, tiarikala, commission_status, process_date
        ) VALUES (
            '113607', '50', 'LVLCOMM2', '19200981.17274', '19200981.29774', '0.125', '1175879', '2026-03-14 16:47:52', 0, '2026-03-15'
        )
2026-03-14 16:47:52 - Level2 - ✅ INSERT SUCCESSFUL
2026-03-14 16:47:52 - Level3 - Find upline query: SELECT id FROM shonu_subjects WHERE owncode = '116629030908'
2026-03-14 16:47:52 - Level3 - Upline found: 113033
2026-03-14 16:47:52 - Level3 - Insert query: INSERT INTO vyavahara (
            balakedara, ketebida, prakara, purba, bartaman, ayoga, koduvavanu, tiarikala, commission_status, process_date
        ) VALUES (
            '113033', '50', 'LVLCOMM3', '10539.65049', '10539.69049', '0.04', '1175879', '2026-03-14 16:47:52', 0, '2026-03-15'
        )
2026-03-14 16:47:52 - Level3 - ✅ INSERT SUCCESSFUL
2026-03-14 16:47:52 - ========== COMMISSION.PHP ENDED ==========

2026-03-14 16:48:19 - ========== COMMISSION.PHP STARTED ==========
2026-03-14 16:48:19 - Bet amount: 1000, User ID: 1175879
2026-03-14 16:48:19 - Level commissions: L1=4, L2=2.5, L3=0.8, L4=0.1, L5=0.05, L6=0.02
2026-03-14 16:48:19 - Codes query: SELECT code, code1, code2, code3, code4, code5 FROM shonu_subjects WHERE id = '1175879'
2026-03-14 16:48:19 - Referral codes: code=7384791175875, code1=400660113602, code2=116629030908, code3=official, code4=, code5=
2026-03-14 16:48:19 - Next process date: 2026-03-15
2026-03-14 16:48:19 - Level1 - Find upline query: SELECT id FROM shonu_subjects WHERE owncode = '7384791175875'
2026-03-14 16:48:19 - Level1 - Upline found: 1175875
2026-03-14 16:48:19 - Level1 - Insert query: INSERT INTO vyavahara (
            balakedara, ketebida, prakara, purba, bartaman, ayoga, koduvavanu, tiarikala, commission_status, process_date
        ) VALUES (
            '1175875', '1000', 'LVLCOMM1', '20000', '20004', '4', '1175879', '2026-03-14 16:48:19', 0, '2026-03-15'
        )
2026-03-14 16:48:19 - Level1 - ✅ INSERT SUCCESSFUL
2026-03-14 16:48:19 - Level2 - Find upline query: SELECT id FROM shonu_subjects WHERE owncode = '400660113602'
2026-03-14 16:48:19 - Level2 - Upline found: 113607
2026-03-14 16:48:19 - Level2 - Insert query: INSERT INTO vyavahara (
            balakedara, ketebida, prakara, purba, bartaman, ayoga, koduvavanu, tiarikala, commission_status, process_date
        ) VALUES (
            '113607', '1000', 'LVLCOMM2', '19200981.17274', '19200983.67274', '2.5', '1175879', '2026-03-14 16:48:19', 0, '2026-03-15'
        )
2026-03-14 16:48:19 - Level2 - ✅ INSERT SUCCESSFUL
2026-03-14 16:48:19 - Level3 - Find upline query: SELECT id FROM shonu_subjects WHERE owncode = '116629030908'
2026-03-14 16:48:19 - Level3 - Upline found: 113033
2026-03-14 16:48:19 - Level3 - Insert query: INSERT INTO vyavahara (
            balakedara, ketebida, prakara, purba, bartaman, ayoga, koduvavanu, tiarikala, commission_status, process_date
        ) VALUES (
            '113033', '1000', 'LVLCOMM3', '10539.65049', '10540.45049', '0.8', '1175879', '2026-03-14 16:48:19', 0, '2026-03-15'
        )
2026-03-14 16:48:19 - Level3 - ✅ INSERT SUCCESSFUL
2026-03-14 16:48:19 - ========== COMMISSION.PHP ENDED ==========

2026-03-14 16:54:15 - ========== COMMISSION.PHP STARTED ==========
2026-03-14 16:54:15 - Bet amount: 1000, User ID: 1175879
2026-03-14 16:54:15 - Level commissions: L1=4, L2=2.5, L3=0.8, L4=0.1, L5=0.05, L6=0.02
2026-03-14 16:54:15 - Codes query: SELECT code, code1, code2, code3, code4, code5 FROM shonu_subjects WHERE id = '1175879'
2026-03-14 16:54:15 - Referral codes: code=7384791175875, code1=400660113602, code2=116629030908, code3=official, code4=, code5=
2026-03-14 16:54:15 - Next process date: 2026-03-15
2026-03-14 16:54:15 - Level1 - Find upline query: SELECT id FROM shonu_subjects WHERE owncode = '7384791175875'
2026-03-14 16:54:15 - Level1 - Upline found: 1175875
2026-03-14 16:54:15 - Level1 - Insert query: INSERT INTO vyavahara (
            balakedara, ketebida, prakara, purba, bartaman, ayoga, koduvavanu, tiarikala, commission_status, process_date
        ) VALUES (
            '1175875', '1000', 'LVLCOMM1', '20000', '20004', '4', '1175879', '2026-03-14 16:54:15', 0, '2026-03-15'
        )
2026-03-14 16:54:15 - Level1 - ✅ INSERT SUCCESSFUL
2026-03-14 16:54:15 - Level2 - Find upline query: SELECT id FROM shonu_subjects WHERE owncode = '400660113602'
2026-03-14 16:54:15 - Level2 - Upline found: 113607
2026-03-14 16:54:15 - Level2 - Insert query: INSERT INTO vyavahara (
            balakedara, ketebida, prakara, purba, bartaman, ayoga, koduvavanu, tiarikala, commission_status, process_date
        ) VALUES (
            '113607', '1000', 'LVLCOMM2', '19200981.17274', '19200983.67274', '2.5', '1175879', '2026-03-14 16:54:15', 0, '2026-03-15'
        )
2026-03-14 16:54:15 - Level2 - ✅ INSERT SUCCESSFUL
2026-03-14 16:54:15 - Level3 - Find upline query: SELECT id FROM shonu_subjects WHERE owncode = '116629030908'
2026-03-14 16:54:15 - Level3 - Upline found: 113033
2026-03-14 16:54:15 - Level3 - Insert query: INSERT INTO vyavahara (
            balakedara, ketebida, prakara, purba, bartaman, ayoga, koduvavanu, tiarikala, commission_status, process_date
        ) VALUES (
            '113033', '1000', 'LVLCOMM3', '10539.65049', '10540.45049', '0.8', '1175879', '2026-03-14 16:54:15', 0, '2026-03-15'
        )
2026-03-14 16:54:15 - Level3 - ✅ INSERT SUCCESSFUL
2026-03-14 16:54:15 - ========== COMMISSION.PHP ENDED ==========

2026-03-14 16:54:44 - ========== COMMISSION.PHP STARTED ==========
2026-03-14 16:54:44 - Bet amount: 3000, User ID: 1175879
2026-03-14 16:54:44 - Level commissions: L1=12, L2=7.5, L3=2.4, L4=0.3, L5=0.15, L6=0.06
2026-03-14 16:54:44 - Codes query: SELECT code, code1, code2, code3, code4, code5 FROM shonu_subjects WHERE id = '1175879'
2026-03-14 16:54:44 - Referral codes: code=7384791175875, code1=400660113602, code2=116629030908, code3=official, code4=, code5=
2026-03-14 16:54:44 - Next process date: 2026-03-15
2026-03-14 16:54:44 - Level1 - Find upline query: SELECT id FROM shonu_subjects WHERE owncode = '7384791175875'
2026-03-14 16:54:44 - Level1 - Upline found: 1175875
2026-03-14 16:54:44 - Level1 - Insert query: INSERT INTO vyavahara (
            balakedara, ketebida, prakara, purba, bartaman, ayoga, koduvavanu, tiarikala, commission_status, process_date
        ) VALUES (
            '1175875', '3000', 'LVLCOMM1', '20000', '20012', '12', '1175879', '2026-03-14 16:54:44', 0, '2026-03-15'
        )
2026-03-14 16:54:44 - Level1 - ✅ INSERT SUCCESSFUL
2026-03-14 16:54:44 - Level2 - Find upline query: SELECT id FROM shonu_subjects WHERE owncode = '400660113602'
2026-03-14 16:54:44 - Level2 - Upline found: 113607
2026-03-14 16:54:44 - Level2 - Insert query: INSERT INTO vyavahara (
            balakedara, ketebida, prakara, purba, bartaman, ayoga, koduvavanu, tiarikala, commission_status, process_date
        ) VALUES (
            '113607', '3000', 'LVLCOMM2', '19200981.17274', '19200988.67274', '7.5', '1175879', '2026-03-14 16:54:44', 0, '2026-03-15'
        )
2026-03-14 16:54:44 - Level2 - ✅ INSERT SUCCESSFUL
2026-03-14 16:54:44 - Level3 - Find upline query: SELECT id FROM shonu_subjects WHERE owncode = '116629030908'
2026-03-14 16:54:44 - Level3 - Upline found: 113033
2026-03-14 16:54:44 - Level3 - Insert query: INSERT INTO vyavahara (
            balakedara, ketebida, prakara, purba, bartaman, ayoga, koduvavanu, tiarikala, commission_status, process_date
        ) VALUES (
            '113033', '3000', 'LVLCOMM3', '10539.65049', '10542.05049', '2.4', '1175879', '2026-03-14 16:54:44', 0, '2026-03-15'
        )
2026-03-14 16:54:44 - Level3 - ✅ INSERT SUCCESSFUL
2026-03-14 16:54:44 - ========== COMMISSION.PHP ENDED ==========

2026-03-14 16:55:25 - ========== COMMISSION.PHP STARTED ==========
2026-03-14 16:55:25 - Bet amount: 1, User ID: 1175879
2026-03-14 16:55:25 - Level commissions: L1=0.004, L2=0.0025, L3=0.0008, L4=0.0001, L5=5.0E-5, L6=2.0E-5
2026-03-14 16:55:25 - Codes query: SELECT code, code1, code2, code3, code4, code5 FROM shonu_subjects WHERE id = '1175879'
2026-03-14 16:55:25 - Referral codes: code=7384791175875, code1=400660113602, code2=116629030908, code3=official, code4=, code5=
2026-03-14 16:55:25 - Next process date: 2026-03-15
2026-03-14 16:55:25 - Level1 - Find upline query: SELECT id FROM shonu_subjects WHERE owncode = '7384791175875'
2026-03-14 16:55:25 - Level1 - Upline found: 1175875
2026-03-14 16:55:25 - Level1 - Insert query: INSERT INTO vyavahara (
            balakedara, ketebida, prakara, purba, bartaman, ayoga, koduvavanu, tiarikala, commission_status, process_date
        ) VALUES (
            '1175875', '1', 'LVLCOMM1', '20000', '20000.004', '0.004', '1175879', '2026-03-14 16:55:25', 0, '2026-03-15'
        )
2026-03-14 16:55:25 - Level1 - ✅ INSERT SUCCESSFUL
2026-03-14 16:55:25 - Level2 - Find upline query: SELECT id FROM shonu_subjects WHERE owncode = '400660113602'
2026-03-14 16:55:25 - Level2 - Upline found: 113607
2026-03-14 16:55:25 - Level2 - Insert query: INSERT INTO vyavahara (
            balakedara, ketebida, prakara, purba, bartaman, ayoga, koduvavanu, tiarikala, commission_status, process_date
        ) VALUES (
            '113607', '1', 'LVLCOMM2', '19200981.17274', '19200981.17524', '0.0025', '1175879', '2026-03-14 16:55:25', 0, '2026-03-15'
        )
2026-03-14 16:55:25 - Level2 - ✅ INSERT SUCCESSFUL
2026-03-14 16:55:25 - Level3 - Find upline query: SELECT id FROM shonu_subjects WHERE owncode = '116629030908'
2026-03-14 16:55:25 - Level3 - Upline found: 113033
2026-03-14 16:55:25 - Level3 - Insert query: INSERT INTO vyavahara (
            balakedara, ketebida, prakara, purba, bartaman, ayoga, koduvavanu, tiarikala, commission_status, process_date
        ) VALUES (
            '113033', '1', 'LVLCOMM3', '10539.65049', '10539.65129', '0.0008', '1175879', '2026-03-14 16:55:25', 0, '2026-03-15'
        )
2026-03-14 16:55:25 - Level3 - ✅ INSERT SUCCESSFUL
2026-03-14 16:55:25 - ========== COMMISSION.PHP ENDED ==========

2026-03-14 16:55:50 - ========== COMMISSION.PHP STARTED ==========
2026-03-14 16:55:50 - Bet amount: 20000, User ID: 1175879
2026-03-14 16:55:50 - Level commissions: L1=80, L2=50, L3=16, L4=2, L5=1, L6=0.4
2026-03-14 16:55:50 - Codes query: SELECT code, code1, code2, code3, code4, code5 FROM shonu_subjects WHERE id = '1175879'
2026-03-14 16:55:50 - Referral codes: code=7384791175875, code1=400660113602, code2=116629030908, code3=official, code4=, code5=
2026-03-14 16:55:50 - Next process date: 2026-03-15
2026-03-14 16:55:50 - Level1 - Find upline query: SELECT id FROM shonu_subjects WHERE owncode = '7384791175875'
2026-03-14 16:55:50 - Level1 - Upline found: 1175875
2026-03-14 16:55:50 - Level1 - Insert query: INSERT INTO vyavahara (
            balakedara, ketebida, prakara, purba, bartaman, ayoga, koduvavanu, tiarikala, commission_status, process_date
        ) VALUES (
            '1175875', '20000', 'LVLCOMM1', '20000', '20080', '80', '1175879', '2026-03-14 16:55:50', 0, '2026-03-15'
        )
2026-03-14 16:55:50 - Level1 - ✅ INSERT SUCCESSFUL
2026-03-14 16:55:50 - Level2 - Find upline query: SELECT id FROM shonu_subjects WHERE owncode = '400660113602'
2026-03-14 16:55:50 - Level2 - Upline found: 113607
2026-03-14 16:55:50 - Level2 - Insert query: INSERT INTO vyavahara (
            balakedara, ketebida, prakara, purba, bartaman, ayoga, koduvavanu, tiarikala, commission_status, process_date
        ) VALUES (
            '113607', '20000', 'LVLCOMM2', '19200981.17274', '19201031.17274', '50', '1175879', '2026-03-14 16:55:50', 0, '2026-03-15'
        )
2026-03-14 16:55:50 - Level2 - ✅ INSERT SUCCESSFUL
2026-03-14 16:55:50 - Level3 - Find upline query: SELECT id FROM shonu_subjects WHERE owncode = '116629030908'
2026-03-14 16:55:50 - Level3 - Upline found: 113033
2026-03-14 16:55:50 - Level3 - Insert query: INSERT INTO vyavahara (
            balakedara, ketebida, prakara, purba, bartaman, ayoga, koduvavanu, tiarikala, commission_status, process_date
        ) VALUES (
            '113033', '20000', 'LVLCOMM3', '10539.65049', '10555.65049', '16', '1175879', '2026-03-14 16:55:50', 0, '2026-03-15'
        )
2026-03-14 16:55:50 - Level3 - ✅ INSERT SUCCESSFUL
2026-03-14 16:55:50 - ========== COMMISSION.PHP ENDED ==========

2026-03-14 16:56:24 - ========== COMMISSION.PHP STARTED ==========
2026-03-14 16:56:24 - Bet amount: 20000, User ID: 1175879
2026-03-14 16:56:24 - Level commissions: L1=80, L2=50, L3=16, L4=2, L5=1, L6=0.4
2026-03-14 16:56:24 - Codes query: SELECT code, code1, code2, code3, code4, code5 FROM shonu_subjects WHERE id = '1175879'
2026-03-14 16:56:24 - Referral codes: code=7384791175875, code1=400660113602, code2=116629030908, code3=official, code4=, code5=
2026-03-14 16:56:24 - Next process date: 2026-03-15
2026-03-14 16:56:24 - Level1 - Find upline query: SELECT id FROM shonu_subjects WHERE owncode = '7384791175875'
2026-03-14 16:56:24 - Level1 - Upline found: 1175875
2026-03-14 16:56:24 - Level1 - Insert query: INSERT INTO vyavahara (
            balakedara, ketebida, prakara, purba, bartaman, ayoga, koduvavanu, tiarikala, commission_status, process_date
        ) VALUES (
            '1175875', '20000', 'LVLCOMM1', '20000', '20080', '80', '1175879', '2026-03-14 16:56:24', 0, '2026-03-15'
        )
2026-03-14 16:56:24 - Level1 - ✅ INSERT SUCCESSFUL
2026-03-14 16:56:24 - Level2 - Find upline query: SELECT id FROM shonu_subjects WHERE owncode = '400660113602'
2026-03-14 16:56:24 - Level2 - Upline found: 113607
2026-03-14 16:56:24 - Level2 - Insert query: INSERT INTO vyavahara (
            balakedara, ketebida, prakara, purba, bartaman, ayoga, koduvavanu, tiarikala, commission_status, process_date
        ) VALUES (
            '113607', '20000', 'LVLCOMM2', '19200981.17274', '19201031.17274', '50', '1175879', '2026-03-14 16:56:24', 0, '2026-03-15'
        )
2026-03-14 16:56:24 - Level2 - ✅ INSERT SUCCESSFUL
2026-03-14 16:56:24 - Level3 - Find upline query: SELECT id FROM shonu_subjects WHERE owncode = '116629030908'
2026-03-14 16:56:24 - Level3 - Upline found: 113033
2026-03-14 16:56:24 - Level3 - Insert query: INSERT INTO vyavahara (
            balakedara, ketebida, prakara, purba, bartaman, ayoga, koduvavanu, tiarikala, commission_status, process_date
        ) VALUES (
            '113033', '20000', 'LVLCOMM3', '10539.65049', '10555.65049', '16', '1175879', '2026-03-14 16:56:24', 0, '2026-03-15'
        )
2026-03-14 16:56:24 - Level3 - ✅ INSERT SUCCESSFUL
2026-03-14 16:56:24 - ========== COMMISSION.PHP ENDED ==========

2026-03-14 16:56:53 - ========== COMMISSION.PHP STARTED ==========
2026-03-14 16:56:53 - Bet amount: 16000, User ID: 1175879
2026-03-14 16:56:53 - Level commissions: L1=64, L2=40, L3=12.8, L4=1.6, L5=0.8, L6=0.32
2026-03-14 16:56:53 - Codes query: SELECT code, code1, code2, code3, code4, code5 FROM shonu_subjects WHERE id = '1175879'
2026-03-14 16:56:53 - Referral codes: code=7384791175875, code1=400660113602, code2=116629030908, code3=official, code4=, code5=
2026-03-14 16:56:53 - Next process date: 2026-03-15
2026-03-14 16:56:53 - Level1 - Find upline query: SELECT id FROM shonu_subjects WHERE owncode = '7384791175875'
2026-03-14 16:56:53 - Level1 - Upline found: 1175875
2026-03-14 16:56:53 - Level1 - Insert query: INSERT INTO vyavahara (
            balakedara, ketebida, prakara, purba, bartaman, ayoga, koduvavanu, tiarikala, commission_status, process_date
        ) VALUES (
            '1175875', '16000', 'LVLCOMM1', '20000', '20064', '64', '1175879', '2026-03-14 16:56:53', 0, '2026-03-15'
        )
2026-03-14 16:56:53 - Level1 - ✅ INSERT SUCCESSFUL
2026-03-14 16:56:53 - Level2 - Find upline query: SELECT id FROM shonu_subjects WHERE owncode = '400660113602'
2026-03-14 16:56:53 - Level2 - Upline found: 113607
2026-03-14 16:56:53 - Level2 - Insert query: INSERT INTO vyavahara (
            balakedara, ketebida, prakara, purba, bartaman, ayoga, koduvavanu, tiarikala, commission_status, process_date
        ) VALUES (
            '113607', '16000', 'LVLCOMM2', '19200981.17274', '19201021.17274', '40', '1175879', '2026-03-14 16:56:53', 0, '2026-03-15'
        )
2026-03-14 16:56:53 - Level2 - ✅ INSERT SUCCESSFUL
2026-03-14 16:56:53 - Level3 - Find upline query: SELECT id FROM shonu_subjects WHERE owncode = '116629030908'
2026-03-14 16:56:53 - Level3 - Upline found: 113033
2026-03-14 16:56:53 - Level3 - Insert query: INSERT INTO vyavahara (
            balakedara, ketebida, prakara, purba, bartaman, ayoga, koduvavanu, tiarikala, commission_status, process_date
        ) VALUES (
            '113033', '16000', 'LVLCOMM3', '10539.65049', '10552.45049', '12.8', '1175879', '2026-03-14 16:56:53', 0, '2026-03-15'
        )
2026-03-14 16:56:53 - Level3 - ✅ INSERT SUCCESSFUL
2026-03-14 16:56:53 - ========== COMMISSION.PHP ENDED ==========

2026-03-14 16:57:19 - ========== COMMISSION.PHP STARTED ==========
2026-03-14 16:57:19 - Bet amount: 20000, User ID: 1175879
2026-03-14 16:57:19 - Level commissions: L1=80, L2=50, L3=16, L4=2, L5=1, L6=0.4
2026-03-14 16:57:19 - Codes query: SELECT code, code1, code2, code3, code4, code5 FROM shonu_subjects WHERE id = '1175879'
2026-03-14 16:57:19 - Referral codes: code=7384791175875, code1=400660113602, code2=116629030908, code3=official, code4=, code5=
2026-03-14 16:57:19 - Next process date: 2026-03-15
2026-03-14 16:57:19 - Level1 - Find upline query: SELECT id FROM shonu_subjects WHERE owncode = '7384791175875'
2026-03-14 16:57:19 - Level1 - Upline found: 1175875
2026-03-14 16:57:19 - Level1 - Insert query: INSERT INTO vyavahara (
            balakedara, ketebida, prakara, purba, bartaman, ayoga, koduvavanu, tiarikala, commission_status, process_date
        ) VALUES (
            '1175875', '20000', 'LVLCOMM1', '20000', '20080', '80', '1175879', '2026-03-14 16:57:19', 0, '2026-03-15'
        )
2026-03-14 16:57:19 - Level1 - ✅ INSERT SUCCESSFUL
2026-03-14 16:57:19 - Level2 - Find upline query: SELECT id FROM shonu_subjects WHERE owncode = '400660113602'
2026-03-14 16:57:19 - Level2 - Upline found: 113607
2026-03-14 16:57:19 - Level2 - Insert query: INSERT INTO vyavahara (
            balakedara, ketebida, prakara, purba, bartaman, ayoga, koduvavanu, tiarikala, commission_status, process_date
        ) VALUES (
            '113607', '20000', 'LVLCOMM2', '19200981.17274', '19201031.17274', '50', '1175879', '2026-03-14 16:57:19', 0, '2026-03-15'
        )
2026-03-14 16:57:19 - Level2 - ✅ INSERT SUCCESSFUL
2026-03-14 16:57:19 - Level3 - Find upline query: SELECT id FROM shonu_subjects WHERE owncode = '116629030908'
2026-03-14 16:57:19 - Level3 - Upline found: 113033
2026-03-14 16:57:19 - Level3 - Insert query: INSERT INTO vyavahara (
            balakedara, ketebida, prakara, purba, bartaman, ayoga, koduvavanu, tiarikala, commission_status, process_date
        ) VALUES (
            '113033', '20000', 'LVLCOMM3', '10539.65049', '10555.65049', '16', '1175879', '2026-03-14 16:57:19', 0, '2026-03-15'
        )
2026-03-14 16:57:19 - Level3 - ✅ INSERT SUCCESSFUL
2026-03-14 16:57:19 - ========== COMMISSION.PHP ENDED ==========

2026-03-14 16:57:51 - ========== COMMISSION.PHP STARTED ==========
2026-03-14 16:57:51 - Bet amount: 20000, User ID: 1175879
2026-03-14 16:57:51 - Level commissions: L1=80, L2=50, L3=16, L4=2, L5=1, L6=0.4
2026-03-14 16:57:51 - Codes query: SELECT code, code1, code2, code3, code4, code5 FROM shonu_subjects WHERE id = '1175879'
2026-03-14 16:57:51 - Referral codes: code=7384791175875, code1=400660113602, code2=116629030908, code3=official, code4=, code5=
2026-03-14 16:57:51 - Next process date: 2026-03-15
2026-03-14 16:57:51 - Level1 - Find upline query: SELECT id FROM shonu_subjects WHERE owncode = '7384791175875'
2026-03-14 16:57:51 - Level1 - Upline found: 1175875
2026-03-14 16:57:51 - Level1 - Insert query: INSERT INTO vyavahara (
            balakedara, ketebida, prakara, purba, bartaman, ayoga, koduvavanu, tiarikala, commission_status, process_date
        ) VALUES (
            '1175875', '20000', 'LVLCOMM1', '20000', '20080', '80', '1175879', '2026-03-14 16:57:51', 0, '2026-03-15'
        )
2026-03-14 16:57:51 - Level1 - ✅ INSERT SUCCESSFUL
2026-03-14 16:57:51 - Level2 - Find upline query: SELECT id FROM shonu_subjects WHERE owncode = '400660113602'
2026-03-14 16:57:51 - Level2 - Upline found: 113607
2026-03-14 16:57:51 - Level2 - Insert query: INSERT INTO vyavahara (
            balakedara, ketebida, prakara, purba, bartaman, ayoga, koduvavanu, tiarikala, commission_status, process_date
        ) VALUES (
            '113607', '20000', 'LVLCOMM2', '19200981.17274', '19201031.17274', '50', '1175879', '2026-03-14 16:57:51', 0, '2026-03-15'
        )
2026-03-14 16:57:51 - Level2 - ✅ INSERT SUCCESSFUL
2026-03-14 16:57:51 - Level3 - Find upline query: SELECT id FROM shonu_subjects WHERE owncode = '116629030908'
2026-03-14 16:57:51 - Level3 - Upline found: 113033
2026-03-14 16:57:51 - Level3 - Insert query: INSERT INTO vyavahara (
            balakedara, ketebida, prakara, purba, bartaman, ayoga, koduvavanu, tiarikala, commission_status, process_date
        ) VALUES (
            '113033', '20000', 'LVLCOMM3', '10539.65049', '10555.65049', '16', '1175879', '2026-03-14 16:57:51', 0, '2026-03-15'
        )
2026-03-14 16:57:51 - Level3 - ✅ INSERT SUCCESSFUL
2026-03-14 16:57:51 - ========== COMMISSION.PHP ENDED ==========

2026-03-14 16:58:18 - ========== COMMISSION.PHP STARTED ==========
2026-03-14 16:58:18 - Bet amount: 60000, User ID: 1175879
2026-03-14 16:58:18 - Level commissions: L1=240, L2=150, L3=48, L4=6, L5=3, L6=1.2
2026-03-14 16:58:18 - Codes query: SELECT code, code1, code2, code3, code4, code5 FROM shonu_subjects WHERE id = '1175879'
2026-03-14 16:58:18 - Referral codes: code=7384791175875, code1=400660113602, code2=116629030908, code3=official, code4=, code5=
2026-03-14 16:58:18 - Next process date: 2026-03-15
2026-03-14 16:58:18 - Level1 - Find upline query: SELECT id FROM shonu_subjects WHERE owncode = '7384791175875'
2026-03-14 16:58:18 - Level1 - Upline found: 1175875
2026-03-14 16:58:18 - Level1 - Insert query: INSERT INTO vyavahara (
            balakedara, ketebida, prakara, purba, bartaman, ayoga, koduvavanu, tiarikala, commission_status, process_date
        ) VALUES (
            '1175875', '60000', 'LVLCOMM1', '20000', '20240', '240', '1175879', '2026-03-14 16:58:18', 0, '2026-03-15'
        )
2026-03-14 16:58:18 - Level1 - ✅ INSERT SUCCESSFUL
2026-03-14 16:58:18 - Level2 - Find upline query: SELECT id FROM shonu_subjects WHERE owncode = '400660113602'
2026-03-14 16:58:18 - Level2 - Upline found: 113607
2026-03-14 16:58:18 - Level2 - Insert query: INSERT INTO vyavahara (
            balakedara, ketebida, prakara, purba, bartaman, ayoga, koduvavanu, tiarikala, commission_status, process_date
        ) VALUES (
            '113607', '60000', 'LVLCOMM2', '19200981.17274', '19201131.17274', '150', '1175879', '2026-03-14 16:58:18', 0, '2026-03-15'
        )
2026-03-14 16:58:18 - Level2 - ✅ INSERT SUCCESSFUL
2026-03-14 16:58:18 - Level3 - Find upline query: SELECT id FROM shonu_subjects WHERE owncode = '116629030908'
2026-03-14 16:58:18 - Level3 - Upline found: 113033
2026-03-14 16:58:18 - Level3 - Insert query: INSERT INTO vyavahara (
            balakedara, ketebida, prakara, purba, bartaman, ayoga, koduvavanu, tiarikala, commission_status, process_date
        ) VALUES (
            '113033', '60000', 'LVLCOMM3', '10539.65049', '10587.65049', '48', '1175879', '2026-03-14 16:58:18', 0, '2026-03-15'
        )
2026-03-14 16:58:18 - Level3 - ✅ INSERT SUCCESSFUL
2026-03-14 16:58:18 - ========== COMMISSION.PHP ENDED ==========

2026-03-14 16:59:19 - ========== COMMISSION.PHP STARTED ==========
2026-03-14 16:59:19 - Bet amount: 60000, User ID: 1175879
2026-03-14 16:59:19 - Level commissions: L1=240, L2=150, L3=48, L4=6, L5=3, L6=1.2
2026-03-14 16:59:19 - Codes query: SELECT code, code1, code2, code3, code4, code5 FROM shonu_subjects WHERE id = '1175879'
2026-03-14 16:59:19 - Referral codes: code=7384791175875, code1=400660113602, code2=116629030908, code3=official, code4=, code5=
2026-03-14 16:59:19 - Next process date: 2026-03-15
2026-03-14 16:59:19 - Level1 - Find upline query: SELECT id FROM shonu_subjects WHERE owncode = '7384791175875'
2026-03-14 16:59:19 - Level1 - Upline found: 1175875
2026-03-14 16:59:19 - Level1 - Insert query: INSERT INTO vyavahara (
            balakedara, ketebida, prakara, purba, bartaman, ayoga, koduvavanu, tiarikala, commission_status, process_date
        ) VALUES (
            '1175875', '60000', 'LVLCOMM1', '20000', '20240', '240', '1175879', '2026-03-14 16:59:19', 0, '2026-03-15'
        )
2026-03-14 16:59:19 - Level1 - ✅ INSERT SUCCESSFUL
2026-03-14 16:59:19 - Level2 - Find upline query: SELECT id FROM shonu_subjects WHERE owncode = '400660113602'
2026-03-14 16:59:19 - Level2 - Upline found: 113607
2026-03-14 16:59:19 - Level2 - Insert query: INSERT INTO vyavahara (
            balakedara, ketebida, prakara, purba, bartaman, ayoga, koduvavanu, tiarikala, commission_status, process_date
        ) VALUES (
            '113607', '60000', 'LVLCOMM2', '19200981.17274', '19201131.17274', '150', '1175879', '2026-03-14 16:59:19', 0, '2026-03-15'
        )
2026-03-14 16:59:19 - Level2 - ✅ INSERT SUCCESSFUL
2026-03-14 16:59:19 - Level3 - Find upline query: SELECT id FROM shonu_subjects WHERE owncode = '116629030908'
2026-03-14 16:59:19 - Level3 - Upline found: 113033
2026-03-14 16:59:19 - Level3 - Insert query: INSERT INTO vyavahara (
            balakedara, ketebida, prakara, purba, bartaman, ayoga, koduvavanu, tiarikala, commission_status, process_date
        ) VALUES (
            '113033', '60000', 'LVLCOMM3', '10539.65049', '10587.65049', '48', '1175879', '2026-03-14 16:59:19', 0, '2026-03-15'
        )
2026-03-14 16:59:19 - Level3 - ✅ INSERT SUCCESSFUL
2026-03-14 16:59:19 - ========== COMMISSION.PHP ENDED ==========

2026-03-14 17:02:14 - ========== COMMISSION.PHP STARTED ==========
2026-03-14 17:02:14 - Bet amount: 50000, User ID: 1175879
2026-03-14 17:02:14 - Level commissions: L1=200, L2=125, L3=40, L4=5, L5=2.5, L6=1
2026-03-14 17:02:14 - Codes query: SELECT code, code1, code2, code3, code4, code5 FROM shonu_subjects WHERE id = '1175879'
2026-03-14 17:02:14 - Referral codes: code=7384791175875, code1=400660113602, code2=116629030908, code3=official, code4=, code5=
2026-03-14 17:02:14 - Next process date: 2026-03-15
2026-03-14 17:02:14 - Level1 - Find upline query: SELECT id FROM shonu_subjects WHERE owncode = '7384791175875'
2026-03-14 17:02:14 - Level1 - Upline found: 1175875
2026-03-14 17:02:14 - Level1 - Insert query: INSERT INTO vyavahara (
            balakedara, ketebida, prakara, purba, bartaman, ayoga, koduvavanu, tiarikala, commission_status, process_date
        ) VALUES (
            '1175875', '50000', 'LVLCOMM1', '20000', '20200', '200', '1175879', '2026-03-14 17:02:14', 0, '2026-03-15'
        )
2026-03-14 17:02:14 - Level1 - ✅ INSERT SUCCESSFUL
2026-03-14 17:02:14 - Level2 - Find upline query: SELECT id FROM shonu_subjects WHERE owncode = '400660113602'
2026-03-14 17:02:14 - Level2 - Upline found: 113607
2026-03-14 17:02:14 - Level2 - Insert query: INSERT INTO vyavahara (
            balakedara, ketebida, prakara, purba, bartaman, ayoga, koduvavanu, tiarikala, commission_status, process_date
        ) VALUES (
            '113607', '50000', 'LVLCOMM2', '19200981.17274', '19201106.17274', '125', '1175879', '2026-03-14 17:02:14', 0, '2026-03-15'
        )
2026-03-14 17:02:14 - Level2 - ✅ INSERT SUCCESSFUL
2026-03-14 17:02:14 - Level3 - Find upline query: SELECT id FROM shonu_subjects WHERE owncode = '116629030908'
2026-03-14 17:02:14 - Level3 - Upline found: 113033
2026-03-14 17:02:14 - Level3 - Insert query: INSERT INTO vyavahara (
            balakedara, ketebida, prakara, purba, bartaman, ayoga, koduvavanu, tiarikala, commission_status, process_date
        ) VALUES (
            '113033', '50000', 'LVLCOMM3', '10539.65049', '10579.65049', '40', '1175879', '2026-03-14 17:02:14', 0, '2026-03-15'
        )
2026-03-14 17:02:14 - Level3 - ✅ INSERT SUCCESSFUL
2026-03-14 17:02:14 - ========== COMMISSION.PHP ENDED ==========

2026-03-14 17:02:54 - ========== COMMISSION.PHP STARTED ==========
2026-03-14 17:02:54 - Bet amount: 10000, User ID: 1175879
2026-03-14 17:02:54 - Level commissions: L1=40, L2=25, L3=8, L4=1, L5=0.5, L6=0.2
2026-03-14 17:02:54 - Codes query: SELECT code, code1, code2, code3, code4, code5 FROM shonu_subjects WHERE id = '1175879'
2026-03-14 17:02:54 - Referral codes: code=7384791175875, code1=400660113602, code2=116629030908, code3=official, code4=, code5=
2026-03-14 17:02:54 - Next process date: 2026-03-15
2026-03-14 17:02:54 - Level1 - Find upline query: SELECT id FROM shonu_subjects WHERE owncode = '7384791175875'
2026-03-14 17:02:54 - Level1 - Upline found: 1175875
2026-03-14 17:02:54 - Level1 - Insert query: INSERT INTO vyavahara (
            balakedara, ketebida, prakara, purba, bartaman, ayoga, koduvavanu, tiarikala, commission_status, process_date
        ) VALUES (
            '1175875', '10000', 'LVLCOMM1', '20000', '20040', '40', '1175879', '2026-03-14 17:02:54', 0, '2026-03-15'
        )
2026-03-14 17:02:54 - Level1 - ✅ INSERT SUCCESSFUL
2026-03-14 17:02:54 - Level2 - Find upline query: SELECT id FROM shonu_subjects WHERE owncode = '400660113602'
2026-03-14 17:02:54 - Level2 - Upline found: 113607
2026-03-14 17:02:54 - Level2 - Insert query: INSERT INTO vyavahara (
            balakedara, ketebida, prakara, purba, bartaman, ayoga, koduvavanu, tiarikala, commission_status, process_date
        ) VALUES (
            '113607', '10000', 'LVLCOMM2', '19200981.17274', '19201006.17274', '25', '1175879', '2026-03-14 17:02:54', 0, '2026-03-15'
        )
2026-03-14 17:02:54 - Level2 - ✅ INSERT SUCCESSFUL
2026-03-14 17:02:54 - Level3 - Find upline query: SELECT id FROM shonu_subjects WHERE owncode = '116629030908'
2026-03-14 17:02:54 - Level3 - Upline found: 113033
2026-03-14 17:02:54 - Level3 - Insert query: INSERT INTO vyavahara (
            balakedara, ketebida, prakara, purba, bartaman, ayoga, koduvavanu, tiarikala, commission_status, process_date
        ) VALUES (
            '113033', '10000', 'LVLCOMM3', '10539.65049', '10547.65049', '8', '1175879', '2026-03-14 17:02:54', 0, '2026-03-15'
        )
2026-03-14 17:02:54 - Level3 - ✅ INSERT SUCCESSFUL
2026-03-14 17:02:54 - ========== COMMISSION.PHP ENDED ==========

2026-03-14 17:03:45 - ========== COMMISSION.PHP STARTED ==========
2026-03-14 17:03:45 - Bet amount: 1000, User ID: 1175879
2026-03-14 17:03:45 - Level commissions: L1=4, L2=2.5, L3=0.8, L4=0.1, L5=0.05, L6=0.02
2026-03-14 17:03:45 - Codes query: SELECT code, code1, code2, code3, code4, code5 FROM shonu_subjects WHERE id = '1175879'
2026-03-14 17:03:45 - Referral codes: code=7384791175875, code1=400660113602, code2=116629030908, code3=official, code4=, code5=
2026-03-14 17:03:45 - Next process date: 2026-03-15
2026-03-14 17:03:45 - Level1 - Find upline query: SELECT id FROM shonu_subjects WHERE owncode = '7384791175875'
2026-03-14 17:03:45 - Level1 - Upline found: 1175875
2026-03-14 17:03:45 - Level1 - Insert query: INSERT INTO vyavahara (
            balakedara, ketebida, prakara, purba, bartaman, ayoga, koduvavanu, tiarikala, commission_status, process_date
        ) VALUES (
            '1175875', '1000', 'LVLCOMM1', '20000', '20004', '4', '1175879', '2026-03-14 17:03:45', 0, '2026-03-15'
        )
2026-03-14 17:03:45 - Level1 - ✅ INSERT SUCCESSFUL
2026-03-14 17:03:45 - Level2 - Find upline query: SELECT id FROM shonu_subjects WHERE owncode = '400660113602'
2026-03-14 17:03:45 - Level2 - Upline found: 113607
2026-03-14 17:03:45 - Level2 - Insert query: INSERT INTO vyavahara (
            balakedara, ketebida, prakara, purba, bartaman, ayoga, koduvavanu, tiarikala, commission_status, process_date
        ) VALUES (
            '113607', '1000', 'LVLCOMM2', '19200981.17274', '19200983.67274', '2.5', '1175879', '2026-03-14 17:03:45', 0, '2026-03-15'
        )
2026-03-14 17:03:45 - Level2 - ✅ INSERT SUCCESSFUL
2026-03-14 17:03:45 - Level3 - Find upline query: SELECT id FROM shonu_subjects WHERE owncode = '116629030908'
2026-03-14 17:03:45 - Level3 - Upline found: 113033
2026-03-14 17:03:45 - Level3 - Insert query: INSERT INTO vyavahara (
            balakedara, ketebida, prakara, purba, bartaman, ayoga, koduvavanu, tiarikala, commission_status, process_date
        ) VALUES (
            '113033', '1000', 'LVLCOMM3', '10539.65049', '10540.45049', '0.8', '1175879', '2026-03-14 17:03:45', 0, '2026-03-15'
        )
2026-03-14 17:03:45 - Level3 - ✅ INSERT SUCCESSFUL
2026-03-14 17:03:45 - ========== COMMISSION.PHP ENDED ==========

2026-03-14 17:04:22 - ========== COMMISSION.PHP STARTED ==========
2026-03-14 17:04:22 - Bet amount: 20000, User ID: 1175879
2026-03-14 17:04:22 - Level commissions: L1=80, L2=50, L3=16, L4=2, L5=1, L6=0.4
2026-03-14 17:04:22 - Codes query: SELECT code, code1, code2, code3, code4, code5 FROM shonu_subjects WHERE id = '1175879'
2026-03-14 17:04:22 - Referral codes: code=7384791175875, code1=400660113602, code2=116629030908, code3=official, code4=, code5=
2026-03-14 17:04:22 - Next process date: 2026-03-15
2026-03-14 17:04:22 - Level1 - Find upline query: SELECT id FROM shonu_subjects WHERE owncode = '7384791175875'
2026-03-14 17:04:22 - Level1 - Upline found: 1175875
2026-03-14 17:04:22 - Level1 - Insert query: INSERT INTO vyavahara (
            balakedara, ketebida, prakara, purba, bartaman, ayoga, koduvavanu, tiarikala, commission_status, process_date
        ) VALUES (
            '1175875', '20000', 'LVLCOMM1', '20000', '20080', '80', '1175879', '2026-03-14 17:04:22', 0, '2026-03-15'
        )
2026-03-14 17:04:22 - Level1 - ✅ INSERT SUCCESSFUL
2026-03-14 17:04:22 - Level2 - Find upline query: SELECT id FROM shonu_subjects WHERE owncode = '400660113602'
2026-03-14 17:04:22 - Level2 - Upline found: 113607
2026-03-14 17:04:22 - Level2 - Insert query: INSERT INTO vyavahara (
            balakedara, ketebida, prakara, purba, bartaman, ayoga, koduvavanu, tiarikala, commission_status, process_date
        ) VALUES (
            '113607', '20000', 'LVLCOMM2', '19200981.17274', '19201031.17274', '50', '1175879', '2026-03-14 17:04:22', 0, '2026-03-15'
        )
2026-03-14 17:04:22 - Level2 - ✅ INSERT SUCCESSFUL
2026-03-14 17:04:22 - Level3 - Find upline query: SELECT id FROM shonu_subjects WHERE owncode = '116629030908'
2026-03-14 17:04:22 - Level3 - Upline found: 113033
2026-03-14 17:04:22 - Level3 - Insert query: INSERT INTO vyavahara (
            balakedara, ketebida, prakara, purba, bartaman, ayoga, koduvavanu, tiarikala, commission_status, process_date
        ) VALUES (
            '113033', '20000', 'LVLCOMM3', '10539.65049', '10555.65049', '16', '1175879', '2026-03-14 17:04:22', 0, '2026-03-15'
        )
2026-03-14 17:04:22 - Level3 - ✅ INSERT SUCCESSFUL
2026-03-14 17:04:22 - ========== COMMISSION.PHP ENDED ==========

2026-03-14 17:05:15 - ========== COMMISSION.PHP STARTED ==========
2026-03-14 17:05:15 - Bet amount: 5000, User ID: 1175879
2026-03-14 17:05:15 - Level commissions: L1=20, L2=12.5, L3=4, L4=0.5, L5=0.25, L6=0.1
2026-03-14 17:05:15 - Codes query: SELECT code, code1, code2, code3, code4, code5 FROM shonu_subjects WHERE id = '1175879'
2026-03-14 17:05:15 - Referral codes: code=7384791175875, code1=400660113602, code2=116629030908, code3=official, code4=, code5=
2026-03-14 17:05:15 - Next process date: 2026-03-15
2026-03-14 17:05:15 - Level1 - Find upline query: SELECT id FROM shonu_subjects WHERE owncode = '7384791175875'
2026-03-14 17:05:15 - Level1 - Upline found: 1175875
2026-03-14 17:05:15 - Level1 - Insert query: INSERT INTO vyavahara (
            balakedara, ketebida, prakara, purba, bartaman, ayoga, koduvavanu, tiarikala, commission_status, process_date
        ) VALUES (
            '1175875', '5000', 'LVLCOMM1', '20000', '20020', '20', '1175879', '2026-03-14 17:05:15', 0, '2026-03-15'
        )
2026-03-14 17:05:15 - Level1 - ✅ INSERT SUCCESSFUL
2026-03-14 17:05:15 - Level2 - Find upline query: SELECT id FROM shonu_subjects WHERE owncode = '400660113602'
2026-03-14 17:05:15 - Level2 - Upline found: 113607
2026-03-14 17:05:15 - Level2 - Insert query: INSERT INTO vyavahara (
            balakedara, ketebida, prakara, purba, bartaman, ayoga, koduvavanu, tiarikala, commission_status, process_date
        ) VALUES (
            '113607', '5000', 'LVLCOMM2', '19200981.17274', '19200993.67274', '12.5', '1175879', '2026-03-14 17:05:15', 0, '2026-03-15'
        )
2026-03-14 17:05:15 - Level2 - ✅ INSERT SUCCESSFUL
2026-03-14 17:05:15 - Level3 - Find upline query: SELECT id FROM shonu_subjects WHERE owncode = '116629030908'
2026-03-14 17:05:15 - Level3 - Upline found: 113033
2026-03-14 17:05:15 - Level3 - Insert query: INSERT INTO vyavahara (
            balakedara, ketebida, prakara, purba, bartaman, ayoga, koduvavanu, tiarikala, commission_status, process_date
        ) VALUES (
            '113033', '5000', 'LVLCOMM3', '10539.65049', '10543.65049', '4', '1175879', '2026-03-14 17:05:15', 0, '2026-03-15'
        )
2026-03-14 17:05:15 - Level3 - ✅ INSERT SUCCESSFUL
2026-03-14 17:05:15 - ========== COMMISSION.PHP ENDED ==========

2026-03-14 17:45:25 - ========== COMMISSION.PHP STARTED ==========
2026-03-14 17:45:25 - Bet amount: 1000, User ID: 1175879
2026-03-14 17:45:25 - Level commissions: L1=4, L2=2.5, L3=0.8, L4=0.1, L5=0.05, L6=0.02
2026-03-14 17:45:25 - Codes query: SELECT code, code1, code2, code3, code4, code5 FROM shonu_subjects WHERE id = '1175879'
2026-03-14 17:45:25 - Referral codes: code=7384791175875, code1=400660113602, code2=116629030908, code3=official, code4=, code5=
2026-03-14 17:45:25 - Next process date: 2026-03-15
2026-03-14 17:45:25 - Level1 - Find upline query: SELECT id FROM shonu_subjects WHERE owncode = '7384791175875'
2026-03-14 17:45:25 - Level1 - Upline found: 1175875
2026-03-14 17:45:25 - Level1 - Insert query: INSERT INTO vyavahara (
            balakedara, ketebida, prakara, purba, bartaman, ayoga, koduvavanu, tiarikala, commission_status, process_date
        ) VALUES (
            '1175875', '1000', 'LVLCOMM1', '0', '4', '4', '1175879', '2026-03-14 17:45:25', 0, '2026-03-15'
        )
2026-03-14 17:45:25 - Level1 - ✅ INSERT SUCCESSFUL
2026-03-14 17:45:25 - Level2 - Find upline query: SELECT id FROM shonu_subjects WHERE owncode = '400660113602'
2026-03-14 17:45:25 - Level2 - Upline found: 113607
2026-03-14 17:45:25 - Level2 - Insert query: INSERT INTO vyavahara (
            balakedara, ketebida, prakara, purba, bartaman, ayoga, koduvavanu, tiarikala, commission_status, process_date
        ) VALUES (
            '113607', '1000', 'LVLCOMM2', '19200981.17274', '19200983.67274', '2.5', '1175879', '2026-03-14 17:45:25', 0, '2026-03-15'
        )
2026-03-14 17:45:25 - Level2 - ✅ INSERT SUCCESSFUL
2026-03-14 17:45:25 - Level3 - Find upline query: SELECT id FROM shonu_subjects WHERE owncode = '116629030908'
2026-03-14 17:45:25 - Level3 - Upline found: 113033
2026-03-14 17:45:25 - Level3 - Insert query: INSERT INTO vyavahara (
            balakedara, ketebida, prakara, purba, bartaman, ayoga, koduvavanu, tiarikala, commission_status, process_date
        ) VALUES (
            '113033', '1000', 'LVLCOMM3', '10539.65049', '10540.45049', '0.8', '1175879', '2026-03-14 17:45:25', 0, '2026-03-15'
        )
2026-03-14 17:45:25 - Level3 - ✅ INSERT SUCCESSFUL
2026-03-14 17:45:25 - ========== COMMISSION.PHP ENDED ==========

2026-03-14 17:45:50 - ========== COMMISSION.PHP STARTED ==========
2026-03-14 17:45:50 - Bet amount: 3000, User ID: 1175879
2026-03-14 17:45:50 - Level commissions: L1=12, L2=7.5, L3=2.4, L4=0.3, L5=0.15, L6=0.06
2026-03-14 17:45:50 - Codes query: SELECT code, code1, code2, code3, code4, code5 FROM shonu_subjects WHERE id = '1175879'
2026-03-14 17:45:50 - Referral codes: code=7384791175875, code1=400660113602, code2=116629030908, code3=official, code4=, code5=
2026-03-14 17:45:50 - Next process date: 2026-03-15
2026-03-14 17:45:50 - Level1 - Find upline query: SELECT id FROM shonu_subjects WHERE owncode = '7384791175875'
2026-03-14 17:45:50 - Level1 - Upline found: 1175875
2026-03-14 17:45:50 - Level1 - Insert query: INSERT INTO vyavahara (
            balakedara, ketebida, prakara, purba, bartaman, ayoga, koduvavanu, tiarikala, commission_status, process_date
        ) VALUES (
            '1175875', '3000', 'LVLCOMM1', '0', '12', '12', '1175879', '2026-03-14 17:45:50', 0, '2026-03-15'
        )
2026-03-14 17:45:50 - Level1 - ✅ INSERT SUCCESSFUL
2026-03-14 17:45:50 - Level2 - Find upline query: SELECT id FROM shonu_subjects WHERE owncode = '400660113602'
2026-03-14 17:45:50 - Level2 - Upline found: 113607
2026-03-14 17:45:50 - Level2 - Insert query: INSERT INTO vyavahara (
            balakedara, ketebida, prakara, purba, bartaman, ayoga, koduvavanu, tiarikala, commission_status, process_date
        ) VALUES (
            '113607', '3000', 'LVLCOMM2', '19200981.17274', '19200988.67274', '7.5', '1175879', '2026-03-14 17:45:50', 0, '2026-03-15'
        )
2026-03-14 17:45:50 - Level2 - ✅ INSERT SUCCESSFUL
2026-03-14 17:45:50 - Level3 - Find upline query: SELECT id FROM shonu_subjects WHERE owncode = '116629030908'
2026-03-14 17:45:50 - Level3 - Upline found: 113033
2026-03-14 17:45:50 - Level3 - Insert query: INSERT INTO vyavahara (
            balakedara, ketebida, prakara, purba, bartaman, ayoga, koduvavanu, tiarikala, commission_status, process_date
        ) VALUES (
            '113033', '3000', 'LVLCOMM3', '10539.65049', '10542.05049', '2.4', '1175879', '2026-03-14 17:45:50', 0, '2026-03-15'
        )
2026-03-14 17:45:50 - Level3 - ✅ INSERT SUCCESSFUL
2026-03-14 17:45:50 - ========== COMMISSION.PHP ENDED ==========

2026-03-14 17:46:15 - ========== COMMISSION.PHP STARTED ==========
2026-03-14 17:46:15 - Bet amount: 9000, User ID: 1175879
2026-03-14 17:46:15 - Level commissions: L1=36, L2=22.5, L3=7.2, L4=0.9, L5=0.45, L6=0.18
2026-03-14 17:46:15 - Codes query: SELECT code, code1, code2, code3, code4, code5 FROM shonu_subjects WHERE id = '1175879'
2026-03-14 17:46:15 - Referral codes: code=7384791175875, code1=400660113602, code2=116629030908, code3=official, code4=, code5=
2026-03-14 17:46:15 - Next process date: 2026-03-15
2026-03-14 17:46:15 - Level1 - Find upline query: SELECT id FROM shonu_subjects WHERE owncode = '7384791175875'
2026-03-14 17:46:15 - Level1 - Upline found: 1175875
2026-03-14 17:46:15 - Level1 - Insert query: INSERT INTO vyavahara (
            balakedara, ketebida, prakara, purba, bartaman, ayoga, koduvavanu, tiarikala, commission_status, process_date
        ) VALUES (
            '1175875', '9000', 'LVLCOMM1', '0', '36', '36', '1175879', '2026-03-14 17:46:15', 0, '2026-03-15'
        )
2026-03-14 17:46:15 - Level1 - ✅ INSERT SUCCESSFUL
2026-03-14 17:46:15 - Level2 - Find upline query: SELECT id FROM shonu_subjects WHERE owncode = '400660113602'
2026-03-14 17:46:15 - Level2 - Upline found: 113607
2026-03-14 17:46:15 - Level2 - Insert query: INSERT INTO vyavahara (
            balakedara, ketebida, prakara, purba, bartaman, ayoga, koduvavanu, tiarikala, commission_status, process_date
        ) VALUES (
            '113607', '9000', 'LVLCOMM2', '19200981.17274', '19201003.67274', '22.5', '1175879', '2026-03-14 17:46:15', 0, '2026-03-15'
        )
2026-03-14 17:46:15 - Level2 - ✅ INSERT SUCCESSFUL
2026-03-14 17:46:15 - Level3 - Find upline query: SELECT id FROM shonu_subjects WHERE owncode = '116629030908'
2026-03-14 17:46:15 - Level3 - Upline found: 113033
2026-03-14 17:46:15 - Level3 - Insert query: INSERT INTO vyavahara (
            balakedara, ketebida, prakara, purba, bartaman, ayoga, koduvavanu, tiarikala, commission_status, process_date
        ) VALUES (
            '113033', '9000', 'LVLCOMM3', '10539.65049', '10546.85049', '7.2', '1175879', '2026-03-14 17:46:15', 0, '2026-03-15'
        )
2026-03-14 17:46:15 - Level3 - ✅ INSERT SUCCESSFUL
2026-03-14 17:46:15 - ========== COMMISSION.PHP ENDED ==========

2026-03-14 17:46:51 - ========== COMMISSION.PHP STARTED ==========
2026-03-14 17:46:51 - Bet amount: 10000, User ID: 1175879
2026-03-14 17:46:51 - Level commissions: L1=40, L2=25, L3=8, L4=1, L5=0.5, L6=0.2
2026-03-14 17:46:51 - Codes query: SELECT code, code1, code2, code3, code4, code5 FROM shonu_subjects WHERE id = '1175879'
2026-03-14 17:46:51 - Referral codes: code=7384791175875, code1=400660113602, code2=116629030908, code3=official, code4=, code5=
2026-03-14 17:46:51 - Next process date: 2026-03-15
2026-03-14 17:46:51 - Level1 - Find upline query: SELECT id FROM shonu_subjects WHERE owncode = '7384791175875'
2026-03-14 17:46:51 - Level1 - Upline found: 1175875
2026-03-14 17:46:51 - Level1 - Insert query: INSERT INTO vyavahara (
            balakedara, ketebida, prakara, purba, bartaman, ayoga, koduvavanu, tiarikala, commission_status, process_date
        ) VALUES (
            '1175875', '10000', 'LVLCOMM1', '0', '40', '40', '1175879', '2026-03-14 17:46:51', 0, '2026-03-15'
        )
2026-03-14 17:46:51 - Level1 - ✅ INSERT SUCCESSFUL
2026-03-14 17:46:51 - Level2 - Find upline query: SELECT id FROM shonu_subjects WHERE owncode = '400660113602'
2026-03-14 17:46:51 - Level2 - Upline found: 113607
2026-03-14 17:46:51 - Level2 - Insert query: INSERT INTO vyavahara (
            balakedara, ketebida, prakara, purba, bartaman, ayoga, koduvavanu, tiarikala, commission_status, process_date
        ) VALUES (
            '113607', '10000', 'LVLCOMM2', '19200981.17274', '19201006.17274', '25', '1175879', '2026-03-14 17:46:51', 0, '2026-03-15'
        )
2026-03-14 17:46:51 - Level2 - ✅ INSERT SUCCESSFUL
2026-03-14 17:46:51 - Level3 - Find upline query: SELECT id FROM shonu_subjects WHERE owncode = '116629030908'
2026-03-14 17:46:51 - Level3 - Upline found: 113033
2026-03-14 17:46:51 - Level3 - Insert query: INSERT INTO vyavahara (
            balakedara, ketebida, prakara, purba, bartaman, ayoga, koduvavanu, tiarikala, commission_status, process_date
        ) VALUES (
            '113033', '10000', 'LVLCOMM3', '10539.65049', '10547.65049', '8', '1175879', '2026-03-14 17:46:51', 0, '2026-03-15'
        )
2026-03-14 17:46:51 - Level3 - ✅ INSERT SUCCESSFUL
2026-03-14 17:46:51 - ========== COMMISSION.PHP ENDED ==========

2026-03-14 17:47:18 - ========== COMMISSION.PHP STARTED ==========
2026-03-14 17:47:18 - Bet amount: 20000, User ID: 1175879
2026-03-14 17:47:18 - Level commissions: L1=80, L2=50, L3=16, L4=2, L5=1, L6=0.4
2026-03-14 17:47:18 - Codes query: SELECT code, code1, code2, code3, code4, code5 FROM shonu_subjects WHERE id = '1175879'
2026-03-14 17:47:18 - Referral codes: code=7384791175875, code1=400660113602, code2=116629030908, code3=official, code4=, code5=
2026-03-14 17:47:18 - Next process date: 2026-03-15
2026-03-14 17:47:18 - Level1 - Find upline query: SELECT id FROM shonu_subjects WHERE owncode = '7384791175875'
2026-03-14 17:47:18 - Level1 - Upline found: 1175875
2026-03-14 17:47:18 - Level1 - Insert query: INSERT INTO vyavahara (
            balakedara, ketebida, prakara, purba, bartaman, ayoga, koduvavanu, tiarikala, commission_status, process_date
        ) VALUES (
            '1175875', '20000', 'LVLCOMM1', '0', '80', '80', '1175879', '2026-03-14 17:47:18', 0, '2026-03-15'
        )
2026-03-14 17:47:18 - Level1 - ✅ INSERT SUCCESSFUL
2026-03-14 17:47:18 - Level2 - Find upline query: SELECT id FROM shonu_subjects WHERE owncode = '400660113602'
2026-03-14 17:47:18 - Level2 - Upline found: 113607
2026-03-14 17:47:18 - Level2 - Insert query: INSERT INTO vyavahara (
            balakedara, ketebida, prakara, purba, bartaman, ayoga, koduvavanu, tiarikala, commission_status, process_date
        ) VALUES (
            '113607', '20000', 'LVLCOMM2', '19200981.17274', '19201031.17274', '50', '1175879', '2026-03-14 17:47:18', 0, '2026-03-15'
        )
2026-03-14 17:47:18 - Level2 - ✅ INSERT SUCCESSFUL
2026-03-14 17:47:18 - Level3 - Find upline query: SELECT id FROM shonu_subjects WHERE owncode = '116629030908'
2026-03-14 17:47:18 - Level3 - Upline found: 113033
2026-03-14 17:47:18 - Level3 - Insert query: INSERT INTO vyavahara (
            balakedara, ketebida, prakara, purba, bartaman, ayoga, koduvavanu, tiarikala, commission_status, process_date
        ) VALUES (
            '113033', '20000', 'LVLCOMM3', '10539.65049', '10555.65049', '16', '1175879', '2026-03-14 17:47:18', 0, '2026-03-15'
        )
2026-03-14 17:47:18 - Level3 - ✅ INSERT SUCCESSFUL
2026-03-14 17:47:18 - ========== COMMISSION.PHP ENDED ==========

2026-03-14 17:47:51 - ========== COMMISSION.PHP STARTED ==========
2026-03-14 17:47:51 - Bet amount: 5000, User ID: 1175879
2026-03-14 17:47:51 - Level commissions: L1=20, L2=12.5, L3=4, L4=0.5, L5=0.25, L6=0.1
2026-03-14 17:47:51 - Codes query: SELECT code, code1, code2, code3, code4, code5 FROM shonu_subjects WHERE id = '1175879'
2026-03-14 17:47:51 - Referral codes: code=7384791175875, code1=400660113602, code2=116629030908, code3=official, code4=, code5=
2026-03-14 17:47:51 - Next process date: 2026-03-15
2026-03-14 17:47:51 - Level1 - Find upline query: SELECT id FROM shonu_subjects WHERE owncode = '7384791175875'
2026-03-14 17:47:51 - Level1 - Upline found: 1175875
2026-03-14 17:47:51 - Level1 - Insert query: INSERT INTO vyavahara (
            balakedara, ketebida, prakara, purba, bartaman, ayoga, koduvavanu, tiarikala, commission_status, process_date
        ) VALUES (
            '1175875', '5000', 'LVLCOMM1', '0', '20', '20', '1175879', '2026-03-14 17:47:51', 0, '2026-03-15'
        )
2026-03-14 17:47:51 - Level1 - ✅ INSERT SUCCESSFUL
2026-03-14 17:47:51 - Level2 - Find upline query: SELECT id FROM shonu_subjects WHERE owncode = '400660113602'
2026-03-14 17:47:51 - Level2 - Upline found: 113607
2026-03-14 17:47:51 - Level2 - Insert query: INSERT INTO vyavahara (
            balakedara, ketebida, prakara, purba, bartaman, ayoga, koduvavanu, tiarikala, commission_status, process_date
        ) VALUES (
            '113607', '5000', 'LVLCOMM2', '19200981.17274', '19200993.67274', '12.5', '1175879', '2026-03-14 17:47:51', 0, '2026-03-15'
        )
2026-03-14 17:47:51 - Level2 - ✅ INSERT SUCCESSFUL
2026-03-14 17:47:51 - Level3 - Find upline query: SELECT id FROM shonu_subjects WHERE owncode = '116629030908'
2026-03-14 17:47:51 - Level3 - Upline found: 113033
2026-03-14 17:47:51 - Level3 - Insert query: INSERT INTO vyavahara (
            balakedara, ketebida, prakara, purba, bartaman, ayoga, koduvavanu, tiarikala, commission_status, process_date
        ) VALUES (
            '113033', '5000', 'LVLCOMM3', '10539.65049', '10543.65049', '4', '1175879', '2026-03-14 17:47:51', 0, '2026-03-15'
        )
2026-03-14 17:47:51 - Level3 - ✅ INSERT SUCCESSFUL
2026-03-14 17:47:51 - ========== COMMISSION.PHP ENDED ==========

2026-03-14 17:48:25 - ========== COMMISSION.PHP STARTED ==========
2026-03-14 17:48:25 - Bet amount: 50000, User ID: 1175879
2026-03-14 17:48:25 - Level commissions: L1=200, L2=125, L3=40, L4=5, L5=2.5, L6=1
2026-03-14 17:48:25 - Codes query: SELECT code, code1, code2, code3, code4, code5 FROM shonu_subjects WHERE id = '1175879'
2026-03-14 17:48:25 - Referral codes: code=7384791175875, code1=400660113602, code2=116629030908, code3=official, code4=, code5=
2026-03-14 17:48:25 - Next process date: 2026-03-15
2026-03-14 17:48:25 - Level1 - Find upline query: SELECT id FROM shonu_subjects WHERE owncode = '7384791175875'
2026-03-14 17:48:25 - Level1 - Upline found: 1175875
2026-03-14 17:48:25 - Level1 - Insert query: INSERT INTO vyavahara (
            balakedara, ketebida, prakara, purba, bartaman, ayoga, koduvavanu, tiarikala, commission_status, process_date
        ) VALUES (
            '1175875', '50000', 'LVLCOMM1', '0', '200', '200', '1175879', '2026-03-14 17:48:25', 0, '2026-03-15'
        )
2026-03-14 17:48:25 - Level1 - ✅ INSERT SUCCESSFUL
2026-03-14 17:48:25 - Level2 - Find upline query: SELECT id FROM shonu_subjects WHERE owncode = '400660113602'
2026-03-14 17:48:25 - Level2 - Upline found: 113607
2026-03-14 17:48:25 - Level2 - Insert query: INSERT INTO vyavahara (
            balakedara, ketebida, prakara, purba, bartaman, ayoga, koduvavanu, tiarikala, commission_status, process_date
        ) VALUES (
            '113607', '50000', 'LVLCOMM2', '19200981.17274', '19201106.17274', '125', '1175879', '2026-03-14 17:48:25', 0, '2026-03-15'
        )
2026-03-14 17:48:25 - Level2 - ✅ INSERT SUCCESSFUL
2026-03-14 17:48:25 - Level3 - Find upline query: SELECT id FROM shonu_subjects WHERE owncode = '116629030908'
2026-03-14 17:48:25 - Level3 - Upline found: 113033
2026-03-14 17:48:25 - Level3 - Insert query: INSERT INTO vyavahara (
            balakedara, ketebida, prakara, purba, bartaman, ayoga, koduvavanu, tiarikala, commission_status, process_date
        ) VALUES (
            '113033', '50000', 'LVLCOMM3', '10539.65049', '10579.65049', '40', '1175879', '2026-03-14 17:48:25', 0, '2026-03-15'
        )
2026-03-14 17:48:25 - Level3 - ✅ INSERT SUCCESSFUL
2026-03-14 17:48:25 - ========== COMMISSION.PHP ENDED ==========

2026-03-14 17:48:53 - ========== COMMISSION.PHP STARTED ==========
2026-03-14 17:48:53 - Bet amount: 50000, User ID: 1175879
2026-03-14 17:48:53 - Level commissions: L1=200, L2=125, L3=40, L4=5, L5=2.5, L6=1
2026-03-14 17:48:53 - Codes query: SELECT code, code1, code2, code3, code4, code5 FROM shonu_subjects WHERE id = '1175879'
2026-03-14 17:48:53 - Referral codes: code=7384791175875, code1=400660113602, code2=116629030908, code3=official, code4=, code5=
2026-03-14 17:48:53 - Next process date: 2026-03-15
2026-03-14 17:48:53 - Level1 - Find upline query: SELECT id FROM shonu_subjects WHERE owncode = '7384791175875'
2026-03-14 17:48:53 - Level1 - Upline found: 1175875
2026-03-14 17:48:53 - Level1 - Insert query: INSERT INTO vyavahara (
            balakedara, ketebida, prakara, purba, bartaman, ayoga, koduvavanu, tiarikala, commission_status, process_date
        ) VALUES (
            '1175875', '50000', 'LVLCOMM1', '0', '200', '200', '1175879', '2026-03-14 17:48:53', 0, '2026-03-15'
        )
2026-03-14 17:48:53 - Level1 - ✅ INSERT SUCCESSFUL
2026-03-14 17:48:53 - Level2 - Find upline query: SELECT id FROM shonu_subjects WHERE owncode = '400660113602'
2026-03-14 17:48:53 - Level2 - Upline found: 113607
2026-03-14 17:48:53 - Level2 - Insert query: INSERT INTO vyavahara (
            balakedara, ketebida, prakara, purba, bartaman, ayoga, koduvavanu, tiarikala, commission_status, process_date
        ) VALUES (
            '113607', '50000', 'LVLCOMM2', '19200981.17274', '19201106.17274', '125', '1175879', '2026-03-14 17:48:53', 0, '2026-03-15'
        )
2026-03-14 17:48:53 - Level2 - ✅ INSERT SUCCESSFUL
2026-03-14 17:48:53 - Level3 - Find upline query: SELECT id FROM shonu_subjects WHERE owncode = '116629030908'
2026-03-14 17:48:53 - Level3 - Upline found: 113033
2026-03-14 17:48:53 - Level3 - Insert query: INSERT INTO vyavahara (
            balakedara, ketebida, prakara, purba, bartaman, ayoga, koduvavanu, tiarikala, commission_status, process_date
        ) VALUES (
            '113033', '50000', 'LVLCOMM3', '10539.65049', '10579.65049', '40', '1175879', '2026-03-14 17:48:53', 0, '2026-03-15'
        )
2026-03-14 17:48:53 - Level3 - ✅ INSERT SUCCESSFUL
2026-03-14 17:48:53 - ========== COMMISSION.PHP ENDED ==========

2026-03-14 18:01:17 - ========== COMMISSION.PHP STARTED ==========
2026-03-14 18:01:17 - Bet amount: 1000, User ID: 1175879
2026-03-14 18:01:17 - Level commissions: L1=4, L2=2.5, L3=0.8, L4=0.1, L5=0.05, L6=0.02
2026-03-14 18:01:17 - Codes query: SELECT code, code1, code2, code3, code4, code5 FROM shonu_subjects WHERE id = '1175879'
2026-03-14 18:01:17 - Referral codes: code=7384791175875, code1=400660113602, code2=116629030908, code3=official, code4=, code5=
2026-03-14 18:01:17 - Next process date: 2026-03-15
2026-03-14 18:01:17 - Level1 - Find upline query: SELECT id FROM shonu_subjects WHERE owncode = '7384791175875'
2026-03-14 18:01:17 - Level1 - Upline found: 1175875
2026-03-14 18:01:17 - Level1 - Insert query: INSERT INTO vyavahara (
            balakedara, ketebida, prakara, purba, bartaman, ayoga, koduvavanu, tiarikala, commission_status, process_date
        ) VALUES (
            '1175875', '1000', 'LVLCOMM1', '0', '4', '4', '1175879', '2026-03-14 18:01:17', 0, '2026-03-15'
        )
2026-03-14 18:01:17 - Level1 - ✅ INSERT SUCCESSFUL
2026-03-14 18:01:17 - Level2 - Find upline query: SELECT id FROM shonu_subjects WHERE owncode = '400660113602'
2026-03-14 18:01:17 - Level2 - Upline found: 113607
2026-03-14 18:01:17 - Level2 - Insert query: INSERT INTO vyavahara (
            balakedara, ketebida, prakara, purba, bartaman, ayoga, koduvavanu, tiarikala, commission_status, process_date
        ) VALUES (
            '113607', '1000', 'LVLCOMM2', '19200981.17274', '19200983.67274', '2.5', '1175879', '2026-03-14 18:01:17', 0, '2026-03-15'
        )
2026-03-14 18:01:17 - Level2 - ✅ INSERT SUCCESSFUL
2026-03-14 18:01:17 - Level3 - Find upline query: SELECT id FROM shonu_subjects WHERE owncode = '116629030908'
2026-03-14 18:01:17 - Level3 - Upline found: 113033
2026-03-14 18:01:17 - Level3 - Insert query: INSERT INTO vyavahara (
            balakedara, ketebida, prakara, purba, bartaman, ayoga, koduvavanu, tiarikala, commission_status, process_date
        ) VALUES (
            '113033', '1000', 'LVLCOMM3', '10539.65049', '10540.45049', '0.8', '1175879', '2026-03-14 18:01:17', 0, '2026-03-15'
        )
2026-03-14 18:01:17 - Level3 - ✅ INSERT SUCCESSFUL
2026-03-14 18:01:17 - ========== COMMISSION.PHP ENDED ==========

2026-03-14 18:01:44 - ========== COMMISSION.PHP STARTED ==========
2026-03-14 18:01:44 - Bet amount: 3000, User ID: 1175879
2026-03-14 18:01:44 - Level commissions: L1=12, L2=7.5, L3=2.4, L4=0.3, L5=0.15, L6=0.06
2026-03-14 18:01:44 - Codes query: SELECT code, code1, code2, code3, code4, code5 FROM shonu_subjects WHERE id = '1175879'
2026-03-14 18:01:44 - Referral codes: code=7384791175875, code1=400660113602, code2=116629030908, code3=official, code4=, code5=
2026-03-14 18:01:44 - Next process date: 2026-03-15
2026-03-14 18:01:44 - Level1 - Find upline query: SELECT id FROM shonu_subjects WHERE owncode = '7384791175875'
2026-03-14 18:01:44 - Level1 - Upline found: 1175875
2026-03-14 18:01:44 - Level1 - Insert query: INSERT INTO vyavahara (
            balakedara, ketebida, prakara, purba, bartaman, ayoga, koduvavanu, tiarikala, commission_status, process_date
        ) VALUES (
            '1175875', '3000', 'LVLCOMM1', '0', '12', '12', '1175879', '2026-03-14 18:01:44', 0, '2026-03-15'
        )
2026-03-14 18:01:44 - Level1 - ✅ INSERT SUCCESSFUL
2026-03-14 18:01:44 - Level2 - Find upline query: SELECT id FROM shonu_subjects WHERE owncode = '400660113602'
2026-03-14 18:01:44 - Level2 - Upline found: 113607
2026-03-14 18:01:44 - Level2 - Insert query: INSERT INTO vyavahara (
            balakedara, ketebida, prakara, purba, bartaman, ayoga, koduvavanu, tiarikala, commission_status, process_date
        ) VALUES (
            '113607', '3000', 'LVLCOMM2', '19200981.17274', '19200988.67274', '7.5', '1175879', '2026-03-14 18:01:44', 0, '2026-03-15'
        )
2026-03-14 18:01:44 - Level2 - ✅ INSERT SUCCESSFUL
2026-03-14 18:01:44 - Level3 - Find upline query: SELECT id FROM shonu_subjects WHERE owncode = '116629030908'
2026-03-14 18:01:44 - Level3 - Upline found: 113033
2026-03-14 18:01:44 - Level3 - Insert query: INSERT INTO vyavahara (
            balakedara, ketebida, prakara, purba, bartaman, ayoga, koduvavanu, tiarikala, commission_status, process_date
        ) VALUES (
            '113033', '3000', 'LVLCOMM3', '10539.65049', '10542.05049', '2.4', '1175879', '2026-03-14 18:01:44', 0, '2026-03-15'
        )
2026-03-14 18:01:44 - Level3 - ✅ INSERT SUCCESSFUL
2026-03-14 18:01:44 - ========== COMMISSION.PHP ENDED ==========

2026-03-14 18:02:13 - ========== COMMISSION.PHP STARTED ==========
2026-03-14 18:02:13 - Bet amount: 9000, User ID: 1175879
2026-03-14 18:02:13 - Level commissions: L1=36, L2=22.5, L3=7.2, L4=0.9, L5=0.45, L6=0.18
2026-03-14 18:02:13 - Codes query: SELECT code, code1, code2, code3, code4, code5 FROM shonu_subjects WHERE id = '1175879'
2026-03-14 18:02:13 - Referral codes: code=7384791175875, code1=400660113602, code2=116629030908, code3=official, code4=, code5=
2026-03-14 18:02:13 - Next process date: 2026-03-15
2026-03-14 18:02:13 - Level1 - Find upline query: SELECT id FROM shonu_subjects WHERE owncode = '7384791175875'
2026-03-14 18:02:13 - Level1 - Upline found: 1175875
2026-03-14 18:02:13 - Level1 - Insert query: INSERT INTO vyavahara (
            balakedara, ketebida, prakara, purba, bartaman, ayoga, koduvavanu, tiarikala, commission_status, process_date
        ) VALUES (
            '1175875', '9000', 'LVLCOMM1', '0', '36', '36', '1175879', '2026-03-14 18:02:13', 0, '2026-03-15'
        )
2026-03-14 18:02:13 - Level1 - ✅ INSERT SUCCESSFUL
2026-03-14 18:02:13 - Level2 - Find upline query: SELECT id FROM shonu_subjects WHERE owncode = '400660113602'
2026-03-14 18:02:13 - Level2 - Upline found: 113607
2026-03-14 18:02:13 - Level2 - Insert query: INSERT INTO vyavahara (
            balakedara, ketebida, prakara, purba, bartaman, ayoga, koduvavanu, tiarikala, commission_status, process_date
        ) VALUES (
            '113607', '9000', 'LVLCOMM2', '19200981.17274', '19201003.67274', '22.5', '1175879', '2026-03-14 18:02:13', 0, '2026-03-15'
        )
2026-03-14 18:02:13 - Level2 - ✅ INSERT SUCCESSFUL
2026-03-14 18:02:13 - Level3 - Find upline query: SELECT id FROM shonu_subjects WHERE owncode = '116629030908'
2026-03-14 18:02:13 - Level3 - Upline found: 113033
2026-03-14 18:02:13 - Level3 - Insert query: INSERT INTO vyavahara (
            balakedara, ketebida, prakara, purba, bartaman, ayoga, koduvavanu, tiarikala, commission_status, process_date
        ) VALUES (
            '113033', '9000', 'LVLCOMM3', '10539.65049', '10546.85049', '7.2', '1175879', '2026-03-14 18:02:13', 0, '2026-03-15'
        )
2026-03-14 18:02:13 - Level3 - ✅ INSERT SUCCESSFUL
2026-03-14 18:02:13 - ========== COMMISSION.PHP ENDED ==========

2026-03-14 18:02:45 - ========== COMMISSION.PHP STARTED ==========
2026-03-14 18:02:45 - Bet amount: 1000, User ID: 1175879
2026-03-14 18:02:45 - Level commissions: L1=4, L2=2.5, L3=0.8, L4=0.1, L5=0.05, L6=0.02
2026-03-14 18:02:45 - Codes query: SELECT code, code1, code2, code3, code4, code5 FROM shonu_subjects WHERE id = '1175879'
2026-03-14 18:02:45 - Referral codes: code=7384791175875, code1=400660113602, code2=116629030908, code3=official, code4=, code5=
2026-03-14 18:02:45 - Next process date: 2026-03-15
2026-03-14 18:02:45 - Level1 - Find upline query: SELECT id FROM shonu_subjects WHERE owncode = '7384791175875'
2026-03-14 18:02:45 - Level1 - Upline found: 1175875
2026-03-14 18:02:45 - Level1 - Insert query: INSERT INTO vyavahara (
            balakedara, ketebida, prakara, purba, bartaman, ayoga, koduvavanu, tiarikala, commission_status, process_date
        ) VALUES (
            '1175875', '1000', 'LVLCOMM1', '0', '4', '4', '1175879', '2026-03-14 18:02:45', 0, '2026-03-15'
        )
2026-03-14 18:02:45 - Level1 - ✅ INSERT SUCCESSFUL
2026-03-14 18:02:45 - Level2 - Find upline query: SELECT id FROM shonu_subjects WHERE owncode = '400660113602'
2026-03-14 18:02:45 - Level2 - Upline found: 113607
2026-03-14 18:02:45 - Level2 - Insert query: INSERT INTO vyavahara (
            balakedara, ketebida, prakara, purba, bartaman, ayoga, koduvavanu, tiarikala, commission_status, process_date
        ) VALUES (
            '113607', '1000', 'LVLCOMM2', '19200981.17274', '19200983.67274', '2.5', '1175879', '2026-03-14 18:02:45', 0, '2026-03-15'
        )
2026-03-14 18:02:45 - Level2 - ✅ INSERT SUCCESSFUL
2026-03-14 18:02:45 - Level3 - Find upline query: SELECT id FROM shonu_subjects WHERE owncode = '116629030908'
2026-03-14 18:02:45 - Level3 - Upline found: 113033
2026-03-14 18:02:45 - Level3 - Insert query: INSERT INTO vyavahara (
            balakedara, ketebida, prakara, purba, bartaman, ayoga, koduvavanu, tiarikala, commission_status, process_date
        ) VALUES (
            '113033', '1000', 'LVLCOMM3', '10539.65049', '10540.45049', '0.8', '1175879', '2026-03-14 18:02:45', 0, '2026-03-15'
        )
2026-03-14 18:02:45 - Level3 - ✅ INSERT SUCCESSFUL
2026-03-14 18:02:45 - ========== COMMISSION.PHP ENDED ==========

2026-03-14 18:03:41 - ========== COMMISSION.PHP STARTED ==========
2026-03-14 18:03:41 - Bet amount: 1000, User ID: 1175879
2026-03-14 18:03:41 - Level commissions: L1=4, L2=2.5, L3=0.8, L4=0.1, L5=0.05, L6=0.02
2026-03-14 18:03:41 - Codes query: SELECT code, code1, code2, code3, code4, code5 FROM shonu_subjects WHERE id = '1175879'
2026-03-14 18:03:41 - Referral codes: code=7384791175875, code1=400660113602, code2=116629030908, code3=official, code4=, code5=
2026-03-14 18:03:41 - Next process date: 2026-03-15
2026-03-14 18:03:41 - Level1 - Find upline query: SELECT id FROM shonu_subjects WHERE owncode = '7384791175875'
2026-03-14 18:03:41 - Level1 - Upline found: 1175875
2026-03-14 18:03:41 - Level1 - Insert query: INSERT INTO vyavahara (
            balakedara, ketebida, prakara, purba, bartaman, ayoga, koduvavanu, tiarikala, commission_status, process_date
        ) VALUES (
            '1175875', '1000', 'LVLCOMM1', '0', '4', '4', '1175879', '2026-03-14 18:03:41', 0, '2026-03-15'
        )
2026-03-14 18:03:41 - Level1 - ✅ INSERT SUCCESSFUL
2026-03-14 18:03:41 - Level2 - Find upline query: SELECT id FROM shonu_subjects WHERE owncode = '400660113602'
2026-03-14 18:03:41 - Level2 - Upline found: 113607
2026-03-14 18:03:41 - Level2 - Insert query: INSERT INTO vyavahara (
            balakedara, ketebida, prakara, purba, bartaman, ayoga, koduvavanu, tiarikala, commission_status, process_date
        ) VALUES (
            '113607', '1000', 'LVLCOMM2', '19200981.17274', '19200983.67274', '2.5', '1175879', '2026-03-14 18:03:41', 0, '2026-03-15'
        )
2026-03-14 18:03:41 - Level2 - ✅ INSERT SUCCESSFUL
2026-03-14 18:03:41 - Level3 - Find upline query: SELECT id FROM shonu_subjects WHERE owncode = '116629030908'
2026-03-14 18:03:41 - Level3 - Upline found: 113033
2026-03-14 18:03:41 - Level3 - Insert query: INSERT INTO vyavahara (
            balakedara, ketebida, prakara, purba, bartaman, ayoga, koduvavanu, tiarikala, commission_status, process_date
        ) VALUES (
            '113033', '1000', 'LVLCOMM3', '10539.65049', '10540.45049', '0.8', '1175879', '2026-03-14 18:03:41', 0, '2026-03-15'
        )
2026-03-14 18:03:41 - Level3 - ✅ INSERT SUCCESSFUL
2026-03-14 18:03:41 - ========== COMMISSION.PHP ENDED ==========

2026-03-14 18:04:16 - ========== COMMISSION.PHP STARTED ==========
2026-03-14 18:04:16 - Bet amount: 50000, User ID: 1175879
2026-03-14 18:04:16 - Level commissions: L1=200, L2=125, L3=40, L4=5, L5=2.5, L6=1
2026-03-14 18:04:16 - Codes query: SELECT code, code1, code2, code3, code4, code5 FROM shonu_subjects WHERE id = '1175879'
2026-03-14 18:04:16 - Referral codes: code=7384791175875, code1=400660113602, code2=116629030908, code3=official, code4=, code5=
2026-03-14 18:04:16 - Next process date: 2026-03-15
2026-03-14 18:04:16 - Level1 - Find upline query: SELECT id FROM shonu_subjects WHERE owncode = '7384791175875'
2026-03-14 18:04:16 - Level1 - Upline found: 1175875
2026-03-14 18:04:16 - Level1 - Insert query: INSERT INTO vyavahara (
            balakedara, ketebida, prakara, purba, bartaman, ayoga, koduvavanu, tiarikala, commission_status, process_date
        ) VALUES (
            '1175875', '50000', 'LVLCOMM1', '0', '200', '200', '1175879', '2026-03-14 18:04:16', 0, '2026-03-15'
        )
2026-03-14 18:04:16 - Level1 - ✅ INSERT SUCCESSFUL
2026-03-14 18:04:16 - Level2 - Find upline query: SELECT id FROM shonu_subjects WHERE owncode = '400660113602'
2026-03-14 18:04:16 - Level2 - Upline found: 113607
2026-03-14 18:04:16 - Level2 - Insert query: INSERT INTO vyavahara (
            balakedara, ketebida, prakara, purba, bartaman, ayoga, koduvavanu, tiarikala, commission_status, process_date
        ) VALUES (
            '113607', '50000', 'LVLCOMM2', '19200981.17274', '19201106.17274', '125', '1175879', '2026-03-14 18:04:16', 0, '2026-03-15'
        )
2026-03-14 18:04:16 - Level2 - ✅ INSERT SUCCESSFUL
2026-03-14 18:04:16 - Level3 - Find upline query: SELECT id FROM shonu_subjects WHERE owncode = '116629030908'
2026-03-14 18:04:16 - Level3 - Upline found: 113033
2026-03-14 18:04:17 - Level3 - Insert query: INSERT INTO vyavahara (
            balakedara, ketebida, prakara, purba, bartaman, ayoga, koduvavanu, tiarikala, commission_status, process_date
        ) VALUES (
            '113033', '50000', 'LVLCOMM3', '10539.65049', '10579.65049', '40', '1175879', '2026-03-14 18:04:16', 0, '2026-03-15'
        )
2026-03-14 18:04:17 - Level3 - ✅ INSERT SUCCESSFUL
2026-03-14 18:04:17 - ========== COMMISSION.PHP ENDED ==========

2026-03-14 19:26:33 - ========== COMMISSION.PHP STARTED ==========
2026-03-14 19:26:33 - Bet amount: 100, User ID: 1175912
2026-03-14 19:26:33 - Level commissions: L1=0.4, L2=0.25, L3=0.08, L4=0.01, L5=0.005, L6=0.002
2026-03-14 19:26:33 - Codes query: SELECT code, code1, code2, code3, code4, code5 FROM shonu_subjects WHERE id = '1175912'
2026-03-14 19:26:33 - Referral codes: code=7384791175875, code1=400660113602, code2=116629030908, code3=official, code4=, code5=
2026-03-14 19:26:33 - Next process date: 2026-03-15
2026-03-14 19:26:33 - Level1 - Find upline query: SELECT id FROM shonu_subjects WHERE owncode = '7384791175875'
2026-03-14 19:26:33 - Level1 - Upline found: 1175875
2026-03-14 19:26:33 - Level1 - Insert query: INSERT INTO vyavahara (
            balakedara, ketebida, prakara, purba, bartaman, ayoga, koduvavanu, tiarikala, commission_status, process_date
        ) VALUES (
            '1175875', '100', 'LVLCOMM1', '618', '618.4', '0.4', '1175912', '2026-03-14 19:26:33', 0, '2026-03-15'
        )
2026-03-14 19:26:33 - Level1 - ✅ INSERT SUCCESSFUL
2026-03-14 19:26:33 - Level2 - Find upline query: SELECT id FROM shonu_subjects WHERE owncode = '400660113602'
2026-03-14 19:26:33 - Level2 - Upline found: 113607
2026-03-14 19:26:33 - Level2 - Insert query: INSERT INTO vyavahara (
            balakedara, ketebida, prakara, purba, bartaman, ayoga, koduvavanu, tiarikala, commission_status, process_date
        ) VALUES (
            '113607', '100', 'LVLCOMM2', '19200981.17274', '19200981.42274', '0.25', '1175912', '2026-03-14 19:26:33', 0, '2026-03-15'
        )
2026-03-14 19:26:33 - Level2 - ✅ INSERT SUCCESSFUL
2026-03-14 19:26:33 - Level3 - Find upline query: SELECT id FROM shonu_subjects WHERE owncode = '116629030908'
2026-03-14 19:26:33 - Level3 - Upline found: 113033
2026-03-14 19:26:33 - Level3 - Insert query: INSERT INTO vyavahara (
            balakedara, ketebida, prakara, purba, bartaman, ayoga, koduvavanu, tiarikala, commission_status, process_date
        ) VALUES (
            '113033', '100', 'LVLCOMM3', '10539.65049', '10539.73049', '0.08', '1175912', '2026-03-14 19:26:33', 0, '2026-03-15'
        )
2026-03-14 19:26:33 - Level3 - ✅ INSERT SUCCESSFUL
2026-03-14 19:26:33 - ========== COMMISSION.PHP ENDED ==========

2026-03-14 19:27:11 - ========== COMMISSION.PHP STARTED ==========
2026-03-14 19:27:11 - Bet amount: 100, User ID: 1175912
2026-03-14 19:27:11 - Level commissions: L1=0.4, L2=0.25, L3=0.08, L4=0.01, L5=0.005, L6=0.002
2026-03-14 19:27:11 - Codes query: SELECT code, code1, code2, code3, code4, code5 FROM shonu_subjects WHERE id = '1175912'
2026-03-14 19:27:11 - Referral codes: code=7384791175875, code1=400660113602, code2=116629030908, code3=official, code4=, code5=
2026-03-14 19:27:11 - Next process date: 2026-03-15
2026-03-14 19:27:11 - Level1 - Find upline query: SELECT id FROM shonu_subjects WHERE owncode = '7384791175875'
2026-03-14 19:27:11 - Level1 - Upline found: 1175875
2026-03-14 19:27:11 - Level1 - Insert query: INSERT INTO vyavahara (
            balakedara, ketebida, prakara, purba, bartaman, ayoga, koduvavanu, tiarikala, commission_status, process_date
        ) VALUES (
            '1175875', '100', 'LVLCOMM1', '656', '656.4', '0.4', '1175912', '2026-03-14 19:27:11', 0, '2026-03-15'
        )
2026-03-14 19:27:11 - Level1 - ✅ INSERT SUCCESSFUL
2026-03-14 19:27:11 - Level2 - Find upline query: SELECT id FROM shonu_subjects WHERE owncode = '400660113602'
2026-03-14 19:27:11 - Level2 - Upline found: 113607
2026-03-14 19:27:11 - Level2 - Insert query: INSERT INTO vyavahara (
            balakedara, ketebida, prakara, purba, bartaman, ayoga, koduvavanu, tiarikala, commission_status, process_date
        ) VALUES (
            '113607', '100', 'LVLCOMM2', '19200981.17274', '19200981.42274', '0.25', '1175912', '2026-03-14 19:27:11', 0, '2026-03-15'
        )
2026-03-14 19:27:11 - Level2 - ✅ INSERT SUCCESSFUL
2026-03-14 19:27:11 - Level3 - Find upline query: SELECT id FROM shonu_subjects WHERE owncode = '116629030908'
2026-03-14 19:27:11 - Level3 - Upline found: 113033
2026-03-14 19:27:11 - Level3 - Insert query: INSERT INTO vyavahara (
            balakedara, ketebida, prakara, purba, bartaman, ayoga, koduvavanu, tiarikala, commission_status, process_date
        ) VALUES (
            '113033', '100', 'LVLCOMM3', '10539.65049', '10539.73049', '0.08', '1175912', '2026-03-14 19:27:11', 0, '2026-03-15'
        )
2026-03-14 19:27:11 - Level3 - ✅ INSERT SUCCESSFUL
2026-03-14 19:27:11 - ========== COMMISSION.PHP ENDED ==========

2026-03-14 19:29:21 - ========== COMMISSION.PHP STARTED ==========
2026-03-14 19:29:21 - Bet amount: 100, User ID: 1175912
2026-03-14 19:29:21 - Level commissions: L1=0.4, L2=0.25, L3=0.08, L4=0.01, L5=0.005, L6=0.002
2026-03-14 19:29:21 - Codes query: SELECT code, code1, code2, code3, code4, code5 FROM shonu_subjects WHERE id = '1175912'
2026-03-14 19:29:21 - Referral codes: code=7384791175875, code1=400660113602, code2=116629030908, code3=official, code4=, code5=
2026-03-14 19:29:21 - Next process date: 2026-03-15
2026-03-14 19:29:21 - Level1 - Find upline query: SELECT id FROM shonu_subjects WHERE owncode = '7384791175875'
2026-03-14 19:29:21 - Level1 - Upline found: 1175875
2026-03-14 19:29:21 - Level1 - Insert query: INSERT INTO vyavahara (
            balakedara, ketebida, prakara, purba, bartaman, ayoga, koduvavanu, tiarikala, commission_status, process_date
        ) VALUES (
            '1175875', '100', 'LVLCOMM1', '656', '656.4', '0.4', '1175912', '2026-03-14 19:29:21', 0, '2026-03-15'
        )
2026-03-14 19:29:21 - Level1 - ✅ INSERT SUCCESSFUL
2026-03-14 19:29:21 - Level2 - Find upline query: SELECT id FROM shonu_subjects WHERE owncode = '400660113602'
2026-03-14 19:29:21 - Level2 - Upline found: 113607
2026-03-14 19:29:21 - Level2 - Insert query: INSERT INTO vyavahara (
            balakedara, ketebida, prakara, purba, bartaman, ayoga, koduvavanu, tiarikala, commission_status, process_date
        ) VALUES (
            '113607', '100', 'LVLCOMM2', '19200981.17274', '19200981.42274', '0.25', '1175912', '2026-03-14 19:29:21', 0, '2026-03-15'
        )
2026-03-14 19:29:21 - Level2 - ✅ INSERT SUCCESSFUL
2026-03-14 19:29:21 - Level3 - Find upline query: SELECT id FROM shonu_subjects WHERE owncode = '116629030908'
2026-03-14 19:29:21 - Level3 - Upline found: 113033
2026-03-14 19:29:21 - Level3 - Insert query: INSERT INTO vyavahara (
            balakedara, ketebida, prakara, purba, bartaman, ayoga, koduvavanu, tiarikala, commission_status, process_date
        ) VALUES (
            '113033', '100', 'LVLCOMM3', '10539.65049', '10539.73049', '0.08', '1175912', '2026-03-14 19:29:21', 0, '2026-03-15'
        )
2026-03-14 19:29:21 - Level3 - ✅ INSERT SUCCESSFUL
2026-03-14 19:29:21 - ========== COMMISSION.PHP ENDED ==========

2026-03-14 19:31:24 - ========== COMMISSION.PHP STARTED ==========
2026-03-14 19:31:24 - Bet amount: 200, User ID: 1175912
2026-03-14 19:31:24 - Level commissions: L1=0.8, L2=0.5, L3=0.16, L4=0.02, L5=0.01, L6=0.004
2026-03-14 19:31:24 - Codes query: SELECT code, code1, code2, code3, code4, code5 FROM shonu_subjects WHERE id = '1175912'
2026-03-14 19:31:24 - Referral codes: code=7384791175875, code1=400660113602, code2=116629030908, code3=official, code4=, code5=
2026-03-14 19:31:24 - Next process date: 2026-03-15
2026-03-14 19:31:24 - Level1 - Find upline query: SELECT id FROM shonu_subjects WHERE owncode = '7384791175875'
2026-03-14 19:31:24 - Level1 - Upline found: 1175875
2026-03-14 19:31:24 - Level1 - Insert query: INSERT INTO vyavahara (
            balakedara, ketebida, prakara, purba, bartaman, ayoga, koduvavanu, tiarikala, commission_status, process_date
        ) VALUES (
            '1175875', '200', 'LVLCOMM1', '656', '656.8', '0.8', '1175912', '2026-03-14 19:31:24', 0, '2026-03-15'
        )
2026-03-14 19:31:24 - Level1 - ✅ INSERT SUCCESSFUL
2026-03-14 19:31:24 - Level2 - Find upline query: SELECT id FROM shonu_subjects WHERE owncode = '400660113602'
2026-03-14 19:31:24 - Level2 - Upline found: 113607
2026-03-14 19:31:24 - Level2 - Insert query: INSERT INTO vyavahara (
            balakedara, ketebida, prakara, purba, bartaman, ayoga, koduvavanu, tiarikala, commission_status, process_date
        ) VALUES (
            '113607', '200', 'LVLCOMM2', '19200981.17274', '19200981.67274', '0.5', '1175912', '2026-03-14 19:31:24', 0, '2026-03-15'
        )
2026-03-14 19:31:24 - Level2 - ✅ INSERT SUCCESSFUL
2026-03-14 19:31:24 - Level3 - Find upline query: SELECT id FROM shonu_subjects WHERE owncode = '116629030908'
2026-03-14 19:31:24 - Level3 - Upline found: 113033
2026-03-14 19:31:24 - Level3 - Insert query: INSERT INTO vyavahara (
            balakedara, ketebida, prakara, purba, bartaman, ayoga, koduvavanu, tiarikala, commission_status, process_date
        ) VALUES (
            '113033', '200', 'LVLCOMM3', '10539.65049', '10539.81049', '0.16', '1175912', '2026-03-14 19:31:24', 0, '2026-03-15'
        )
2026-03-14 19:31:24 - Level3 - ✅ INSERT SUCCESSFUL
2026-03-14 19:31:24 - ========== COMMISSION.PHP ENDED ==========

2026-03-14 19:32:22 - ========== COMMISSION.PHP STARTED ==========
2026-03-14 19:32:22 - Bet amount: 200, User ID: 1175912
2026-03-14 19:32:22 - Level commissions: L1=0.8, L2=0.5, L3=0.16, L4=0.02, L5=0.01, L6=0.004
2026-03-14 19:32:22 - Codes query: SELECT code, code1, code2, code3, code4, code5 FROM shonu_subjects WHERE id = '1175912'
2026-03-14 19:32:22 - Referral codes: code=7384791175875, code1=400660113602, code2=116629030908, code3=official, code4=, code5=
2026-03-14 19:32:22 - Next process date: 2026-03-15
2026-03-14 19:32:22 - Level1 - Find upline query: SELECT id FROM shonu_subjects WHERE owncode = '7384791175875'
2026-03-14 19:32:22 - Level1 - Upline found: 1175875
2026-03-14 19:32:22 - Level1 - Insert query: INSERT INTO vyavahara (
            balakedara, ketebida, prakara, purba, bartaman, ayoga, koduvavanu, tiarikala, commission_status, process_date
        ) VALUES (
            '1175875', '200', 'LVLCOMM1', '656', '656.8', '0.8', '1175912', '2026-03-14 19:32:22', 0, '2026-03-15'
        )
2026-03-14 19:32:22 - Level1 - ✅ INSERT SUCCESSFUL
2026-03-14 19:32:22 - Level2 - Find upline query: SELECT id FROM shonu_subjects WHERE owncode = '400660113602'
2026-03-14 19:32:22 - Level2 - Upline found: 113607
2026-03-14 19:32:22 - Level2 - Insert query: INSERT INTO vyavahara (
            balakedara, ketebida, prakara, purba, bartaman, ayoga, koduvavanu, tiarikala, commission_status, process_date
        ) VALUES (
            '113607', '200', 'LVLCOMM2', '19200981.17274', '19200981.67274', '0.5', '1175912', '2026-03-14 19:32:22', 0, '2026-03-15'
        )
2026-03-14 19:32:22 - Level2 - ✅ INSERT SUCCESSFUL
2026-03-14 19:32:22 - Level3 - Find upline query: SELECT id FROM shonu_subjects WHERE owncode = '116629030908'
2026-03-14 19:32:22 - Level3 - Upline found: 113033
2026-03-14 19:32:22 - Level3 - Insert query: INSERT INTO vyavahara (
            balakedara, ketebida, prakara, purba, bartaman, ayoga, koduvavanu, tiarikala, commission_status, process_date
        ) VALUES (
            '113033', '200', 'LVLCOMM3', '10539.65049', '10539.81049', '0.16', '1175912', '2026-03-14 19:32:22', 0, '2026-03-15'
        )
2026-03-14 19:32:22 - Level3 - ✅ INSERT SUCCESSFUL
2026-03-14 19:32:22 - ========== COMMISSION.PHP ENDED ==========

2026-03-14 19:33:51 - ========== COMMISSION.PHP STARTED ==========
2026-03-14 19:33:51 - Bet amount: 200, User ID: 1175912
2026-03-14 19:33:51 - Level commissions: L1=0.8, L2=0.5, L3=0.16, L4=0.02, L5=0.01, L6=0.004
2026-03-14 19:33:51 - Codes query: SELECT code, code1, code2, code3, code4, code5 FROM shonu_subjects WHERE id = '1175912'
2026-03-14 19:33:51 - Referral codes: code=7384791175875, code1=400660113602, code2=116629030908, code3=official, code4=, code5=
2026-03-14 19:33:51 - Next process date: 2026-03-15
2026-03-14 19:33:51 - Level1 - Find upline query: SELECT id FROM shonu_subjects WHERE owncode = '7384791175875'
2026-03-14 19:33:51 - Level1 - Upline found: 1175875
2026-03-14 19:33:51 - Level1 - Insert query: INSERT INTO vyavahara (
            balakedara, ketebida, prakara, purba, bartaman, ayoga, koduvavanu, tiarikala, commission_status, process_date
        ) VALUES (
            '1175875', '200', 'LVLCOMM1', '656', '656.8', '0.8', '1175912', '2026-03-14 19:33:51', 0, '2026-03-15'
        )
2026-03-14 19:33:51 - Level1 - ✅ INSERT SUCCESSFUL
2026-03-14 19:33:51 - Level2 - Find upline query: SELECT id FROM shonu_subjects WHERE owncode = '400660113602'
2026-03-14 19:33:51 - Level2 - Upline found: 113607
2026-03-14 19:33:51 - Level2 - Insert query: INSERT INTO vyavahara (
            balakedara, ketebida, prakara, purba, bartaman, ayoga, koduvavanu, tiarikala, commission_status, process_date
        ) VALUES (
            '113607', '200', 'LVLCOMM2', '19200981.17274', '19200981.67274', '0.5', '1175912', '2026-03-14 19:33:51', 0, '2026-03-15'
        )
2026-03-14 19:33:51 - Level2 - ✅ INSERT SUCCESSFUL
2026-03-14 19:33:51 - Level3 - Find upline query: SELECT id FROM shonu_subjects WHERE owncode = '116629030908'
2026-03-14 19:33:51 - Level3 - Upline found: 113033
2026-03-14 19:33:51 - Level3 - Insert query: INSERT INTO vyavahara (
            balakedara, ketebida, prakara, purba, bartaman, ayoga, koduvavanu, tiarikala, commission_status, process_date
        ) VALUES (
            '113033', '200', 'LVLCOMM3', '10539.65049', '10539.81049', '0.16', '1175912', '2026-03-14 19:33:51', 0, '2026-03-15'
        )
2026-03-14 19:33:51 - Level3 - ✅ INSERT SUCCESSFUL
2026-03-14 19:33:51 - ========== COMMISSION.PHP ENDED ==========

2026-03-14 19:36:33 - ========== COMMISSION.PHP STARTED ==========
2026-03-14 19:36:33 - Bet amount: 100, User ID: 1175912
2026-03-14 19:36:33 - Level commissions: L1=0.4, L2=0.25, L3=0.08, L4=0.01, L5=0.005, L6=0.002
2026-03-14 19:36:33 - Codes query: SELECT code, code1, code2, code3, code4, code5 FROM shonu_subjects WHERE id = '1175912'
2026-03-14 19:36:33 - Referral codes: code=7384791175875, code1=400660113602, code2=116629030908, code3=official, code4=, code5=
2026-03-14 19:36:33 - Next process date: 2026-03-15
2026-03-14 19:36:33 - Level1 - Find upline query: SELECT id FROM shonu_subjects WHERE owncode = '7384791175875'
2026-03-14 19:36:33 - Level1 - Upline found: 1175875
2026-03-14 19:36:33 - Level1 - Insert query: INSERT INTO vyavahara (
            balakedara, ketebida, prakara, purba, bartaman, ayoga, koduvavanu, tiarikala, commission_status, process_date
        ) VALUES (
            '1175875', '100', 'LVLCOMM1', '656', '656.4', '0.4', '1175912', '2026-03-14 19:36:33', 0, '2026-03-15'
        )
2026-03-14 19:36:33 - Level1 - ✅ INSERT SUCCESSFUL
2026-03-14 19:36:33 - Level2 - Find upline query: SELECT id FROM shonu_subjects WHERE owncode = '400660113602'
2026-03-14 19:36:33 - Level2 - Upline found: 113607
2026-03-14 19:36:33 - Level2 - Insert query: INSERT INTO vyavahara (
            balakedara, ketebida, prakara, purba, bartaman, ayoga, koduvavanu, tiarikala, commission_status, process_date
        ) VALUES (
            '113607', '100', 'LVLCOMM2', '19200981.17274', '19200981.42274', '0.25', '1175912', '2026-03-14 19:36:33', 0, '2026-03-15'
        )
2026-03-14 19:36:33 - Level2 - ✅ INSERT SUCCESSFUL
2026-03-14 19:36:33 - Level3 - Find upline query: SELECT id FROM shonu_subjects WHERE owncode = '116629030908'
2026-03-14 19:36:33 - Level3 - Upline found: 113033
2026-03-14 19:36:33 - Level3 - Insert query: INSERT INTO vyavahara (
            balakedara, ketebida, prakara, purba, bartaman, ayoga, koduvavanu, tiarikala, commission_status, process_date
        ) VALUES (
            '113033', '100', 'LVLCOMM3', '10539.65049', '10539.73049', '0.08', '1175912', '2026-03-14 19:36:33', 0, '2026-03-15'
        )
2026-03-14 19:36:33 - Level3 - ✅ INSERT SUCCESSFUL
2026-03-14 19:36:33 - ========== COMMISSION.PHP ENDED ==========

2026-03-14 19:37:55 - ========== COMMISSION.PHP STARTED ==========
2026-03-14 19:37:55 - Bet amount: 100, User ID: 1175912
2026-03-14 19:37:55 - Level commissions: L1=0.4, L2=0.25, L3=0.08, L4=0.01, L5=0.005, L6=0.002
2026-03-14 19:37:55 - Codes query: SELECT code, code1, code2, code3, code4, code5 FROM shonu_subjects WHERE id = '1175912'
2026-03-14 19:37:55 - Referral codes: code=7384791175875, code1=400660113602, code2=116629030908, code3=official, code4=, code5=
2026-03-14 19:37:55 - Next process date: 2026-03-15
2026-03-14 19:37:55 - Level1 - Find upline query: SELECT id FROM shonu_subjects WHERE owncode = '7384791175875'
2026-03-14 19:37:55 - Level1 - Upline found: 1175875
2026-03-14 19:37:55 - Level1 - Insert query: INSERT INTO vyavahara (
            balakedara, ketebida, prakara, purba, bartaman, ayoga, koduvavanu, tiarikala, commission_status, process_date
        ) VALUES (
            '1175875', '100', 'LVLCOMM1', '656', '656.4', '0.4', '1175912', '2026-03-14 19:37:55', 0, '2026-03-15'
        )
2026-03-14 19:37:55 - Level1 - ✅ INSERT SUCCESSFUL
2026-03-14 19:37:55 - Level2 - Find upline query: SELECT id FROM shonu_subjects WHERE owncode = '400660113602'
2026-03-14 19:37:55 - Level2 - Upline found: 113607
2026-03-14 19:37:55 - Level2 - Insert query: INSERT INTO vyavahara (
            balakedara, ketebida, prakara, purba, bartaman, ayoga, koduvavanu, tiarikala, commission_status, process_date
        ) VALUES (
            '113607', '100', 'LVLCOMM2', '19200981.17274', '19200981.42274', '0.25', '1175912', '2026-03-14 19:37:55', 0, '2026-03-15'
        )
2026-03-14 19:37:55 - Level2 - ✅ INSERT SUCCESSFUL
2026-03-14 19:37:55 - Level3 - Find upline query: SELECT id FROM shonu_subjects WHERE owncode = '116629030908'
2026-03-14 19:37:55 - Level3 - Upline found: 113033
2026-03-14 19:37:55 - Level3 - Insert query: INSERT INTO vyavahara (
            balakedara, ketebida, prakara, purba, bartaman, ayoga, koduvavanu, tiarikala, commission_status, process_date
        ) VALUES (
            '113033', '100', 'LVLCOMM3', '10539.65049', '10539.73049', '0.08', '1175912', '2026-03-14 19:37:55', 0, '2026-03-15'
        )
2026-03-14 19:37:55 - Level3 - ✅ INSERT SUCCESSFUL
2026-03-14 19:37:55 - ========== COMMISSION.PHP ENDED ==========

2026-03-14 20:12:03 - ========== COMMISSION.PHP STARTED ==========
2026-03-14 20:12:03 - Bet amount: 100, User ID: 1175912
2026-03-14 20:12:03 - Level commissions: L1=0.4, L2=0.25, L3=0.08, L4=0.01, L5=0.005, L6=0.002
2026-03-14 20:12:03 - Codes query: SELECT code, code1, code2, code3, code4, code5 FROM shonu_subjects WHERE id = '1175912'
2026-03-14 20:12:03 - Referral codes: code=7384791175875, code1=400660113602, code2=116629030908, code3=official, code4=, code5=
2026-03-14 20:12:03 - Next process date: 2026-03-15
2026-03-14 20:12:03 - Level1 - Find upline query: SELECT id FROM shonu_subjects WHERE owncode = '7384791175875'
2026-03-14 20:12:03 - Level1 - Upline found: 1175875
2026-03-14 20:12:03 - Level1 - Insert query: INSERT INTO vyavahara (
            balakedara, ketebida, prakara, purba, bartaman, ayoga, koduvavanu, tiarikala, commission_status, process_date
        ) VALUES (
            '1175875', '100', 'LVLCOMM1', '656', '656.4', '0.4', '1175912', '2026-03-14 20:12:03', 0, '2026-03-15'
        )
2026-03-14 20:12:03 - Level1 - ✅ INSERT SUCCESSFUL
2026-03-14 20:12:03 - Level2 - Find upline query: SELECT id FROM shonu_subjects WHERE owncode = '400660113602'
2026-03-14 20:12:03 - Level2 - Upline found: 113607
2026-03-14 20:12:03 - Level2 - Insert query: INSERT INTO vyavahara (
            balakedara, ketebida, prakara, purba, bartaman, ayoga, koduvavanu, tiarikala, commission_status, process_date
        ) VALUES (
            '113607', '100', 'LVLCOMM2', '19200981.17274', '19200981.42274', '0.25', '1175912', '2026-03-14 20:12:03', 0, '2026-03-15'
        )
2026-03-14 20:12:03 - Level2 - ✅ INSERT SUCCESSFUL
2026-03-14 20:12:03 - Level3 - Find upline query: SELECT id FROM shonu_subjects WHERE owncode = '116629030908'
2026-03-14 20:12:03 - Level3 - Upline found: 113033
2026-03-14 20:12:03 - Level3 - Insert query: INSERT INTO vyavahara (
            balakedara, ketebida, prakara, purba, bartaman, ayoga, koduvavanu, tiarikala, commission_status, process_date
        ) VALUES (
            '113033', '100', 'LVLCOMM3', '10539.65049', '10539.73049', '0.08', '1175912', '2026-03-14 20:12:03', 0, '2026-03-15'
        )
2026-03-14 20:12:03 - Level3 - ✅ INSERT SUCCESSFUL
2026-03-14 20:12:03 - ========== COMMISSION.PHP ENDED ==========

2026-03-14 20:12:42 - ========== COMMISSION.PHP STARTED ==========
2026-03-14 20:12:42 - Bet amount: 100, User ID: 1175912
2026-03-14 20:12:42 - Level commissions: L1=0.4, L2=0.25, L3=0.08, L4=0.01, L5=0.005, L6=0.002
2026-03-14 20:12:42 - Codes query: SELECT code, code1, code2, code3, code4, code5 FROM shonu_subjects WHERE id = '1175912'
2026-03-14 20:12:42 - Referral codes: code=7384791175875, code1=400660113602, code2=116629030908, code3=official, code4=, code5=
2026-03-14 20:12:42 - Next process date: 2026-03-15
2026-03-14 20:12:42 - Level1 - Find upline query: SELECT id FROM shonu_subjects WHERE owncode = '7384791175875'
2026-03-14 20:12:42 - Level1 - Upline found: 1175875
2026-03-14 20:12:42 - Level1 - Insert query: INSERT INTO vyavahara (
            balakedara, ketebida, prakara, purba, bartaman, ayoga, koduvavanu, tiarikala, commission_status, process_date
        ) VALUES (
            '1175875', '100', 'LVLCOMM1', '656', '656.4', '0.4', '1175912', '2026-03-14 20:12:42', 0, '2026-03-15'
        )
2026-03-14 20:12:42 - Level1 - ✅ INSERT SUCCESSFUL
2026-03-14 20:12:42 - Level2 - Find upline query: SELECT id FROM shonu_subjects WHERE owncode = '400660113602'
2026-03-14 20:12:42 - Level2 - Upline found: 113607
2026-03-14 20:12:42 - Level2 - Insert query: INSERT INTO vyavahara (
            balakedara, ketebida, prakara, purba, bartaman, ayoga, koduvavanu, tiarikala, commission_status, process_date
        ) VALUES (
            '113607', '100', 'LVLCOMM2', '19200981.17274', '19200981.42274', '0.25', '1175912', '2026-03-14 20:12:42', 0, '2026-03-15'
        )
2026-03-14 20:12:42 - Level2 - ✅ INSERT SUCCESSFUL
2026-03-14 20:12:42 - Level3 - Find upline query: SELECT id FROM shonu_subjects WHERE owncode = '116629030908'
2026-03-14 20:12:42 - Level3 - Upline found: 113033
2026-03-14 20:12:42 - Level3 - Insert query: INSERT INTO vyavahara (
            balakedara, ketebida, prakara, purba, bartaman, ayoga, koduvavanu, tiarikala, commission_status, process_date
        ) VALUES (
            '113033', '100', 'LVLCOMM3', '10539.65049', '10539.73049', '0.08', '1175912', '2026-03-14 20:12:42', 0, '2026-03-15'
        )
2026-03-14 20:12:42 - Level3 - ✅ INSERT SUCCESSFUL
2026-03-14 20:12:42 - ========== COMMISSION.PHP ENDED ==========

2026-03-14 20:13:09 - ========== COMMISSION.PHP STARTED ==========
2026-03-14 20:13:09 - Bet amount: 1000, User ID: 1175912
2026-03-14 20:13:09 - Level commissions: L1=4, L2=2.5, L3=0.8, L4=0.1, L5=0.05, L6=0.02
2026-03-14 20:13:09 - Codes query: SELECT code, code1, code2, code3, code4, code5 FROM shonu_subjects WHERE id = '1175912'
2026-03-14 20:13:09 - Referral codes: code=7384791175875, code1=400660113602, code2=116629030908, code3=official, code4=, code5=
2026-03-14 20:13:09 - Next process date: 2026-03-15
2026-03-14 20:13:09 - Level1 - Find upline query: SELECT id FROM shonu_subjects WHERE owncode = '7384791175875'
2026-03-14 20:13:09 - Level1 - Upline found: 1175875
2026-03-14 20:13:09 - Level1 - Insert query: INSERT INTO vyavahara (
            balakedara, ketebida, prakara, purba, bartaman, ayoga, koduvavanu, tiarikala, commission_status, process_date
        ) VALUES (
            '1175875', '1000', 'LVLCOMM1', '656', '660', '4', '1175912', '2026-03-14 20:13:09', 0, '2026-03-15'
        )
2026-03-14 20:13:09 - Level1 - ✅ INSERT SUCCESSFUL
2026-03-14 20:13:09 - Level2 - Find upline query: SELECT id FROM shonu_subjects WHERE owncode = '400660113602'
2026-03-14 20:13:09 - Level2 - Upline found: 113607
2026-03-14 20:13:09 - Level2 - Insert query: INSERT INTO vyavahara (
            balakedara, ketebida, prakara, purba, bartaman, ayoga, koduvavanu, tiarikala, commission_status, process_date
        ) VALUES (
            '113607', '1000', 'LVLCOMM2', '19200981.17274', '19200983.67274', '2.5', '1175912', '2026-03-14 20:13:09', 0, '2026-03-15'
        )
2026-03-14 20:13:09 - Level2 - ✅ INSERT SUCCESSFUL
2026-03-14 20:13:09 - Level3 - Find upline query: SELECT id FROM shonu_subjects WHERE owncode = '116629030908'
2026-03-14 20:13:09 - Level3 - Upline found: 113033
2026-03-14 20:13:09 - Level3 - Insert query: INSERT INTO vyavahara (
            balakedara, ketebida, prakara, purba, bartaman, ayoga, koduvavanu, tiarikala, commission_status, process_date
        ) VALUES (
            '113033', '1000', 'LVLCOMM3', '10539.65049', '10540.45049', '0.8', '1175912', '2026-03-14 20:13:09', 0, '2026-03-15'
        )
2026-03-14 20:13:09 - Level3 - ✅ INSERT SUCCESSFUL
2026-03-14 20:13:09 - ========== COMMISSION.PHP ENDED ==========

2026-03-14 20:13:39 - ========== COMMISSION.PHP STARTED ==========
2026-03-14 20:13:39 - Bet amount: 100, User ID: 1175912
2026-03-14 20:13:39 - Level commissions: L1=0.4, L2=0.25, L3=0.08, L4=0.01, L5=0.005, L6=0.002
2026-03-14 20:13:39 - Codes query: SELECT code, code1, code2, code3, code4, code5 FROM shonu_subjects WHERE id = '1175912'
2026-03-14 20:13:39 - Referral codes: code=7384791175875, code1=400660113602, code2=116629030908, code3=official, code4=, code5=
2026-03-14 20:13:39 - Next process date: 2026-03-15
2026-03-14 20:13:39 - Level1 - Find upline query: SELECT id FROM shonu_subjects WHERE owncode = '7384791175875'
2026-03-14 20:13:39 - Level1 - Upline found: 1175875
2026-03-14 20:13:39 - Level1 - Insert query: INSERT INTO vyavahara (
            balakedara, ketebida, prakara, purba, bartaman, ayoga, koduvavanu, tiarikala, commission_status, process_date
        ) VALUES (
            '1175875', '100', 'LVLCOMM1', '656', '656.4', '0.4', '1175912', '2026-03-14 20:13:39', 0, '2026-03-15'
        )
2026-03-14 20:13:39 - Level1 - ✅ INSERT SUCCESSFUL
2026-03-14 20:13:39 - Level2 - Find upline query: SELECT id FROM shonu_subjects WHERE owncode = '400660113602'
2026-03-14 20:13:39 - Level2 - Upline found: 113607
2026-03-14 20:13:39 - Level2 - Insert query: INSERT INTO vyavahara (
            balakedara, ketebida, prakara, purba, bartaman, ayoga, koduvavanu, tiarikala, commission_status, process_date
        ) VALUES (
            '113607', '100', 'LVLCOMM2', '19200981.17274', '19200981.42274', '0.25', '1175912', '2026-03-14 20:13:39', 0, '2026-03-15'
        )
2026-03-14 20:13:39 - Level2 - ✅ INSERT SUCCESSFUL
2026-03-14 20:13:39 - Level3 - Find upline query: SELECT id FROM shonu_subjects WHERE owncode = '116629030908'
2026-03-14 20:13:39 - Level3 - Upline found: 113033
2026-03-14 20:13:39 - Level3 - Insert query: INSERT INTO vyavahara (
            balakedara, ketebida, prakara, purba, bartaman, ayoga, koduvavanu, tiarikala, commission_status, process_date
        ) VALUES (
            '113033', '100', 'LVLCOMM3', '10539.65049', '10539.73049', '0.08', '1175912', '2026-03-14 20:13:39', 0, '2026-03-15'
        )
2026-03-14 20:13:39 - Level3 - ✅ INSERT SUCCESSFUL
2026-03-14 20:13:39 - ========== COMMISSION.PHP ENDED ==========

2026-03-14 20:14:09 - ========== COMMISSION.PHP STARTED ==========
2026-03-14 20:14:09 - Bet amount: 1000, User ID: 1175912
2026-03-14 20:14:09 - Level commissions: L1=4, L2=2.5, L3=0.8, L4=0.1, L5=0.05, L6=0.02
2026-03-14 20:14:09 - Codes query: SELECT code, code1, code2, code3, code4, code5 FROM shonu_subjects WHERE id = '1175912'
2026-03-14 20:14:09 - Referral codes: code=7384791175875, code1=400660113602, code2=116629030908, code3=official, code4=, code5=
2026-03-14 20:14:09 - Next process date: 2026-03-15
2026-03-14 20:14:09 - Level1 - Find upline query: SELECT id FROM shonu_subjects WHERE owncode = '7384791175875'
2026-03-14 20:14:09 - Level1 - Upline found: 1175875
2026-03-14 20:14:09 - Level1 - Insert query: INSERT INTO vyavahara (
            balakedara, ketebida, prakara, purba, bartaman, ayoga, koduvavanu, tiarikala, commission_status, process_date
        ) VALUES (
            '1175875', '1000', 'LVLCOMM1', '656', '660', '4', '1175912', '2026-03-14 20:14:09', 0, '2026-03-15'
        )
2026-03-14 20:14:09 - Level1 - ✅ INSERT SUCCESSFUL
2026-03-14 20:14:09 - Level2 - Find upline query: SELECT id FROM shonu_subjects WHERE owncode = '400660113602'
2026-03-14 20:14:09 - Level2 - Upline found: 113607
2026-03-14 20:14:09 - Level2 - Insert query: INSERT INTO vyavahara (
            balakedara, ketebida, prakara, purba, bartaman, ayoga, koduvavanu, tiarikala, commission_status, process_date
        ) VALUES (
            '113607', '1000', 'LVLCOMM2', '19200981.17274', '19200983.67274', '2.5', '1175912', '2026-03-14 20:14:09', 0, '2026-03-15'
        )
2026-03-14 20:14:09 - Level2 - ✅ INSERT SUCCESSFUL
2026-03-14 20:14:09 - Level3 - Find upline query: SELECT id FROM shonu_subjects WHERE owncode = '116629030908'
2026-03-14 20:14:09 - Level3 - Upline found: 113033
2026-03-14 20:14:09 - Level3 - Insert query: INSERT INTO vyavahara (
            balakedara, ketebida, prakara, purba, bartaman, ayoga, koduvavanu, tiarikala, commission_status, process_date
        ) VALUES (
            '113033', '1000', 'LVLCOMM3', '10539.65049', '10540.45049', '0.8', '1175912', '2026-03-14 20:14:09', 0, '2026-03-15'
        )
2026-03-14 20:14:09 - Level3 - ✅ INSERT SUCCESSFUL
2026-03-14 20:14:09 - ========== COMMISSION.PHP ENDED ==========

2026-03-14 20:14:40 - ========== COMMISSION.PHP STARTED ==========
2026-03-14 20:14:40 - Bet amount: 100, User ID: 1175912
2026-03-14 20:14:40 - Level commissions: L1=0.4, L2=0.25, L3=0.08, L4=0.01, L5=0.005, L6=0.002
2026-03-14 20:14:40 - Codes query: SELECT code, code1, code2, code3, code4, code5 FROM shonu_subjects WHERE id = '1175912'
2026-03-14 20:14:40 - Referral codes: code=7384791175875, code1=400660113602, code2=116629030908, code3=official, code4=, code5=
2026-03-14 20:14:40 - Next process date: 2026-03-15
2026-03-14 20:14:40 - Level1 - Find upline query: SELECT id FROM shonu_subjects WHERE owncode = '7384791175875'
2026-03-14 20:14:40 - Level1 - Upline found: 1175875
2026-03-14 20:14:40 - Level1 - Insert query: INSERT INTO vyavahara (
            balakedara, ketebida, prakara, purba, bartaman, ayoga, koduvavanu, tiarikala, commission_status, process_date
        ) VALUES (
            '1175875', '100', 'LVLCOMM1', '656', '656.4', '0.4', '1175912', '2026-03-14 20:14:40', 0, '2026-03-15'
        )
2026-03-14 20:14:40 - Level1 - ✅ INSERT SUCCESSFUL
2026-03-14 20:14:40 - Level2 - Find upline query: SELECT id FROM shonu_subjects WHERE owncode = '400660113602'
2026-03-14 20:14:40 - Level2 - Upline found: 113607
2026-03-14 20:14:40 - Level2 - Insert query: INSERT INTO vyavahara (
            balakedara, ketebida, prakara, purba, bartaman, ayoga, koduvavanu, tiarikala, commission_status, process_date
        ) VALUES (
            '113607', '100', 'LVLCOMM2', '19200981.17274', '19200981.42274', '0.25', '1175912', '2026-03-14 20:14:40', 0, '2026-03-15'
        )
2026-03-14 20:14:40 - Level2 - ✅ INSERT SUCCESSFUL
2026-03-14 20:14:40 - Level3 - Find upline query: SELECT id FROM shonu_subjects WHERE owncode = '116629030908'
2026-03-14 20:14:40 - Level3 - Upline found: 113033
2026-03-14 20:14:40 - Level3 - Insert query: INSERT INTO vyavahara (
            balakedara, ketebida, prakara, purba, bartaman, ayoga, koduvavanu, tiarikala, commission_status, process_date
        ) VALUES (
            '113033', '100', 'LVLCOMM3', '10539.65049', '10539.73049', '0.08', '1175912', '2026-03-14 20:14:40', 0, '2026-03-15'
        )
2026-03-14 20:14:40 - Level3 - ✅ INSERT SUCCESSFUL
2026-03-14 20:14:40 - ========== COMMISSION.PHP ENDED ==========

2026-03-14 20:15:11 - ========== COMMISSION.PHP STARTED ==========
2026-03-14 20:15:11 - Bet amount: 500, User ID: 1175912
2026-03-14 20:15:11 - Level commissions: L1=2, L2=1.25, L3=0.4, L4=0.05, L5=0.025, L6=0.01
2026-03-14 20:15:11 - Codes query: SELECT code, code1, code2, code3, code4, code5 FROM shonu_subjects WHERE id = '1175912'
2026-03-14 20:15:11 - Referral codes: code=7384791175875, code1=400660113602, code2=116629030908, code3=official, code4=, code5=
2026-03-14 20:15:11 - Next process date: 2026-03-15
2026-03-14 20:15:11 - Level1 - Find upline query: SELECT id FROM shonu_subjects WHERE owncode = '7384791175875'
2026-03-14 20:15:11 - Level1 - Upline found: 1175875
2026-03-14 20:15:11 - Level1 - Insert query: INSERT INTO vyavahara (
            balakedara, ketebida, prakara, purba, bartaman, ayoga, koduvavanu, tiarikala, commission_status, process_date
        ) VALUES (
            '1175875', '500', 'LVLCOMM1', '656', '658', '2', '1175912', '2026-03-14 20:15:11', 0, '2026-03-15'
        )
2026-03-14 20:15:11 - Level1 - ✅ INSERT SUCCESSFUL
2026-03-14 20:15:11 - Level2 - Find upline query: SELECT id FROM shonu_subjects WHERE owncode = '400660113602'
2026-03-14 20:15:11 - Level2 - Upline found: 113607
2026-03-14 20:15:11 - Level2 - Insert query: INSERT INTO vyavahara (
            balakedara, ketebida, prakara, purba, bartaman, ayoga, koduvavanu, tiarikala, commission_status, process_date
        ) VALUES (
            '113607', '500', 'LVLCOMM2', '19200981.17274', '19200982.42274', '1.25', '1175912', '2026-03-14 20:15:11', 0, '2026-03-15'
        )
2026-03-14 20:15:11 - Level2 - ✅ INSERT SUCCESSFUL
2026-03-14 20:15:11 - Level3 - Find upline query: SELECT id FROM shonu_subjects WHERE owncode = '116629030908'
2026-03-14 20:15:11 - Level3 - Upline found: 113033
2026-03-14 20:15:11 - Level3 - Insert query: INSERT INTO vyavahara (
            balakedara, ketebida, prakara, purba, bartaman, ayoga, koduvavanu, tiarikala, commission_status, process_date
        ) VALUES (
            '113033', '500', 'LVLCOMM3', '10539.65049', '10540.05049', '0.4', '1175912', '2026-03-14 20:15:11', 0, '2026-03-15'
        )
2026-03-14 20:15:11 - Level3 - ✅ INSERT SUCCESSFUL
2026-03-14 20:15:11 - ========== COMMISSION.PHP ENDED ==========

2026-03-14 20:15:40 - ========== COMMISSION.PHP STARTED ==========
2026-03-14 20:15:40 - Bet amount: 500, User ID: 1175912
2026-03-14 20:15:40 - Level commissions: L1=2, L2=1.25, L3=0.4, L4=0.05, L5=0.025, L6=0.01
2026-03-14 20:15:40 - Codes query: SELECT code, code1, code2, code3, code4, code5 FROM shonu_subjects WHERE id = '1175912'
2026-03-14 20:15:40 - Referral codes: code=7384791175875, code1=400660113602, code2=116629030908, code3=official, code4=, code5=
2026-03-14 20:15:40 - Next process date: 2026-03-15
2026-03-14 20:15:40 - Level1 - Find upline query: SELECT id FROM shonu_subjects WHERE owncode = '7384791175875'
2026-03-14 20:15:40 - Level1 - Upline found: 1175875
2026-03-14 20:15:40 - Level1 - Insert query: INSERT INTO vyavahara (
            balakedara, ketebida, prakara, purba, bartaman, ayoga, koduvavanu, tiarikala, commission_status, process_date
        ) VALUES (
            '1175875', '500', 'LVLCOMM1', '656', '658', '2', '1175912', '2026-03-14 20:15:40', 0, '2026-03-15'
        )
2026-03-14 20:15:40 - Level1 - ✅ INSERT SUCCESSFUL
2026-03-14 20:15:40 - Level2 - Find upline query: SELECT id FROM shonu_subjects WHERE owncode = '400660113602'
2026-03-14 20:15:40 - Level2 - Upline found: 113607
2026-03-14 20:15:40 - Level2 - Insert query: INSERT INTO vyavahara (
            balakedara, ketebida, prakara, purba, bartaman, ayoga, koduvavanu, tiarikala, commission_status, process_date
        ) VALUES (
            '113607', '500', 'LVLCOMM2', '19200981.17274', '19200982.42274', '1.25', '1175912', '2026-03-14 20:15:40', 0, '2026-03-15'
        )
2026-03-14 20:15:40 - Level2 - ✅ INSERT SUCCESSFUL
2026-03-14 20:15:40 - Level3 - Find upline query: SELECT id FROM shonu_subjects WHERE owncode = '116629030908'
2026-03-14 20:15:40 - Level3 - Upline found: 113033
2026-03-14 20:15:40 - Level3 - Insert query: INSERT INTO vyavahara (
            balakedara, ketebida, prakara, purba, bartaman, ayoga, koduvavanu, tiarikala, commission_status, process_date
        ) VALUES (
            '113033', '500', 'LVLCOMM3', '10539.65049', '10540.05049', '0.4', '1175912', '2026-03-14 20:15:40', 0, '2026-03-15'
        )
2026-03-14 20:15:40 - Level3 - ✅ INSERT SUCCESSFUL
2026-03-14 20:15:40 - ========== COMMISSION.PHP ENDED ==========

2026-03-14 20:16:13 - ========== COMMISSION.PHP STARTED ==========
2026-03-14 20:16:13 - Bet amount: 1000, User ID: 1175912
2026-03-14 20:16:13 - Level commissions: L1=4, L2=2.5, L3=0.8, L4=0.1, L5=0.05, L6=0.02
2026-03-14 20:16:13 - Codes query: SELECT code, code1, code2, code3, code4, code5 FROM shonu_subjects WHERE id = '1175912'
2026-03-14 20:16:13 - Referral codes: code=7384791175875, code1=400660113602, code2=116629030908, code3=official, code4=, code5=
2026-03-14 20:16:13 - Next process date: 2026-03-15
2026-03-14 20:16:13 - Level1 - Find upline query: SELECT id FROM shonu_subjects WHERE owncode = '7384791175875'
2026-03-14 20:16:13 - Level1 - Upline found: 1175875
2026-03-14 20:16:13 - Level1 - Insert query: INSERT INTO vyavahara (
            balakedara, ketebida, prakara, purba, bartaman, ayoga, koduvavanu, tiarikala, commission_status, process_date
        ) VALUES (
            '1175875', '1000', 'LVLCOMM1', '656', '660', '4', '1175912', '2026-03-14 20:16:13', 0, '2026-03-15'
        )
2026-03-14 20:16:13 - Level1 - ✅ INSERT SUCCESSFUL
2026-03-14 20:16:13 - Level2 - Find upline query: SELECT id FROM shonu_subjects WHERE owncode = '400660113602'
2026-03-14 20:16:13 - Level2 - Upline found: 113607
2026-03-14 20:16:13 - Level2 - Insert query: INSERT INTO vyavahara (
            balakedara, ketebida, prakara, purba, bartaman, ayoga, koduvavanu, tiarikala, commission_status, process_date
        ) VALUES (
            '113607', '1000', 'LVLCOMM2', '19200981.17274', '19200983.67274', '2.5', '1175912', '2026-03-14 20:16:13', 0, '2026-03-15'
        )
2026-03-14 20:16:13 - Level2 - ✅ INSERT SUCCESSFUL
2026-03-14 20:16:13 - Level3 - Find upline query: SELECT id FROM shonu_subjects WHERE owncode = '116629030908'
2026-03-14 20:16:13 - Level3 - Upline found: 113033
2026-03-14 20:16:13 - Level3 - Insert query: INSERT INTO vyavahara (
            balakedara, ketebida, prakara, purba, bartaman, ayoga, koduvavanu, tiarikala, commission_status, process_date
        ) VALUES (
            '113033', '1000', 'LVLCOMM3', '10539.65049', '10540.45049', '0.8', '1175912', '2026-03-14 20:16:13', 0, '2026-03-15'
        )
2026-03-14 20:16:13 - Level3 - ✅ INSERT SUCCESSFUL
2026-03-14 20:16:13 - ========== COMMISSION.PHP ENDED ==========

2026-03-14 20:16:41 - ========== COMMISSION.PHP STARTED ==========
2026-03-14 20:16:41 - Bet amount: 500, User ID: 1175912
2026-03-14 20:16:41 - Level commissions: L1=2, L2=1.25, L3=0.4, L4=0.05, L5=0.025, L6=0.01
2026-03-14 20:16:41 - Codes query: SELECT code, code1, code2, code3, code4, code5 FROM shonu_subjects WHERE id = '1175912'
2026-03-14 20:16:41 - Referral codes: code=7384791175875, code1=400660113602, code2=116629030908, code3=official, code4=, code5=
2026-03-14 20:16:41 - Next process date: 2026-03-15
2026-03-14 20:16:41 - Level1 - Find upline query: SELECT id FROM shonu_subjects WHERE owncode = '7384791175875'
2026-03-14 20:16:41 - Level1 - Upline found: 1175875
2026-03-14 20:16:41 - Level1 - Insert query: INSERT INTO vyavahara (
            balakedara, ketebida, prakara, purba, bartaman, ayoga, koduvavanu, tiarikala, commission_status, process_date
        ) VALUES (
            '1175875', '500', 'LVLCOMM1', '656', '658', '2', '1175912', '2026-03-14 20:16:41', 0, '2026-03-15'
        )
2026-03-14 20:16:41 - Level1 - ✅ INSERT SUCCESSFUL
2026-03-14 20:16:41 - Level2 - Find upline query: SELECT id FROM shonu_subjects WHERE owncode = '400660113602'
2026-03-14 20:16:41 - Level2 - Upline found: 113607
2026-03-14 20:16:41 - Level2 - Insert query: INSERT INTO vyavahara (
            balakedara, ketebida, prakara, purba, bartaman, ayoga, koduvavanu, tiarikala, commission_status, process_date
        ) VALUES (
            '113607', '500', 'LVLCOMM2', '19200981.17274', '19200982.42274', '1.25', '1175912', '2026-03-14 20:16:41', 0, '2026-03-15'
        )
2026-03-14 20:16:41 - Level2 - ✅ INSERT SUCCESSFUL
2026-03-14 20:16:41 - Level3 - Find upline query: SELECT id FROM shonu_subjects WHERE owncode = '116629030908'
2026-03-14 20:16:41 - Level3 - Upline found: 113033
2026-03-14 20:16:41 - Level3 - Insert query: INSERT INTO vyavahara (
            balakedara, ketebida, prakara, purba, bartaman, ayoga, koduvavanu, tiarikala, commission_status, process_date
        ) VALUES (
            '113033', '500', 'LVLCOMM3', '10539.65049', '10540.05049', '0.4', '1175912', '2026-03-14 20:16:41', 0, '2026-03-15'
        )
2026-03-14 20:16:41 - Level3 - ✅ INSERT SUCCESSFUL
2026-03-14 20:16:41 - ========== COMMISSION.PHP ENDED ==========

2026-03-14 20:17:11 - ========== COMMISSION.PHP STARTED ==========
2026-03-14 20:17:11 - Bet amount: 1000, User ID: 1175912
2026-03-14 20:17:11 - Level commissions: L1=4, L2=2.5, L3=0.8, L4=0.1, L5=0.05, L6=0.02
2026-03-14 20:17:11 - Codes query: SELECT code, code1, code2, code3, code4, code5 FROM shonu_subjects WHERE id = '1175912'
2026-03-14 20:17:11 - Referral codes: code=7384791175875, code1=400660113602, code2=116629030908, code3=official, code4=, code5=
2026-03-14 20:17:11 - Next process date: 2026-03-15
2026-03-14 20:17:11 - Level1 - Find upline query: SELECT id FROM shonu_subjects WHERE owncode = '7384791175875'
2026-03-14 20:17:11 - Level1 - Upline found: 1175875
2026-03-14 20:17:11 - Level1 - Insert query: INSERT INTO vyavahara (
            balakedara, ketebida, prakara, purba, bartaman, ayoga, koduvavanu, tiarikala, commission_status, process_date
        ) VALUES (
            '1175875', '1000', 'LVLCOMM1', '656', '660', '4', '1175912', '2026-03-14 20:17:11', 0, '2026-03-15'
        )
2026-03-14 20:17:11 - Level1 - ✅ INSERT SUCCESSFUL
2026-03-14 20:17:11 - Level2 - Find upline query: SELECT id FROM shonu_subjects WHERE owncode = '400660113602'
2026-03-14 20:17:11 - Level2 - Upline found: 113607
2026-03-14 20:17:11 - Level2 - Insert query: INSERT INTO vyavahara (
            balakedara, ketebida, prakara, purba, bartaman, ayoga, koduvavanu, tiarikala, commission_status, process_date
        ) VALUES (
            '113607', '1000', 'LVLCOMM2', '19200981.17274', '19200983.67274', '2.5', '1175912', '2026-03-14 20:17:11', 0, '2026-03-15'
        )
2026-03-14 20:17:11 - Level2 - ✅ INSERT SUCCESSFUL
2026-03-14 20:17:11 - Level3 - Find upline query: SELECT id FROM shonu_subjects WHERE owncode = '116629030908'
2026-03-14 20:17:11 - Level3 - Upline found: 113033
2026-03-14 20:17:11 - Level3 - Insert query: INSERT INTO vyavahara (
            balakedara, ketebida, prakara, purba, bartaman, ayoga, koduvavanu, tiarikala, commission_status, process_date
        ) VALUES (
            '113033', '1000', 'LVLCOMM3', '10539.65049', '10540.45049', '0.8', '1175912', '2026-03-14 20:17:11', 0, '2026-03-15'
        )
2026-03-14 20:17:11 - Level3 - ✅ INSERT SUCCESSFUL
2026-03-14 20:17:11 - ========== COMMISSION.PHP ENDED ==========

2026-03-14 20:17:40 - ========== COMMISSION.PHP STARTED ==========
2026-03-14 20:17:40 - Bet amount: 500, User ID: 1175912
2026-03-14 20:17:40 - Level commissions: L1=2, L2=1.25, L3=0.4, L4=0.05, L5=0.025, L6=0.01
2026-03-14 20:17:40 - Codes query: SELECT code, code1, code2, code3, code4, code5 FROM shonu_subjects WHERE id = '1175912'
2026-03-14 20:17:40 - Referral codes: code=7384791175875, code1=400660113602, code2=116629030908, code3=official, code4=, code5=
2026-03-14 20:17:40 - Next process date: 2026-03-15
2026-03-14 20:17:40 - Level1 - Find upline query: SELECT id FROM shonu_subjects WHERE owncode = '7384791175875'
2026-03-14 20:17:40 - Level1 - Upline found: 1175875
2026-03-14 20:17:40 - Level1 - Insert query: INSERT INTO vyavahara (
            balakedara, ketebida, prakara, purba, bartaman, ayoga, koduvavanu, tiarikala, commission_status, process_date
        ) VALUES (
            '1175875', '500', 'LVLCOMM1', '656', '658', '2', '1175912', '2026-03-14 20:17:40', 0, '2026-03-15'
        )
2026-03-14 20:17:40 - Level1 - ✅ INSERT SUCCESSFUL
2026-03-14 20:17:40 - Level2 - Find upline query: SELECT id FROM shonu_subjects WHERE owncode = '400660113602'
2026-03-14 20:17:40 - Level2 - Upline found: 113607
2026-03-14 20:17:40 - Level2 - Insert query: INSERT INTO vyavahara (
            balakedara, ketebida, prakara, purba, bartaman, ayoga, koduvavanu, tiarikala, commission_status, process_date
        ) VALUES (
            '113607', '500', 'LVLCOMM2', '19200981.17274', '19200982.42274', '1.25', '1175912', '2026-03-14 20:17:40', 0, '2026-03-15'
        )
2026-03-14 20:17:40 - Level2 - ✅ INSERT SUCCESSFUL
2026-03-14 20:17:40 - Level3 - Find upline query: SELECT id FROM shonu_subjects WHERE owncode = '116629030908'
2026-03-14 20:17:40 - Level3 - Upline found: 113033
2026-03-14 20:17:40 - Level3 - Insert query: INSERT INTO vyavahara (
            balakedara, ketebida, prakara, purba, bartaman, ayoga, koduvavanu, tiarikala, commission_status, process_date
        ) VALUES (
            '113033', '500', 'LVLCOMM3', '10539.65049', '10540.05049', '0.4', '1175912', '2026-03-14 20:17:40', 0, '2026-03-15'
        )
2026-03-14 20:17:40 - Level3 - ✅ INSERT SUCCESSFUL
2026-03-14 20:17:40 - ========== COMMISSION.PHP ENDED ==========

2026-03-14 20:18:08 - ========== COMMISSION.PHP STARTED ==========
2026-03-14 20:18:08 - Bet amount: 1000, User ID: 1175912
2026-03-14 20:18:08 - Level commissions: L1=4, L2=2.5, L3=0.8, L4=0.1, L5=0.05, L6=0.02
2026-03-14 20:18:08 - Codes query: SELECT code, code1, code2, code3, code4, code5 FROM shonu_subjects WHERE id = '1175912'
2026-03-14 20:18:08 - Referral codes: code=7384791175875, code1=400660113602, code2=116629030908, code3=official, code4=, code5=
2026-03-14 20:18:08 - Next process date: 2026-03-15
2026-03-14 20:18:08 - Level1 - Find upline query: SELECT id FROM shonu_subjects WHERE owncode = '7384791175875'
2026-03-14 20:18:08 - Level1 - Upline found: 1175875
2026-03-14 20:18:08 - Level1 - Insert query: INSERT INTO vyavahara (
            balakedara, ketebida, prakara, purba, bartaman, ayoga, koduvavanu, tiarikala, commission_status, process_date
        ) VALUES (
            '1175875', '1000', 'LVLCOMM1', '711', '715', '4', '1175912', '2026-03-14 20:18:08', 0, '2026-03-15'
        )
2026-03-14 20:18:08 - Level1 - ✅ INSERT SUCCESSFUL
2026-03-14 20:18:08 - Level2 - Find upline query: SELECT id FROM shonu_subjects WHERE owncode = '400660113602'
2026-03-14 20:18:08 - Level2 - Upline found: 113607
2026-03-14 20:18:08 - Level2 - Insert query: INSERT INTO vyavahara (
            balakedara, ketebida, prakara, purba, bartaman, ayoga, koduvavanu, tiarikala, commission_status, process_date
        ) VALUES (
            '113607', '1000', 'LVLCOMM2', '19200981.17274', '19200983.67274', '2.5', '1175912', '2026-03-14 20:18:08', 0, '2026-03-15'
        )
2026-03-14 20:18:08 - Level2 - ✅ INSERT SUCCESSFUL
2026-03-14 20:18:08 - Level3 - Find upline query: SELECT id FROM shonu_subjects WHERE owncode = '116629030908'
2026-03-14 20:18:08 - Level3 - Upline found: 113033
2026-03-14 20:18:08 - Level3 - Insert query: INSERT INTO vyavahara (
            balakedara, ketebida, prakara, purba, bartaman, ayoga, koduvavanu, tiarikala, commission_status, process_date
        ) VALUES (
            '113033', '1000', 'LVLCOMM3', '10539.65049', '10540.45049', '0.8', '1175912', '2026-03-14 20:18:08', 0, '2026-03-15'
        )
2026-03-14 20:18:08 - Level3 - ✅ INSERT SUCCESSFUL
2026-03-14 20:18:08 - ========== COMMISSION.PHP ENDED ==========

2026-03-14 20:18:40 - ========== COMMISSION.PHP STARTED ==========
2026-03-14 20:18:40 - Bet amount: 500, User ID: 1175912
2026-03-14 20:18:40 - Level commissions: L1=2, L2=1.25, L3=0.4, L4=0.05, L5=0.025, L6=0.01
2026-03-14 20:18:40 - Codes query: SELECT code, code1, code2, code3, code4, code5 FROM shonu_subjects WHERE id = '1175912'
2026-03-14 20:18:40 - Referral codes: code=7384791175875, code1=400660113602, code2=116629030908, code3=official, code4=, code5=
2026-03-14 20:18:40 - Next process date: 2026-03-15
2026-03-14 20:18:40 - Level1 - Find upline query: SELECT id FROM shonu_subjects WHERE owncode = '7384791175875'
2026-03-14 20:18:40 - Level1 - Upline found: 1175875
2026-03-14 20:18:40 - Level1 - Insert query: INSERT INTO vyavahara (
            balakedara, ketebida, prakara, purba, bartaman, ayoga, koduvavanu, tiarikala, commission_status, process_date
        ) VALUES (
            '1175875', '500', 'LVLCOMM1', '711', '713', '2', '1175912', '2026-03-14 20:18:40', 0, '2026-03-15'
        )
2026-03-14 20:18:40 - Level1 - ✅ INSERT SUCCESSFUL
2026-03-14 20:18:40 - Level2 - Find upline query: SELECT id FROM shonu_subjects WHERE owncode = '400660113602'
2026-03-14 20:18:40 - Level2 - Upline found: 113607
2026-03-14 20:18:40 - Level2 - Insert query: INSERT INTO vyavahara (
            balakedara, ketebida, prakara, purba, bartaman, ayoga, koduvavanu, tiarikala, commission_status, process_date
        ) VALUES (
            '113607', '500', 'LVLCOMM2', '19200981.17274', '19200982.42274', '1.25', '1175912', '2026-03-14 20:18:40', 0, '2026-03-15'
        )
2026-03-14 20:18:40 - Level2 - ✅ INSERT SUCCESSFUL
2026-03-14 20:18:40 - Level3 - Find upline query: SELECT id FROM shonu_subjects WHERE owncode = '116629030908'
2026-03-14 20:18:40 - Level3 - Upline found: 113033
2026-03-14 20:18:40 - Level3 - Insert query: INSERT INTO vyavahara (
            balakedara, ketebida, prakara, purba, bartaman, ayoga, koduvavanu, tiarikala, commission_status, process_date
        ) VALUES (
            '113033', '500', 'LVLCOMM3', '10539.65049', '10540.05049', '0.4', '1175912', '2026-03-14 20:18:40', 0, '2026-03-15'
        )
2026-03-14 20:18:40 - Level3 - ✅ INSERT SUCCESSFUL
2026-03-14 20:18:40 - ========== COMMISSION.PHP ENDED ==========

2026-03-14 20:19:08 - ========== COMMISSION.PHP STARTED ==========
2026-03-14 20:19:08 - Bet amount: 1000, User ID: 1175912
2026-03-14 20:19:08 - Level commissions: L1=4, L2=2.5, L3=0.8, L4=0.1, L5=0.05, L6=0.02
2026-03-14 20:19:08 - Codes query: SELECT code, code1, code2, code3, code4, code5 FROM shonu_subjects WHERE id = '1175912'
2026-03-14 20:19:08 - Referral codes: code=7384791175875, code1=400660113602, code2=116629030908, code3=official, code4=, code5=
2026-03-14 20:19:08 - Next process date: 2026-03-15
2026-03-14 20:19:08 - Level1 - Find upline query: SELECT id FROM shonu_subjects WHERE owncode = '7384791175875'
2026-03-14 20:19:08 - Level1 - Upline found: 1175875
2026-03-14 20:19:08 - Level1 - Insert query: INSERT INTO vyavahara (
            balakedara, ketebida, prakara, purba, bartaman, ayoga, koduvavanu, tiarikala, commission_status, process_date
        ) VALUES (
            '1175875', '1000', 'LVLCOMM1', '711', '715', '4', '1175912', '2026-03-14 20:19:08', 0, '2026-03-15'
        )
2026-03-14 20:19:08 - Level1 - ✅ INSERT SUCCESSFUL
2026-03-14 20:19:08 - Level2 - Find upline query: SELECT id FROM shonu_subjects WHERE owncode = '400660113602'
2026-03-14 20:19:08 - Level2 - Upline found: 113607
2026-03-14 20:19:08 - Level2 - Insert query: INSERT INTO vyavahara (
            balakedara, ketebida, prakara, purba, bartaman, ayoga, koduvavanu, tiarikala, commission_status, process_date
        ) VALUES (
            '113607', '1000', 'LVLCOMM2', '19200981.17274', '19200983.67274', '2.5', '1175912', '2026-03-14 20:19:08', 0, '2026-03-15'
        )
2026-03-14 20:19:08 - Level2 - ✅ INSERT SUCCESSFUL
2026-03-14 20:19:08 - Level3 - Find upline query: SELECT id FROM shonu_subjects WHERE owncode = '116629030908'
2026-03-14 20:19:08 - Level3 - Upline found: 113033
2026-03-14 20:19:08 - Level3 - Insert query: INSERT INTO vyavahara (
            balakedara, ketebida, prakara, purba, bartaman, ayoga, koduvavanu, tiarikala, commission_status, process_date
        ) VALUES (
            '113033', '1000', 'LVLCOMM3', '10539.65049', '10540.45049', '0.8', '1175912', '2026-03-14 20:19:08', 0, '2026-03-15'
        )
2026-03-14 20:19:08 - Level3 - ✅ INSERT SUCCESSFUL
2026-03-14 20:19:08 - ========== COMMISSION.PHP ENDED ==========

2026-03-14 20:19:38 - ========== COMMISSION.PHP STARTED ==========
2026-03-14 20:19:38 - Bet amount: 1000, User ID: 1175912
2026-03-14 20:19:38 - Level commissions: L1=4, L2=2.5, L3=0.8, L4=0.1, L5=0.05, L6=0.02
2026-03-14 20:19:38 - Codes query: SELECT code, code1, code2, code3, code4, code5 FROM shonu_subjects WHERE id = '1175912'
2026-03-14 20:19:38 - Referral codes: code=7384791175875, code1=400660113602, code2=116629030908, code3=official, code4=, code5=
2026-03-14 20:19:38 - Next process date: 2026-03-15
2026-03-14 20:19:38 - Level1 - Find upline query: SELECT id FROM shonu_subjects WHERE owncode = '7384791175875'
2026-03-14 20:19:38 - Level1 - Upline found: 1175875
2026-03-14 20:19:38 - Level1 - Insert query: INSERT INTO vyavahara (
            balakedara, ketebida, prakara, purba, bartaman, ayoga, koduvavanu, tiarikala, commission_status, process_date
        ) VALUES (
            '1175875', '1000', 'LVLCOMM1', '711', '715', '4', '1175912', '2026-03-14 20:19:38', 0, '2026-03-15'
        )
2026-03-14 20:19:38 - Level1 - ✅ INSERT SUCCESSFUL
2026-03-14 20:19:38 - Level2 - Find upline query: SELECT id FROM shonu_subjects WHERE owncode = '400660113602'
2026-03-14 20:19:38 - Level2 - Upline found: 113607
2026-03-14 20:19:38 - Level2 - Insert query: INSERT INTO vyavahara (
            balakedara, ketebida, prakara, purba, bartaman, ayoga, koduvavanu, tiarikala, commission_status, process_date
        ) VALUES (
            '113607', '1000', 'LVLCOMM2', '19200981.17274', '19200983.67274', '2.5', '1175912', '2026-03-14 20:19:38', 0, '2026-03-15'
        )
2026-03-14 20:19:38 - Level2 - ✅ INSERT SUCCESSFUL
2026-03-14 20:19:38 - Level3 - Find upline query: SELECT id FROM shonu_subjects WHERE owncode = '116629030908'
2026-03-14 20:19:38 - Level3 - Upline found: 113033
2026-03-14 20:19:38 - Level3 - Insert query: INSERT INTO vyavahara (
            balakedara, ketebida, prakara, purba, bartaman, ayoga, koduvavanu, tiarikala, commission_status, process_date
        ) VALUES (
            '113033', '1000', 'LVLCOMM3', '10539.65049', '10540.45049', '0.8', '1175912', '2026-03-14 20:19:38', 0, '2026-03-15'
        )
2026-03-14 20:19:38 - Level3 - ✅ INSERT SUCCESSFUL
2026-03-14 20:19:38 - ========== COMMISSION.PHP ENDED ==========

2026-03-14 20:20:09 - ========== COMMISSION.PHP STARTED ==========
2026-03-14 20:20:09 - Bet amount: 1000, User ID: 1175912
2026-03-14 20:20:09 - Level commissions: L1=4, L2=2.5, L3=0.8, L4=0.1, L5=0.05, L6=0.02
2026-03-14 20:20:09 - Codes query: SELECT code, code1, code2, code3, code4, code5 FROM shonu_subjects WHERE id = '1175912'
2026-03-14 20:20:09 - Referral codes: code=7384791175875, code1=400660113602, code2=116629030908, code3=official, code4=, code5=
2026-03-14 20:20:09 - Next process date: 2026-03-15
2026-03-14 20:20:09 - Level1 - Find upline query: SELECT id FROM shonu_subjects WHERE owncode = '7384791175875'
2026-03-14 20:20:09 - Level1 - Upline found: 1175875
2026-03-14 20:20:09 - Level1 - Insert query: INSERT INTO vyavahara (
            balakedara, ketebida, prakara, purba, bartaman, ayoga, koduvavanu, tiarikala, commission_status, process_date
        ) VALUES (
            '1175875', '1000', 'LVLCOMM1', '711', '715', '4', '1175912', '2026-03-14 20:20:09', 0, '2026-03-15'
        )
2026-03-14 20:20:09 - Level1 - ✅ INSERT SUCCESSFUL
2026-03-14 20:20:09 - Level2 - Find upline query: SELECT id FROM shonu_subjects WHERE owncode = '400660113602'
2026-03-14 20:20:09 - Level2 - Upline found: 113607
2026-03-14 20:20:09 - Level2 - Insert query: INSERT INTO vyavahara (
            balakedara, ketebida, prakara, purba, bartaman, ayoga, koduvavanu, tiarikala, commission_status, process_date
        ) VALUES (
            '113607', '1000', 'LVLCOMM2', '19200981.17274', '19200983.67274', '2.5', '1175912', '2026-03-14 20:20:09', 0, '2026-03-15'
        )
2026-03-14 20:20:09 - Level2 - ✅ INSERT SUCCESSFUL
2026-03-14 20:20:09 - Level3 - Find upline query: SELECT id FROM shonu_subjects WHERE owncode = '116629030908'
2026-03-14 20:20:09 - Level3 - Upline found: 113033
2026-03-14 20:20:09 - Level3 - Insert query: INSERT INTO vyavahara (
            balakedara, ketebida, prakara, purba, bartaman, ayoga, koduvavanu, tiarikala, commission_status, process_date
        ) VALUES (
            '113033', '1000', 'LVLCOMM3', '10539.65049', '10540.45049', '0.8', '1175912', '2026-03-14 20:20:09', 0, '2026-03-15'
        )
2026-03-14 20:20:09 - Level3 - ✅ INSERT SUCCESSFUL
2026-03-14 20:20:09 - ========== COMMISSION.PHP ENDED ==========

2026-03-14 20:20:49 - ========== COMMISSION.PHP STARTED ==========
2026-03-14 20:20:49 - Bet amount: 2000, User ID: 1175912
2026-03-14 20:20:49 - Level commissions: L1=8, L2=5, L3=1.6, L4=0.2, L5=0.1, L6=0.04
2026-03-14 20:20:49 - Codes query: SELECT code, code1, code2, code3, code4, code5 FROM shonu_subjects WHERE id = '1175912'
2026-03-14 20:20:49 - Referral codes: code=7384791175875, code1=400660113602, code2=116629030908, code3=official, code4=, code5=
2026-03-14 20:20:49 - Next process date: 2026-03-15
2026-03-14 20:20:49 - Level1 - Find upline query: SELECT id FROM shonu_subjects WHERE owncode = '7384791175875'
2026-03-14 20:20:49 - Level1 - Upline found: 1175875
2026-03-14 20:20:49 - Level1 - Insert query: INSERT INTO vyavahara (
            balakedara, ketebida, prakara, purba, bartaman, ayoga, koduvavanu, tiarikala, commission_status, process_date
        ) VALUES (
            '1175875', '2000', 'LVLCOMM1', '711', '719', '8', '1175912', '2026-03-14 20:20:49', 0, '2026-03-15'
        )
2026-03-14 20:20:49 - Level1 - ✅ INSERT SUCCESSFUL
2026-03-14 20:20:49 - Level2 - Find upline query: SELECT id FROM shonu_subjects WHERE owncode = '400660113602'
2026-03-14 20:20:49 - Level2 - Upline found: 113607
2026-03-14 20:20:49 - Level2 - Insert query: INSERT INTO vyavahara (
            balakedara, ketebida, prakara, purba, bartaman, ayoga, koduvavanu, tiarikala, commission_status, process_date
        ) VALUES (
            '113607', '2000', 'LVLCOMM2', '19200981.17274', '19200986.17274', '5', '1175912', '2026-03-14 20:20:49', 0, '2026-03-15'
        )
2026-03-14 20:20:49 - Level2 - ✅ INSERT SUCCESSFUL
2026-03-14 20:20:49 - Level3 - Find upline query: SELECT id FROM shonu_subjects WHERE owncode = '116629030908'
2026-03-14 20:20:49 - Level3 - Upline found: 113033
2026-03-14 20:20:49 - Level3 - Insert query: INSERT INTO vyavahara (
            balakedara, ketebida, prakara, purba, bartaman, ayoga, koduvavanu, tiarikala, commission_status, process_date
        ) VALUES (
            '113033', '2000', 'LVLCOMM3', '10539.65049', '10541.25049', '1.6', '1175912', '2026-03-14 20:20:49', 0, '2026-03-15'
        )
2026-03-14 20:20:49 - Level3 - ✅ INSERT SUCCESSFUL
2026-03-14 20:20:49 - ========== COMMISSION.PHP ENDED ==========

2026-03-14 20:21:11 - ========== COMMISSION.PHP STARTED ==========
2026-03-14 20:21:11 - Bet amount: 1000, User ID: 1175912
2026-03-14 20:21:11 - Level commissions: L1=4, L2=2.5, L3=0.8, L4=0.1, L5=0.05, L6=0.02
2026-03-14 20:21:11 - Codes query: SELECT code, code1, code2, code3, code4, code5 FROM shonu_subjects WHERE id = '1175912'
2026-03-14 20:21:11 - Referral codes: code=7384791175875, code1=400660113602, code2=116629030908, code3=official, code4=, code5=
2026-03-14 20:21:11 - Next process date: 2026-03-15
2026-03-14 20:21:11 - Level1 - Find upline query: SELECT id FROM shonu_subjects WHERE owncode = '7384791175875'
2026-03-14 20:21:11 - Level1 - Upline found: 1175875
2026-03-14 20:21:11 - Level1 - Insert query: INSERT INTO vyavahara (
            balakedara, ketebida, prakara, purba, bartaman, ayoga, koduvavanu, tiarikala, commission_status, process_date
        ) VALUES (
            '1175875', '1000', 'LVLCOMM1', '711', '715', '4', '1175912', '2026-03-14 20:21:11', 0, '2026-03-15'
        )
2026-03-14 20:21:11 - Level1 - ✅ INSERT SUCCESSFUL
2026-03-14 20:21:11 - Level2 - Find upline query: SELECT id FROM shonu_subjects WHERE owncode = '400660113602'
2026-03-14 20:21:11 - Level2 - Upline found: 113607
2026-03-14 20:21:11 - Level2 - Insert query: INSERT INTO vyavahara (
            balakedara, ketebida, prakara, purba, bartaman, ayoga, koduvavanu, tiarikala, commission_status, process_date
        ) VALUES (
            '113607', '1000', 'LVLCOMM2', '19200981.17274', '19200983.67274', '2.5', '1175912', '2026-03-14 20:21:11', 0, '2026-03-15'
        )
2026-03-14 20:21:11 - Level2 - ✅ INSERT SUCCESSFUL
2026-03-14 20:21:11 - Level3 - Find upline query: SELECT id FROM shonu_subjects WHERE owncode = '116629030908'
2026-03-14 20:21:11 - Level3 - Upline found: 113033
2026-03-14 20:21:11 - Level3 - Insert query: INSERT INTO vyavahara (
            balakedara, ketebida, prakara, purba, bartaman, ayoga, koduvavanu, tiarikala, commission_status, process_date
        ) VALUES (
            '113033', '1000', 'LVLCOMM3', '10539.65049', '10540.45049', '0.8', '1175912', '2026-03-14 20:21:11', 0, '2026-03-15'
        )
2026-03-14 20:21:11 - Level3 - ✅ INSERT SUCCESSFUL
2026-03-14 20:21:11 - ========== COMMISSION.PHP ENDED ==========

2026-03-14 20:21:41 - ========== COMMISSION.PHP STARTED ==========
2026-03-14 20:21:41 - Bet amount: 1000, User ID: 1175912
2026-03-14 20:21:41 - Level commissions: L1=4, L2=2.5, L3=0.8, L4=0.1, L5=0.05, L6=0.02
2026-03-14 20:21:41 - Codes query: SELECT code, code1, code2, code3, code4, code5 FROM shonu_subjects WHERE id = '1175912'
2026-03-14 20:21:41 - Referral codes: code=7384791175875, code1=400660113602, code2=116629030908, code3=official, code4=, code5=
2026-03-14 20:21:41 - Next process date: 2026-03-15
2026-03-14 20:21:41 - Level1 - Find upline query: SELECT id FROM shonu_subjects WHERE owncode = '7384791175875'
2026-03-14 20:21:41 - Level1 - Upline found: 1175875
2026-03-14 20:21:41 - Level1 - Insert query: INSERT INTO vyavahara (
            balakedara, ketebida, prakara, purba, bartaman, ayoga, koduvavanu, tiarikala, commission_status, process_date
        ) VALUES (
            '1175875', '1000', 'LVLCOMM1', '711', '715', '4', '1175912', '2026-03-14 20:21:41', 0, '2026-03-15'
        )
2026-03-14 20:21:41 - Level1 - ✅ INSERT SUCCESSFUL
2026-03-14 20:21:41 - Level2 - Find upline query: SELECT id FROM shonu_subjects WHERE owncode = '400660113602'
2026-03-14 20:21:41 - Level2 - Upline found: 113607
2026-03-14 20:21:41 - Level2 - Insert query: INSERT INTO vyavahara (
            balakedara, ketebida, prakara, purba, bartaman, ayoga, koduvavanu, tiarikala, commission_status, process_date
        ) VALUES (
            '113607', '1000', 'LVLCOMM2', '19200981.17274', '19200983.67274', '2.5', '1175912', '2026-03-14 20:21:41', 0, '2026-03-15'
        )
2026-03-14 20:21:41 - Level2 - ✅ INSERT SUCCESSFUL
2026-03-14 20:21:41 - Level3 - Find upline query: SELECT id FROM shonu_subjects WHERE owncode = '116629030908'
2026-03-14 20:21:41 - Level3 - Upline found: 113033
2026-03-14 20:21:41 - Level3 - Insert query: INSERT INTO vyavahara (
            balakedara, ketebida, prakara, purba, bartaman, ayoga, koduvavanu, tiarikala, commission_status, process_date
        ) VALUES (
            '113033', '1000', 'LVLCOMM3', '10539.65049', '10540.45049', '0.8', '1175912', '2026-03-14 20:21:41', 0, '2026-03-15'
        )
2026-03-14 20:21:41 - Level3 - ✅ INSERT SUCCESSFUL
2026-03-14 20:21:41 - ========== COMMISSION.PHP ENDED ==========

2026-03-14 20:22:08 - ========== COMMISSION.PHP STARTED ==========
2026-03-14 20:22:08 - Bet amount: 1000, User ID: 1175912
2026-03-14 20:22:08 - Level commissions: L1=4, L2=2.5, L3=0.8, L4=0.1, L5=0.05, L6=0.02
2026-03-14 20:22:08 - Codes query: SELECT code, code1, code2, code3, code4, code5 FROM shonu_subjects WHERE id = '1175912'
2026-03-14 20:22:08 - Referral codes: code=7384791175875, code1=400660113602, code2=116629030908, code3=official, code4=, code5=
2026-03-14 20:22:08 - Next process date: 2026-03-15
2026-03-14 20:22:08 - Level1 - Find upline query: SELECT id FROM shonu_subjects WHERE owncode = '7384791175875'
2026-03-14 20:22:08 - Level1 - Upline found: 1175875
2026-03-14 20:22:08 - Level1 - Insert query: INSERT INTO vyavahara (
            balakedara, ketebida, prakara, purba, bartaman, ayoga, koduvavanu, tiarikala, commission_status, process_date
        ) VALUES (
            '1175875', '1000', 'LVLCOMM1', '711', '715', '4', '1175912', '2026-03-14 20:22:08', 0, '2026-03-15'
        )
2026-03-14 20:22:08 - Level1 - ✅ INSERT SUCCESSFUL
2026-03-14 20:22:08 - Level2 - Find upline query: SELECT id FROM shonu_subjects WHERE owncode = '400660113602'
2026-03-14 20:22:08 - Level2 - Upline found: 113607
2026-03-14 20:22:08 - Level2 - Insert query: INSERT INTO vyavahara (
            balakedara, ketebida, prakara, purba, bartaman, ayoga, koduvavanu, tiarikala, commission_status, process_date
        ) VALUES (
            '113607', '1000', 'LVLCOMM2', '19200981.17274', '19200983.67274', '2.5', '1175912', '2026-03-14 20:22:08', 0, '2026-03-15'
        )
2026-03-14 20:22:08 - Level2 - ✅ INSERT SUCCESSFUL
2026-03-14 20:22:08 - Level3 - Find upline query: SELECT id FROM shonu_subjects WHERE owncode = '116629030908'
2026-03-14 20:22:08 - Level3 - Upline found: 113033
2026-03-14 20:22:08 - Level3 - Insert query: INSERT INTO vyavahara (
            balakedara, ketebida, prakara, purba, bartaman, ayoga, koduvavanu, tiarikala, commission_status, process_date
        ) VALUES (
            '113033', '1000', 'LVLCOMM3', '10539.65049', '10540.45049', '0.8', '1175912', '2026-03-14 20:22:08', 0, '2026-03-15'
        )
2026-03-14 20:22:08 - Level3 - ✅ INSERT SUCCESSFUL
2026-03-14 20:22:08 - ========== COMMISSION.PHP ENDED ==========

2026-03-14 20:22:51 - ========== COMMISSION.PHP STARTED ==========
2026-03-14 20:22:51 - Bet amount: 2000, User ID: 1175912
2026-03-14 20:22:51 - Level commissions: L1=8, L2=5, L3=1.6, L4=0.2, L5=0.1, L6=0.04
2026-03-14 20:22:51 - Codes query: SELECT code, code1, code2, code3, code4, code5 FROM shonu_subjects WHERE id = '1175912'
2026-03-14 20:22:51 - Referral codes: code=7384791175875, code1=400660113602, code2=116629030908, code3=official, code4=, code5=
2026-03-14 20:22:51 - Next process date: 2026-03-15
2026-03-14 20:22:51 - Level1 - Find upline query: SELECT id FROM shonu_subjects WHERE owncode = '7384791175875'
2026-03-14 20:22:51 - Level1 - Upline found: 1175875
2026-03-14 20:22:51 - Level1 - Insert query: INSERT INTO vyavahara (
            balakedara, ketebida, prakara, purba, bartaman, ayoga, koduvavanu, tiarikala, commission_status, process_date
        ) VALUES (
            '1175875', '2000', 'LVLCOMM1', '711', '719', '8', '1175912', '2026-03-14 20:22:51', 0, '2026-03-15'
        )
2026-03-14 20:22:51 - Level1 - ✅ INSERT SUCCESSFUL
2026-03-14 20:22:51 - Level2 - Find upline query: SELECT id FROM shonu_subjects WHERE owncode = '400660113602'
2026-03-14 20:22:51 - Level2 - Upline found: 113607
2026-03-14 20:22:51 - Level2 - Insert query: INSERT INTO vyavahara (
            balakedara, ketebida, prakara, purba, bartaman, ayoga, koduvavanu, tiarikala, commission_status, process_date
        ) VALUES (
            '113607', '2000', 'LVLCOMM2', '19200981.17274', '19200986.17274', '5', '1175912', '2026-03-14 20:22:51', 0, '2026-03-15'
        )
2026-03-14 20:22:51 - Level2 - ✅ INSERT SUCCESSFUL
2026-03-14 20:22:51 - Level3 - Find upline query: SELECT id FROM shonu_subjects WHERE owncode = '116629030908'
2026-03-14 20:22:51 - Level3 - Upline found: 113033
2026-03-14 20:22:51 - Level3 - Insert query: INSERT INTO vyavahara (
            balakedara, ketebida, prakara, purba, bartaman, ayoga, koduvavanu, tiarikala, commission_status, process_date
        ) VALUES (
            '113033', '2000', 'LVLCOMM3', '10539.65049', '10541.25049', '1.6', '1175912', '2026-03-14 20:22:51', 0, '2026-03-15'
        )
2026-03-14 20:22:51 - Level3 - ✅ INSERT SUCCESSFUL
2026-03-14 20:22:51 - ========== COMMISSION.PHP ENDED ==========

2026-03-14 20:23:09 - ========== COMMISSION.PHP STARTED ==========
2026-03-14 20:23:09 - Bet amount: 5000, User ID: 1175912
2026-03-14 20:23:09 - Level commissions: L1=20, L2=12.5, L3=4, L4=0.5, L5=0.25, L6=0.1
2026-03-14 20:23:09 - Codes query: SELECT code, code1, code2, code3, code4, code5 FROM shonu_subjects WHERE id = '1175912'
2026-03-14 20:23:09 - Referral codes: code=7384791175875, code1=400660113602, code2=116629030908, code3=official, code4=, code5=
2026-03-14 20:23:09 - Next process date: 2026-03-15
2026-03-14 20:23:09 - Level1 - Find upline query: SELECT id FROM shonu_subjects WHERE owncode = '7384791175875'
2026-03-14 20:23:09 - Level1 - Upline found: 1175875
2026-03-14 20:23:09 - Level1 - Insert query: INSERT INTO vyavahara (
            balakedara, ketebida, prakara, purba, bartaman, ayoga, koduvavanu, tiarikala, commission_status, process_date
        ) VALUES (
            '1175875', '5000', 'LVLCOMM1', '711', '731', '20', '1175912', '2026-03-14 20:23:09', 0, '2026-03-15'
        )
2026-03-14 20:23:09 - Level1 - ✅ INSERT SUCCESSFUL
2026-03-14 20:23:09 - Level2 - Find upline query: SELECT id FROM shonu_subjects WHERE owncode = '400660113602'
2026-03-14 20:23:09 - Level2 - Upline found: 113607
2026-03-14 20:23:09 - Level2 - Insert query: INSERT INTO vyavahara (
            balakedara, ketebida, prakara, purba, bartaman, ayoga, koduvavanu, tiarikala, commission_status, process_date
        ) VALUES (
            '113607', '5000', 'LVLCOMM2', '19200981.17274', '19200993.67274', '12.5', '1175912', '2026-03-14 20:23:09', 0, '2026-03-15'
        )
2026-03-14 20:23:09 - Level2 - ✅ INSERT SUCCESSFUL
2026-03-14 20:23:09 - Level3 - Find upline query: SELECT id FROM shonu_subjects WHERE owncode = '116629030908'
2026-03-14 20:23:09 - Level3 - Upline found: 113033
2026-03-14 20:23:09 - Level3 - Insert query: INSERT INTO vyavahara (
            balakedara, ketebida, prakara, purba, bartaman, ayoga, koduvavanu, tiarikala, commission_status, process_date
        ) VALUES (
            '113033', '5000', 'LVLCOMM3', '10539.65049', '10543.65049', '4', '1175912', '2026-03-14 20:23:09', 0, '2026-03-15'
        )
2026-03-14 20:23:09 - Level3 - ✅ INSERT SUCCESSFUL
2026-03-14 20:23:09 - ========== COMMISSION.PHP ENDED ==========

2026-03-14 20:23:41 - ========== COMMISSION.PHP STARTED ==========
2026-03-14 20:23:41 - Bet amount: 500, User ID: 1175912
2026-03-14 20:23:41 - Level commissions: L1=2, L2=1.25, L3=0.4, L4=0.05, L5=0.025, L6=0.01
2026-03-14 20:23:41 - Codes query: SELECT code, code1, code2, code3, code4, code5 FROM shonu_subjects WHERE id = '1175912'
2026-03-14 20:23:41 - Referral codes: code=7384791175875, code1=400660113602, code2=116629030908, code3=official, code4=, code5=
2026-03-14 20:23:41 - Next process date: 2026-03-15
2026-03-14 20:23:41 - Level1 - Find upline query: SELECT id FROM shonu_subjects WHERE owncode = '7384791175875'
2026-03-14 20:23:41 - Level1 - Upline found: 1175875
2026-03-14 20:23:41 - Level1 - Insert query: INSERT INTO vyavahara (
            balakedara, ketebida, prakara, purba, bartaman, ayoga, koduvavanu, tiarikala, commission_status, process_date
        ) VALUES (
            '1175875', '500', 'LVLCOMM1', '711', '713', '2', '1175912', '2026-03-14 20:23:41', 0, '2026-03-15'
        )
2026-03-14 20:23:41 - Level1 - ✅ INSERT SUCCESSFUL
2026-03-14 20:23:41 - Level2 - Find upline query: SELECT id FROM shonu_subjects WHERE owncode = '400660113602'
2026-03-14 20:23:41 - Level2 - Upline found: 113607
2026-03-14 20:23:41 - Level2 - Insert query: INSERT INTO vyavahara (
            balakedara, ketebida, prakara, purba, bartaman, ayoga, koduvavanu, tiarikala, commission_status, process_date
        ) VALUES (
            '113607', '500', 'LVLCOMM2', '19200981.17274', '19200982.42274', '1.25', '1175912', '2026-03-14 20:23:41', 0, '2026-03-15'
        )
2026-03-14 20:23:41 - Level2 - ✅ INSERT SUCCESSFUL
2026-03-14 20:23:41 - Level3 - Find upline query: SELECT id FROM shonu_subjects WHERE owncode = '116629030908'
2026-03-14 20:23:41 - Level3 - Upline found: 113033
2026-03-14 20:23:41 - Level3 - Insert query: INSERT INTO vyavahara (
            balakedara, ketebida, prakara, purba, bartaman, ayoga, koduvavanu, tiarikala, commission_status, process_date
        ) VALUES (
            '113033', '500', 'LVLCOMM3', '10539.65049', '10540.05049', '0.4', '1175912', '2026-03-14 20:23:41', 0, '2026-03-15'
        )
2026-03-14 20:23:41 - Level3 - ✅ INSERT SUCCESSFUL
2026-03-14 20:23:41 - ========== COMMISSION.PHP ENDED ==========

2026-03-14 20:24:16 - ========== COMMISSION.PHP STARTED ==========
2026-03-14 20:24:16 - Bet amount: 2000, User ID: 1175912
2026-03-14 20:24:16 - Level commissions: L1=8, L2=5, L3=1.6, L4=0.2, L5=0.1, L6=0.04
2026-03-14 20:24:16 - Codes query: SELECT code, code1, code2, code3, code4, code5 FROM shonu_subjects WHERE id = '1175912'
2026-03-14 20:24:16 - Referral codes: code=7384791175875, code1=400660113602, code2=116629030908, code3=official, code4=, code5=
2026-03-14 20:24:16 - Next process date: 2026-03-15
2026-03-14 20:24:16 - Level1 - Find upline query: SELECT id FROM shonu_subjects WHERE owncode = '7384791175875'
2026-03-14 20:24:16 - Level1 - Upline found: 1175875
2026-03-14 20:24:16 - Level1 - Insert query: INSERT INTO vyavahara (
            balakedara, ketebida, prakara, purba, bartaman, ayoga, koduvavanu, tiarikala, commission_status, process_date
        ) VALUES (
            '1175875', '2000', 'LVLCOMM1', '711', '719', '8', '1175912', '2026-03-14 20:24:16', 0, '2026-03-15'
        )
2026-03-14 20:24:16 - Level1 - ✅ INSERT SUCCESSFUL
2026-03-14 20:24:16 - Level2 - Find upline query: SELECT id FROM shonu_subjects WHERE owncode = '400660113602'
2026-03-14 20:24:16 - Level2 - Upline found: 113607
2026-03-14 20:24:16 - Level2 - Insert query: INSERT INTO vyavahara (
            balakedara, ketebida, prakara, purba, bartaman, ayoga, koduvavanu, tiarikala, commission_status, process_date
        ) VALUES (
            '113607', '2000', 'LVLCOMM2', '19200981.17274', '19200986.17274', '5', '1175912', '2026-03-14 20:24:16', 0, '2026-03-15'
        )
2026-03-14 20:24:16 - Level2 - ✅ INSERT SUCCESSFUL
2026-03-14 20:24:16 - Level3 - Find upline query: SELECT id FROM shonu_subjects WHERE owncode = '116629030908'
2026-03-14 20:24:16 - Level3 - Upline found: 113033
2026-03-14 20:24:16 - Level3 - Insert query: INSERT INTO vyavahara (
            balakedara, ketebida, prakara, purba, bartaman, ayoga, koduvavanu, tiarikala, commission_status, process_date
        ) VALUES (
            '113033', '2000', 'LVLCOMM3', '10539.65049', '10541.25049', '1.6', '1175912', '2026-03-14 20:24:16', 0, '2026-03-15'
        )
2026-03-14 20:24:16 - Level3 - ✅ INSERT SUCCESSFUL
2026-03-14 20:24:16 - ========== COMMISSION.PHP ENDED ==========

2026-03-14 20:24:40 - ========== COMMISSION.PHP STARTED ==========
2026-03-14 20:24:40 - Bet amount: 500, User ID: 1175912
2026-03-14 20:24:40 - Level commissions: L1=2, L2=1.25, L3=0.4, L4=0.05, L5=0.025, L6=0.01
2026-03-14 20:24:40 - Codes query: SELECT code, code1, code2, code3, code4, code5 FROM shonu_subjects WHERE id = '1175912'
2026-03-14 20:24:40 - Referral codes: code=7384791175875, code1=400660113602, code2=116629030908, code3=official, code4=, code5=
2026-03-14 20:24:40 - Next process date: 2026-03-15
2026-03-14 20:24:40 - Level1 - Find upline query: SELECT id FROM shonu_subjects WHERE owncode = '7384791175875'
2026-03-14 20:24:40 - Level1 - Upline found: 1175875
2026-03-14 20:24:40 - Level1 - Insert query: INSERT INTO vyavahara (
            balakedara, ketebida, prakara, purba, bartaman, ayoga, koduvavanu, tiarikala, commission_status, process_date
        ) VALUES (
            '1175875', '500', 'LVLCOMM1', '711', '713', '2', '1175912', '2026-03-14 20:24:40', 0, '2026-03-15'
        )
2026-03-14 20:24:40 - Level1 - ✅ INSERT SUCCESSFUL
2026-03-14 20:24:40 - Level2 - Find upline query: SELECT id FROM shonu_subjects WHERE owncode = '400660113602'
2026-03-14 20:24:40 - Level2 - Upline found: 113607
2026-03-14 20:24:40 - Level2 - Insert query: INSERT INTO vyavahara (
            balakedara, ketebida, prakara, purba, bartaman, ayoga, koduvavanu, tiarikala, commission_status, process_date
        ) VALUES (
            '113607', '500', 'LVLCOMM2', '19200981.17274', '19200982.42274', '1.25', '1175912', '2026-03-14 20:24:40', 0, '2026-03-15'
        )
2026-03-14 20:24:40 - Level2 - ✅ INSERT SUCCESSFUL
2026-03-14 20:24:40 - Level3 - Find upline query: SELECT id FROM shonu_subjects WHERE owncode = '116629030908'
2026-03-14 20:24:40 - Level3 - Upline found: 113033
2026-03-14 20:24:40 - Level3 - Insert query: INSERT INTO vyavahara (
            balakedara, ketebida, prakara, purba, bartaman, ayoga, koduvavanu, tiarikala, commission_status, process_date
        ) VALUES (
            '113033', '500', 'LVLCOMM3', '10539.65049', '10540.05049', '0.4', '1175912', '2026-03-14 20:24:40', 0, '2026-03-15'
        )
2026-03-14 20:24:40 - Level3 - ✅ INSERT SUCCESSFUL
2026-03-14 20:24:40 - ========== COMMISSION.PHP ENDED ==========

2026-03-14 20:25:11 - ========== COMMISSION.PHP STARTED ==========
2026-03-14 20:25:11 - Bet amount: 2000, User ID: 1175912
2026-03-14 20:25:11 - Level commissions: L1=8, L2=5, L3=1.6, L4=0.2, L5=0.1, L6=0.04
2026-03-14 20:25:11 - Codes query: SELECT code, code1, code2, code3, code4, code5 FROM shonu_subjects WHERE id = '1175912'
2026-03-14 20:25:11 - Referral codes: code=7384791175875, code1=400660113602, code2=116629030908, code3=official, code4=, code5=
2026-03-14 20:25:11 - Next process date: 2026-03-15
2026-03-14 20:25:11 - Level1 - Find upline query: SELECT id FROM shonu_subjects WHERE owncode = '7384791175875'
2026-03-14 20:25:11 - Level1 - Upline found: 1175875
2026-03-14 20:25:11 - Level1 - Insert query: INSERT INTO vyavahara (
            balakedara, ketebida, prakara, purba, bartaman, ayoga, koduvavanu, tiarikala, commission_status, process_date
        ) VALUES (
            '1175875', '2000', 'LVLCOMM1', '711', '719', '8', '1175912', '2026-03-14 20:25:11', 0, '2026-03-15'
        )
2026-03-14 20:25:11 - Level1 - ✅ INSERT SUCCESSFUL
2026-03-14 20:25:11 - Level2 - Find upline query: SELECT id FROM shonu_subjects WHERE owncode = '400660113602'
2026-03-14 20:25:11 - Level2 - Upline found: 113607
2026-03-14 20:25:11 - Level2 - Insert query: INSERT INTO vyavahara (
            balakedara, ketebida, prakara, purba, bartaman, ayoga, koduvavanu, tiarikala, commission_status, process_date
        ) VALUES (
            '113607', '2000', 'LVLCOMM2', '19200981.17274', '19200986.17274', '5', '1175912', '2026-03-14 20:25:11', 0, '2026-03-15'
        )
2026-03-14 20:25:11 - Level2 - ✅ INSERT SUCCESSFUL
2026-03-14 20:25:11 - Level3 - Find upline query: SELECT id FROM shonu_subjects WHERE owncode = '116629030908'
2026-03-14 20:25:11 - Level3 - Upline found: 113033
2026-03-14 20:25:11 - Level3 - Insert query: INSERT INTO vyavahara (
            balakedara, ketebida, prakara, purba, bartaman, ayoga, koduvavanu, tiarikala, commission_status, process_date
        ) VALUES (
            '113033', '2000', 'LVLCOMM3', '10539.65049', '10541.25049', '1.6', '1175912', '2026-03-14 20:25:11', 0, '2026-03-15'
        )
2026-03-14 20:25:11 - Level3 - ✅ INSERT SUCCESSFUL
2026-03-14 20:25:11 - ========== COMMISSION.PHP ENDED ==========

2026-03-14 20:25:40 - ========== COMMISSION.PHP STARTED ==========
2026-03-14 20:25:40 - Bet amount: 1000, User ID: 1175912
2026-03-14 20:25:40 - Level commissions: L1=4, L2=2.5, L3=0.8, L4=0.1, L5=0.05, L6=0.02
2026-03-14 20:25:40 - Codes query: SELECT code, code1, code2, code3, code4, code5 FROM shonu_subjects WHERE id = '1175912'
2026-03-14 20:25:40 - Referral codes: code=7384791175875, code1=400660113602, code2=116629030908, code3=official, code4=, code5=
2026-03-14 20:25:40 - Next process date: 2026-03-15
2026-03-14 20:25:40 - Level1 - Find upline query: SELECT id FROM shonu_subjects WHERE owncode = '7384791175875'
2026-03-14 20:25:40 - Level1 - Upline found: 1175875
2026-03-14 20:25:40 - Level1 - Insert query: INSERT INTO vyavahara (
            balakedara, ketebida, prakara, purba, bartaman, ayoga, koduvavanu, tiarikala, commission_status, process_date
        ) VALUES (
            '1175875', '1000', 'LVLCOMM1', '711', '715', '4', '1175912', '2026-03-14 20:25:40', 0, '2026-03-15'
        )
2026-03-14 20:25:40 - Level1 - ✅ INSERT SUCCESSFUL
2026-03-14 20:25:40 - Level2 - Find upline query: SELECT id FROM shonu_subjects WHERE owncode = '400660113602'
2026-03-14 20:25:40 - Level2 - Upline found: 113607
2026-03-14 20:25:40 - Level2 - Insert query: INSERT INTO vyavahara (
            balakedara, ketebida, prakara, purba, bartaman, ayoga, koduvavanu, tiarikala, commission_status, process_date
        ) VALUES (
            '113607', '1000', 'LVLCOMM2', '19200981.17274', '19200983.67274', '2.5', '1175912', '2026-03-14 20:25:40', 0, '2026-03-15'
        )
2026-03-14 20:25:40 - Level2 - ✅ INSERT SUCCESSFUL
2026-03-14 20:25:40 - Level3 - Find upline query: SELECT id FROM shonu_subjects WHERE owncode = '116629030908'
2026-03-14 20:25:40 - Level3 - Upline found: 113033
2026-03-14 20:25:40 - Level3 - Insert query: INSERT INTO vyavahara (
            balakedara, ketebida, prakara, purba, bartaman, ayoga, koduvavanu, tiarikala, commission_status, process_date
        ) VALUES (
            '113033', '1000', 'LVLCOMM3', '10539.65049', '10540.45049', '0.8', '1175912', '2026-03-14 20:25:40', 0, '2026-03-15'
        )
2026-03-14 20:25:40 - Level3 - ✅ INSERT SUCCESSFUL
2026-03-14 20:25:40 - ========== COMMISSION.PHP ENDED ==========

2026-03-14 20:26:08 - ========== COMMISSION.PHP STARTED ==========
2026-03-14 20:26:08 - Bet amount: 1000, User ID: 1175912
2026-03-14 20:26:08 - Level commissions: L1=4, L2=2.5, L3=0.8, L4=0.1, L5=0.05, L6=0.02
2026-03-14 20:26:08 - Codes query: SELECT code, code1, code2, code3, code4, code5 FROM shonu_subjects WHERE id = '1175912'
2026-03-14 20:26:08 - Referral codes: code=7384791175875, code1=400660113602, code2=116629030908, code3=official, code4=, code5=
2026-03-14 20:26:08 - Next process date: 2026-03-15
2026-03-14 20:26:08 - Level1 - Find upline query: SELECT id FROM shonu_subjects WHERE owncode = '7384791175875'
2026-03-14 20:26:08 - Level1 - Upline found: 1175875
2026-03-14 20:26:08 - Level1 - Insert query: INSERT INTO vyavahara (
            balakedara, ketebida, prakara, purba, bartaman, ayoga, koduvavanu, tiarikala, commission_status, process_date
        ) VALUES (
            '1175875', '1000', 'LVLCOMM1', '711', '715', '4', '1175912', '2026-03-14 20:26:08', 0, '2026-03-15'
        )
2026-03-14 20:26:08 - Level1 - ✅ INSERT SUCCESSFUL
2026-03-14 20:26:08 - Level2 - Find upline query: SELECT id FROM shonu_subjects WHERE owncode = '400660113602'
2026-03-14 20:26:08 - Level2 - Upline found: 113607
2026-03-14 20:26:08 - Level2 - Insert query: INSERT INTO vyavahara (
            balakedara, ketebida, prakara, purba, bartaman, ayoga, koduvavanu, tiarikala, commission_status, process_date
        ) VALUES (
            '113607', '1000', 'LVLCOMM2', '19200981.17274', '19200983.67274', '2.5', '1175912', '2026-03-14 20:26:08', 0, '2026-03-15'
        )
2026-03-14 20:26:08 - Level2 - ✅ INSERT SUCCESSFUL
2026-03-14 20:26:08 - Level3 - Find upline query: SELECT id FROM shonu_subjects WHERE owncode = '116629030908'
2026-03-14 20:26:08 - Level3 - Upline found: 113033
2026-03-14 20:26:08 - Level3 - Insert query: INSERT INTO vyavahara (
            balakedara, ketebida, prakara, purba, bartaman, ayoga, koduvavanu, tiarikala, commission_status, process_date
        ) VALUES (
            '113033', '1000', 'LVLCOMM3', '10539.65049', '10540.45049', '0.8', '1175912', '2026-03-14 20:26:08', 0, '2026-03-15'
        )
2026-03-14 20:26:08 - Level3 - ✅ INSERT SUCCESSFUL
2026-03-14 20:26:08 - ========== COMMISSION.PHP ENDED ==========

2026-03-14 20:26:38 - ========== COMMISSION.PHP STARTED ==========
2026-03-14 20:26:38 - Bet amount: 1000, User ID: 1175912
2026-03-14 20:26:38 - Level commissions: L1=4, L2=2.5, L3=0.8, L4=0.1, L5=0.05, L6=0.02
2026-03-14 20:26:38 - Codes query: SELECT code, code1, code2, code3, code4, code5 FROM shonu_subjects WHERE id = '1175912'
2026-03-14 20:26:38 - Referral codes: code=7384791175875, code1=400660113602, code2=116629030908, code3=official, code4=, code5=
2026-03-14 20:26:38 - Next process date: 2026-03-15
2026-03-14 20:26:38 - Level1 - Find upline query: SELECT id FROM shonu_subjects WHERE owncode = '7384791175875'
2026-03-14 20:26:38 - Level1 - Upline found: 1175875
2026-03-14 20:26:38 - Level1 - Insert query: INSERT INTO vyavahara (
            balakedara, ketebida, prakara, purba, bartaman, ayoga, koduvavanu, tiarikala, commission_status, process_date
        ) VALUES (
            '1175875', '1000', 'LVLCOMM1', '711', '715', '4', '1175912', '2026-03-14 20:26:38', 0, '2026-03-15'
        )
2026-03-14 20:26:38 - Level1 - ✅ INSERT SUCCESSFUL
2026-03-14 20:26:38 - Level2 - Find upline query: SELECT id FROM shonu_subjects WHERE owncode = '400660113602'
2026-03-14 20:26:38 - Level2 - Upline found: 113607
2026-03-14 20:26:38 - Level2 - Insert query: INSERT INTO vyavahara (
            balakedara, ketebida, prakara, purba, bartaman, ayoga, koduvavanu, tiarikala, commission_status, process_date
        ) VALUES (
            '113607', '1000', 'LVLCOMM2', '19200981.17274', '19200983.67274', '2.5', '1175912', '2026-03-14 20:26:38', 0, '2026-03-15'
        )
2026-03-14 20:26:38 - Level2 - ✅ INSERT SUCCESSFUL
2026-03-14 20:26:38 - Level3 - Find upline query: SELECT id FROM shonu_subjects WHERE owncode = '116629030908'
2026-03-14 20:26:38 - Level3 - Upline found: 113033
2026-03-14 20:26:38 - Level3 - Insert query: INSERT INTO vyavahara (
            balakedara, ketebida, prakara, purba, bartaman, ayoga, koduvavanu, tiarikala, commission_status, process_date
        ) VALUES (
            '113033', '1000', 'LVLCOMM3', '10539.65049', '10540.45049', '0.8', '1175912', '2026-03-14 20:26:38', 0, '2026-03-15'
        )
2026-03-14 20:26:38 - Level3 - ✅ INSERT SUCCESSFUL
2026-03-14 20:26:38 - ========== COMMISSION.PHP ENDED ==========

2026-03-14 20:27:17 - ========== COMMISSION.PHP STARTED ==========
2026-03-14 20:27:17 - Bet amount: 1000, User ID: 1175912
2026-03-14 20:27:17 - Level commissions: L1=4, L2=2.5, L3=0.8, L4=0.1, L5=0.05, L6=0.02
2026-03-14 20:27:17 - Codes query: SELECT code, code1, code2, code3, code4, code5 FROM shonu_subjects WHERE id = '1175912'
2026-03-14 20:27:17 - Referral codes: code=7384791175875, code1=400660113602, code2=116629030908, code3=official, code4=, code5=
2026-03-14 20:27:17 - Next process date: 2026-03-15
2026-03-14 20:27:17 - Level1 - Find upline query: SELECT id FROM shonu_subjects WHERE owncode = '7384791175875'
2026-03-14 20:27:17 - Level1 - Upline found: 1175875
2026-03-14 20:27:17 - Level1 - Insert query: INSERT INTO vyavahara (
            balakedara, ketebida, prakara, purba, bartaman, ayoga, koduvavanu, tiarikala, commission_status, process_date
        ) VALUES (
            '1175875', '1000', 'LVLCOMM1', '711', '715', '4', '1175912', '2026-03-14 20:27:17', 0, '2026-03-15'
        )
2026-03-14 20:27:17 - Level1 - ✅ INSERT SUCCESSFUL
2026-03-14 20:27:17 - Level2 - Find upline query: SELECT id FROM shonu_subjects WHERE owncode = '400660113602'
2026-03-14 20:27:17 - Level2 - Upline found: 113607
2026-03-14 20:27:17 - Level2 - Insert query: INSERT INTO vyavahara (
            balakedara, ketebida, prakara, purba, bartaman, ayoga, koduvavanu, tiarikala, commission_status, process_date
        ) VALUES (
            '113607', '1000', 'LVLCOMM2', '19200981.17274', '19200983.67274', '2.5', '1175912', '2026-03-14 20:27:17', 0, '2026-03-15'
        )
2026-03-14 20:27:17 - Level2 - ✅ INSERT SUCCESSFUL
2026-03-14 20:27:17 - Level3 - Find upline query: SELECT id FROM shonu_subjects WHERE owncode = '116629030908'
2026-03-14 20:27:17 - Level3 - Upline found: 113033
2026-03-14 20:27:17 - Level3 - Insert query: INSERT INTO vyavahara (
            balakedara, ketebida, prakara, purba, bartaman, ayoga, koduvavanu, tiarikala, commission_status, process_date
        ) VALUES (
            '113033', '1000', 'LVLCOMM3', '10539.65049', '10540.45049', '0.8', '1175912', '2026-03-14 20:27:17', 0, '2026-03-15'
        )
2026-03-14 20:27:17 - Level3 - ✅ INSERT SUCCESSFUL
2026-03-14 20:27:17 - ========== COMMISSION.PHP ENDED ==========

2026-03-14 20:28:05 - ========== COMMISSION.PHP STARTED ==========
2026-03-14 20:28:05 - Bet amount: 1000, User ID: 1175912
2026-03-14 20:28:05 - Level commissions: L1=4, L2=2.5, L3=0.8, L4=0.1, L5=0.05, L6=0.02
2026-03-14 20:28:05 - Codes query: SELECT code, code1, code2, code3, code4, code5 FROM shonu_subjects WHERE id = '1175912'
2026-03-14 20:28:05 - Referral codes: code=7384791175875, code1=400660113602, code2=116629030908, code3=official, code4=, code5=
2026-03-14 20:28:05 - Next process date: 2026-03-15
2026-03-14 20:28:05 - Level1 - Find upline query: SELECT id FROM shonu_subjects WHERE owncode = '7384791175875'
2026-03-14 20:28:05 - Level1 - Upline found: 1175875
2026-03-14 20:28:05 - Level1 - Insert query: INSERT INTO vyavahara (
            balakedara, ketebida, prakara, purba, bartaman, ayoga, koduvavanu, tiarikala, commission_status, process_date
        ) VALUES (
            '1175875', '1000', 'LVLCOMM1', '711', '715', '4', '1175912', '2026-03-14 20:28:05', 0, '2026-03-15'
        )
2026-03-14 20:28:05 - Level1 - ✅ INSERT SUCCESSFUL
2026-03-14 20:28:05 - Level2 - Find upline query: SELECT id FROM shonu_subjects WHERE owncode = '400660113602'
2026-03-14 20:28:05 - Level2 - Upline found: 113607
2026-03-14 20:28:05 - Level2 - Insert query: INSERT INTO vyavahara (
            balakedara, ketebida, prakara, purba, bartaman, ayoga, koduvavanu, tiarikala, commission_status, process_date
        ) VALUES (
            '113607', '1000', 'LVLCOMM2', '19200981.17274', '19200983.67274', '2.5', '1175912', '2026-03-14 20:28:05', 0, '2026-03-15'
        )
2026-03-14 20:28:05 - Level2 - ✅ INSERT SUCCESSFUL
2026-03-14 20:28:05 - Level3 - Find upline query: SELECT id FROM shonu_subjects WHERE owncode = '116629030908'
2026-03-14 20:28:05 - Level3 - Upline found: 113033
2026-03-14 20:28:05 - Level3 - Insert query: INSERT INTO vyavahara (
            balakedara, ketebida, prakara, purba, bartaman, ayoga, koduvavanu, tiarikala, commission_status, process_date
        ) VALUES (
            '113033', '1000', 'LVLCOMM3', '10539.65049', '10540.45049', '0.8', '1175912', '2026-03-14 20:28:05', 0, '2026-03-15'
        )
2026-03-14 20:28:05 - Level3 - ✅ INSERT SUCCESSFUL
2026-03-14 20:28:05 - ========== COMMISSION.PHP ENDED ==========

2026-03-14 20:28:43 - ========== COMMISSION.PHP STARTED ==========
2026-03-14 20:28:43 - Bet amount: 1000, User ID: 1175912
2026-03-14 20:28:43 - Level commissions: L1=4, L2=2.5, L3=0.8, L4=0.1, L5=0.05, L6=0.02
2026-03-14 20:28:43 - Codes query: SELECT code, code1, code2, code3, code4, code5 FROM shonu_subjects WHERE id = '1175912'
2026-03-14 20:28:43 - Referral codes: code=7384791175875, code1=400660113602, code2=116629030908, code3=official, code4=, code5=
2026-03-14 20:28:43 - Next process date: 2026-03-15
2026-03-14 20:28:43 - Level1 - Find upline query: SELECT id FROM shonu_subjects WHERE owncode = '7384791175875'
2026-03-14 20:28:43 - Level1 - Upline found: 1175875
2026-03-14 20:28:43 - Level1 - Insert query: INSERT INTO vyavahara (
            balakedara, ketebida, prakara, purba, bartaman, ayoga, koduvavanu, tiarikala, commission_status, process_date
        ) VALUES (
            '1175875', '1000', 'LVLCOMM1', '711', '715', '4', '1175912', '2026-03-14 20:28:43', 0, '2026-03-15'
        )
2026-03-14 20:28:43 - Level1 - ✅ INSERT SUCCESSFUL
2026-03-14 20:28:43 - Level2 - Find upline query: SELECT id FROM shonu_subjects WHERE owncode = '400660113602'
2026-03-14 20:28:43 - Level2 - Upline found: 113607
2026-03-14 20:28:43 - Level2 - Insert query: INSERT INTO vyavahara (
            balakedara, ketebida, prakara, purba, bartaman, ayoga, koduvavanu, tiarikala, commission_status, process_date
        ) VALUES (
            '113607', '1000', 'LVLCOMM2', '19200981.17274', '19200983.67274', '2.5', '1175912', '2026-03-14 20:28:43', 0, '2026-03-15'
        )
2026-03-14 20:28:43 - Level2 - ✅ INSERT SUCCESSFUL
2026-03-14 20:28:43 - Level3 - Find upline query: SELECT id FROM shonu_subjects WHERE owncode = '116629030908'
2026-03-14 20:28:43 - Level3 - Upline found: 113033
2026-03-14 20:28:43 - Level3 - Insert query: INSERT INTO vyavahara (
            balakedara, ketebida, prakara, purba, bartaman, ayoga, koduvavanu, tiarikala, commission_status, process_date
        ) VALUES (
            '113033', '1000', 'LVLCOMM3', '10539.65049', '10540.45049', '0.8', '1175912', '2026-03-14 20:28:43', 0, '2026-03-15'
        )
2026-03-14 20:28:43 - Level3 - ✅ INSERT SUCCESSFUL
2026-03-14 20:28:43 - ========== COMMISSION.PHP ENDED ==========

2026-03-14 20:29:08 - ========== COMMISSION.PHP STARTED ==========
2026-03-14 20:29:08 - Bet amount: 1000, User ID: 1175912
2026-03-14 20:29:08 - Level commissions: L1=4, L2=2.5, L3=0.8, L4=0.1, L5=0.05, L6=0.02
2026-03-14 20:29:08 - Codes query: SELECT code, code1, code2, code3, code4, code5 FROM shonu_subjects WHERE id = '1175912'
2026-03-14 20:29:08 - Referral codes: code=7384791175875, code1=400660113602, code2=116629030908, code3=official, code4=, code5=
2026-03-14 20:29:08 - Next process date: 2026-03-15
2026-03-14 20:29:08 - Level1 - Find upline query: SELECT id FROM shonu_subjects WHERE owncode = '7384791175875'
2026-03-14 20:29:08 - Level1 - Upline found: 1175875
2026-03-14 20:29:08 - Level1 - Insert query: INSERT INTO vyavahara (
            balakedara, ketebida, prakara, purba, bartaman, ayoga, koduvavanu, tiarikala, commission_status, process_date
        ) VALUES (
            '1175875', '1000', 'LVLCOMM1', '711', '715', '4', '1175912', '2026-03-14 20:29:08', 0, '2026-03-15'
        )
2026-03-14 20:29:08 - Level1 - ✅ INSERT SUCCESSFUL
2026-03-14 20:29:08 - Level2 - Find upline query: SELECT id FROM shonu_subjects WHERE owncode = '400660113602'
2026-03-14 20:29:08 - Level2 - Upline found: 113607
2026-03-14 20:29:08 - Level2 - Insert query: INSERT INTO vyavahara (
            balakedara, ketebida, prakara, purba, bartaman, ayoga, koduvavanu, tiarikala, commission_status, process_date
        ) VALUES (
            '113607', '1000', 'LVLCOMM2', '19200981.17274', '19200983.67274', '2.5', '1175912', '2026-03-14 20:29:08', 0, '2026-03-15'
        )
2026-03-14 20:29:08 - Level2 - ✅ INSERT SUCCESSFUL
2026-03-14 20:29:08 - Level3 - Find upline query: SELECT id FROM shonu_subjects WHERE owncode = '116629030908'
2026-03-14 20:29:08 - Level3 - Upline found: 113033
2026-03-14 20:29:08 - Level3 - Insert query: INSERT INTO vyavahara (
            balakedara, ketebida, prakara, purba, bartaman, ayoga, koduvavanu, tiarikala, commission_status, process_date
        ) VALUES (
            '113033', '1000', 'LVLCOMM3', '10539.65049', '10540.45049', '0.8', '1175912', '2026-03-14 20:29:08', 0, '2026-03-15'
        )
2026-03-14 20:29:08 - Level3 - ✅ INSERT SUCCESSFUL
2026-03-14 20:29:08 - ========== COMMISSION.PHP ENDED ==========

2026-03-14 20:29:44 - ========== COMMISSION.PHP STARTED ==========
2026-03-14 20:29:44 - Bet amount: 1000, User ID: 1175912
2026-03-14 20:29:44 - Level commissions: L1=4, L2=2.5, L3=0.8, L4=0.1, L5=0.05, L6=0.02
2026-03-14 20:29:44 - Codes query: SELECT code, code1, code2, code3, code4, code5 FROM shonu_subjects WHERE id = '1175912'
2026-03-14 20:29:44 - Referral codes: code=7384791175875, code1=400660113602, code2=116629030908, code3=official, code4=, code5=
2026-03-14 20:29:44 - Next process date: 2026-03-15
2026-03-14 20:29:44 - Level1 - Find upline query: SELECT id FROM shonu_subjects WHERE owncode = '7384791175875'
2026-03-14 20:29:44 - Level1 - Upline found: 1175875
2026-03-14 20:29:44 - Level1 - Insert query: INSERT INTO vyavahara (
            balakedara, ketebida, prakara, purba, bartaman, ayoga, koduvavanu, tiarikala, commission_status, process_date
        ) VALUES (
            '1175875', '1000', 'LVLCOMM1', '711', '715', '4', '1175912', '2026-03-14 20:29:44', 0, '2026-03-15'
        )
2026-03-14 20:29:44 - Level1 - ✅ INSERT SUCCESSFUL
2026-03-14 20:29:44 - Level2 - Find upline query: SELECT id FROM shonu_subjects WHERE owncode = '400660113602'
2026-03-14 20:29:44 - Level2 - Upline found: 113607
2026-03-14 20:29:44 - Level2 - Insert query: INSERT INTO vyavahara (
            balakedara, ketebida, prakara, purba, bartaman, ayoga, koduvavanu, tiarikala, commission_status, process_date
        ) VALUES (
            '113607', '1000', 'LVLCOMM2', '19200981.17274', '19200983.67274', '2.5', '1175912', '2026-03-14 20:29:44', 0, '2026-03-15'
        )
2026-03-14 20:29:44 - Level2 - ✅ INSERT SUCCESSFUL
2026-03-14 20:29:44 - Level3 - Find upline query: SELECT id FROM shonu_subjects WHERE owncode = '116629030908'
2026-03-14 20:29:44 - Level3 - Upline found: 113033
2026-03-14 20:29:44 - Level3 - Insert query: INSERT INTO vyavahara (
            balakedara, ketebida, prakara, purba, bartaman, ayoga, koduvavanu, tiarikala, commission_status, process_date
        ) VALUES (
            '113033', '1000', 'LVLCOMM3', '10539.65049', '10540.45049', '0.8', '1175912', '2026-03-14 20:29:44', 0, '2026-03-15'
        )
2026-03-14 20:29:44 - Level3 - ✅ INSERT SUCCESSFUL
2026-03-14 20:29:44 - ========== COMMISSION.PHP ENDED ==========

2026-03-14 20:30:08 - ========== COMMISSION.PHP STARTED ==========
2026-03-14 20:30:08 - Bet amount: 1000, User ID: 1175912
2026-03-14 20:30:08 - Level commissions: L1=4, L2=2.5, L3=0.8, L4=0.1, L5=0.05, L6=0.02
2026-03-14 20:30:08 - Codes query: SELECT code, code1, code2, code3, code4, code5 FROM shonu_subjects WHERE id = '1175912'
2026-03-14 20:30:08 - Referral codes: code=7384791175875, code1=400660113602, code2=116629030908, code3=official, code4=, code5=
2026-03-14 20:30:08 - Next process date: 2026-03-15
2026-03-14 20:30:08 - Level1 - Find upline query: SELECT id FROM shonu_subjects WHERE owncode = '7384791175875'
2026-03-14 20:30:08 - Level1 - Upline found: 1175875
2026-03-14 20:30:08 - Level1 - Insert query: INSERT INTO vyavahara (
            balakedara, ketebida, prakara, purba, bartaman, ayoga, koduvavanu, tiarikala, commission_status, process_date
        ) VALUES (
            '1175875', '1000', 'LVLCOMM1', '711', '715', '4', '1175912', '2026-03-14 20:30:08', 0, '2026-03-15'
        )
2026-03-14 20:30:08 - Level1 - ✅ INSERT SUCCESSFUL
2026-03-14 20:30:08 - Level2 - Find upline query: SELECT id FROM shonu_subjects WHERE owncode = '400660113602'
2026-03-14 20:30:08 - Level2 - Upline found: 113607
2026-03-14 20:30:08 - Level2 - Insert query: INSERT INTO vyavahara (
            balakedara, ketebida, prakara, purba, bartaman, ayoga, koduvavanu, tiarikala, commission_status, process_date
        ) VALUES (
            '113607', '1000', 'LVLCOMM2', '19200981.17274', '19200983.67274', '2.5', '1175912', '2026-03-14 20:30:08', 0, '2026-03-15'
        )
2026-03-14 20:30:08 - Level2 - ✅ INSERT SUCCESSFUL
2026-03-14 20:30:08 - Level3 - Find upline query: SELECT id FROM shonu_subjects WHERE owncode = '116629030908'
2026-03-14 20:30:08 - Level3 - Upline found: 113033
2026-03-14 20:30:08 - Level3 - Insert query: INSERT INTO vyavahara (
            balakedara, ketebida, prakara, purba, bartaman, ayoga, koduvavanu, tiarikala, commission_status, process_date
        ) VALUES (
            '113033', '1000', 'LVLCOMM3', '10539.65049', '10540.45049', '0.8', '1175912', '2026-03-14 20:30:08', 0, '2026-03-15'
        )
2026-03-14 20:30:08 - Level3 - ✅ INSERT SUCCESSFUL
2026-03-14 20:30:08 - ========== COMMISSION.PHP ENDED ==========

2026-03-14 20:30:41 - ========== COMMISSION.PHP STARTED ==========
2026-03-14 20:30:41 - Bet amount: 5000, User ID: 1175912
2026-03-14 20:30:41 - Level commissions: L1=20, L2=12.5, L3=4, L4=0.5, L5=0.25, L6=0.1
2026-03-14 20:30:41 - Codes query: SELECT code, code1, code2, code3, code4, code5 FROM shonu_subjects WHERE id = '1175912'
2026-03-14 20:30:41 - Referral codes: code=7384791175875, code1=400660113602, code2=116629030908, code3=official, code4=, code5=
2026-03-14 20:30:41 - Next process date: 2026-03-15
2026-03-14 20:30:41 - Level1 - Find upline query: SELECT id FROM shonu_subjects WHERE owncode = '7384791175875'
2026-03-14 20:30:41 - Level1 - Upline found: 1175875
2026-03-14 20:30:41 - Level1 - Insert query: INSERT INTO vyavahara (
            balakedara, ketebida, prakara, purba, bartaman, ayoga, koduvavanu, tiarikala, commission_status, process_date
        ) VALUES (
            '1175875', '5000', 'LVLCOMM1', '711', '731', '20', '1175912', '2026-03-14 20:30:41', 0, '2026-03-15'
        )
2026-03-14 20:30:41 - Level1 - ✅ INSERT SUCCESSFUL
2026-03-14 20:30:41 - Level2 - Find upline query: SELECT id FROM shonu_subjects WHERE owncode = '400660113602'
2026-03-14 20:30:41 - Level2 - Upline found: 113607
2026-03-14 20:30:41 - Level2 - Insert query: INSERT INTO vyavahara (
            balakedara, ketebida, prakara, purba, bartaman, ayoga, koduvavanu, tiarikala, commission_status, process_date
        ) VALUES (
            '113607', '5000', 'LVLCOMM2', '19200981.17274', '19200993.67274', '12.5', '1175912', '2026-03-14 20:30:41', 0, '2026-03-15'
        )
2026-03-14 20:30:41 - Level2 - ✅ INSERT SUCCESSFUL
2026-03-14 20:30:41 - Level3 - Find upline query: SELECT id FROM shonu_subjects WHERE owncode = '116629030908'
2026-03-14 20:30:41 - Level3 - Upline found: 113033
2026-03-14 20:30:41 - Level3 - Insert query: INSERT INTO vyavahara (
            balakedara, ketebida, prakara, purba, bartaman, ayoga, koduvavanu, tiarikala, commission_status, process_date
        ) VALUES (
            '113033', '5000', 'LVLCOMM3', '10539.65049', '10543.65049', '4', '1175912', '2026-03-14 20:30:41', 0, '2026-03-15'
        )
2026-03-14 20:30:41 - Level3 - ✅ INSERT SUCCESSFUL
2026-03-14 20:30:41 - ========== COMMISSION.PHP ENDED ==========

2026-03-14 20:31:16 - ========== COMMISSION.PHP STARTED ==========
2026-03-14 20:31:16 - Bet amount: 1000, User ID: 1175912
2026-03-14 20:31:16 - Level commissions: L1=4, L2=2.5, L3=0.8, L4=0.1, L5=0.05, L6=0.02
2026-03-14 20:31:16 - Codes query: SELECT code, code1, code2, code3, code4, code5 FROM shonu_subjects WHERE id = '1175912'
2026-03-14 20:31:16 - Referral codes: code=7384791175875, code1=400660113602, code2=116629030908, code3=official, code4=, code5=
2026-03-14 20:31:16 - Next process date: 2026-03-15
2026-03-14 20:31:16 - Level1 - Find upline query: SELECT id FROM shonu_subjects WHERE owncode = '7384791175875'
2026-03-14 20:31:16 - Level1 - Upline found: 1175875
2026-03-14 20:31:16 - Level1 - Insert query: INSERT INTO vyavahara (
            balakedara, ketebida, prakara, purba, bartaman, ayoga, koduvavanu, tiarikala, commission_status, process_date
        ) VALUES (
            '1175875', '1000', 'LVLCOMM1', '711', '715', '4', '1175912', '2026-03-14 20:31:16', 0, '2026-03-15'
        )
2026-03-14 20:31:16 - Level1 - ✅ INSERT SUCCESSFUL
2026-03-14 20:31:16 - Level2 - Find upline query: SELECT id FROM shonu_subjects WHERE owncode = '400660113602'
2026-03-14 20:31:16 - Level2 - Upline found: 113607
2026-03-14 20:31:16 - Level2 - Insert query: INSERT INTO vyavahara (
            balakedara, ketebida, prakara, purba, bartaman, ayoga, koduvavanu, tiarikala, commission_status, process_date
        ) VALUES (
            '113607', '1000', 'LVLCOMM2', '19200981.17274', '19200983.67274', '2.5', '1175912', '2026-03-14 20:31:16', 0, '2026-03-15'
        )
2026-03-14 20:31:16 - Level2 - ✅ INSERT SUCCESSFUL
2026-03-14 20:31:16 - Level3 - Find upline query: SELECT id FROM shonu_subjects WHERE owncode = '116629030908'
2026-03-14 20:31:16 - Level3 - Upline found: 113033
2026-03-14 20:31:16 - Level3 - Insert query: INSERT INTO vyavahara (
            balakedara, ketebida, prakara, purba, bartaman, ayoga, koduvavanu, tiarikala, commission_status, process_date
        ) VALUES (
            '113033', '1000', 'LVLCOMM3', '10539.65049', '10540.45049', '0.8', '1175912', '2026-03-14 20:31:16', 0, '2026-03-15'
        )
2026-03-14 20:31:16 - Level3 - ✅ INSERT SUCCESSFUL
2026-03-14 20:31:16 - ========== COMMISSION.PHP ENDED ==========

2026-03-14 20:31:44 - ========== COMMISSION.PHP STARTED ==========
2026-03-14 20:31:44 - Bet amount: 500, User ID: 1175912
2026-03-14 20:31:44 - Level commissions: L1=2, L2=1.25, L3=0.4, L4=0.05, L5=0.025, L6=0.01
2026-03-14 20:31:44 - Codes query: SELECT code, code1, code2, code3, code4, code5 FROM shonu_subjects WHERE id = '1175912'
2026-03-14 20:31:44 - Referral codes: code=7384791175875, code1=400660113602, code2=116629030908, code3=official, code4=, code5=
2026-03-14 20:31:44 - Next process date: 2026-03-15
2026-03-14 20:31:44 - Level1 - Find upline query: SELECT id FROM shonu_subjects WHERE owncode = '7384791175875'
2026-03-14 20:31:44 - Level1 - Upline found: 1175875
2026-03-14 20:31:44 - Level1 - Insert query: INSERT INTO vyavahara (
            balakedara, ketebida, prakara, purba, bartaman, ayoga, koduvavanu, tiarikala, commission_status, process_date
        ) VALUES (
            '1175875', '500', 'LVLCOMM1', '711', '713', '2', '1175912', '2026-03-14 20:31:44', 0, '2026-03-15'
        )
2026-03-14 20:31:44 - Level1 - ✅ INSERT SUCCESSFUL
2026-03-14 20:31:44 - Level2 - Find upline query: SELECT id FROM shonu_subjects WHERE owncode = '400660113602'
2026-03-14 20:31:44 - Level2 - Upline found: 113607
2026-03-14 20:31:44 - Level2 - Insert query: INSERT INTO vyavahara (
            balakedara, ketebida, prakara, purba, bartaman, ayoga, koduvavanu, tiarikala, commission_status, process_date
        ) VALUES (
            '113607', '500', 'LVLCOMM2', '19200981.17274', '19200982.42274', '1.25', '1175912', '2026-03-14 20:31:44', 0, '2026-03-15'
        )
2026-03-14 20:31:44 - Level2 - ✅ INSERT SUCCESSFUL
2026-03-14 20:31:44 - Level3 - Find upline query: SELECT id FROM shonu_subjects WHERE owncode = '116629030908'
2026-03-14 20:31:44 - Level3 - Upline found: 113033
2026-03-14 20:31:44 - Level3 - Insert query: INSERT INTO vyavahara (
            balakedara, ketebida, prakara, purba, bartaman, ayoga, koduvavanu, tiarikala, commission_status, process_date
        ) VALUES (
            '113033', '500', 'LVLCOMM3', '10539.65049', '10540.05049', '0.4', '1175912', '2026-03-14 20:31:44', 0, '2026-03-15'
        )
2026-03-14 20:31:44 - Level3 - ✅ INSERT SUCCESSFUL
2026-03-14 20:31:44 - ========== COMMISSION.PHP ENDED ==========

2026-03-14 20:36:45 - ========== COMMISSION.PHP STARTED ==========
2026-03-14 20:36:45 - Bet amount: 5000, User ID: 1175879
2026-03-14 20:36:45 - Level commissions: L1=20, L2=12.5, L3=4, L4=0.5, L5=0.25, L6=0.1
2026-03-14 20:36:45 - Codes query: SELECT code, code1, code2, code3, code4, code5 FROM shonu_subjects WHERE id = '1175879'
2026-03-14 20:36:45 - Referral codes: code=7384791175875, code1=400660113602, code2=116629030908, code3=official, code4=, code5=
2026-03-14 20:36:45 - Next process date: 2026-03-15
2026-03-14 20:36:45 - Level1 - Find upline query: SELECT id FROM shonu_subjects WHERE owncode = '7384791175875'
2026-03-14 20:36:45 - Level1 - Upline found: 1175875
2026-03-14 20:36:45 - Level1 - Insert query: INSERT INTO vyavahara (
            balakedara, ketebida, prakara, purba, bartaman, ayoga, koduvavanu, tiarikala, commission_status, process_date
        ) VALUES (
            '1175875', '5000', 'LVLCOMM1', '711', '731', '20', '1175879', '2026-03-14 20:36:45', 0, '2026-03-15'
        )
2026-03-14 20:36:45 - Level1 - ✅ INSERT SUCCESSFUL
2026-03-14 20:36:45 - Level2 - Find upline query: SELECT id FROM shonu_subjects WHERE owncode = '400660113602'
2026-03-14 20:36:45 - Level2 - Upline found: 113607
2026-03-14 20:36:45 - Level2 - Insert query: INSERT INTO vyavahara (
            balakedara, ketebida, prakara, purba, bartaman, ayoga, koduvavanu, tiarikala, commission_status, process_date
        ) VALUES (
            '113607', '5000', 'LVLCOMM2', '19200981.17274', '19200993.67274', '12.5', '1175879', '2026-03-14 20:36:45', 0, '2026-03-15'
        )
2026-03-14 20:36:45 - Level2 - ✅ INSERT SUCCESSFUL
2026-03-14 20:36:45 - Level3 - Find upline query: SELECT id FROM shonu_subjects WHERE owncode = '116629030908'
2026-03-14 20:36:45 - Level3 - Upline found: 113033
2026-03-14 20:36:45 - Level3 - Insert query: INSERT INTO vyavahara (
            balakedara, ketebida, prakara, purba, bartaman, ayoga, koduvavanu, tiarikala, commission_status, process_date
        ) VALUES (
            '113033', '5000', 'LVLCOMM3', '10539.65049', '10543.65049', '4', '1175879', '2026-03-14 20:36:45', 0, '2026-03-15'
        )
2026-03-14 20:36:45 - Level3 - ✅ INSERT SUCCESSFUL
2026-03-14 20:36:45 - ========== COMMISSION.PHP ENDED ==========

2026-03-14 20:37:15 - ========== COMMISSION.PHP STARTED ==========
2026-03-14 20:37:15 - Bet amount: 15000, User ID: 1175879
2026-03-14 20:37:15 - Level commissions: L1=60, L2=37.5, L3=12, L4=1.5, L5=0.75, L6=0.3
2026-03-14 20:37:15 - Codes query: SELECT code, code1, code2, code3, code4, code5 FROM shonu_subjects WHERE id = '1175879'
2026-03-14 20:37:15 - Referral codes: code=7384791175875, code1=400660113602, code2=116629030908, code3=official, code4=, code5=
2026-03-14 20:37:15 - Next process date: 2026-03-15
2026-03-14 20:37:15 - Level1 - Find upline query: SELECT id FROM shonu_subjects WHERE owncode = '7384791175875'
2026-03-14 20:37:15 - Level1 - Upline found: 1175875
2026-03-14 20:37:15 - Level1 - Insert query: INSERT INTO vyavahara (
            balakedara, ketebida, prakara, purba, bartaman, ayoga, koduvavanu, tiarikala, commission_status, process_date
        ) VALUES (
            '1175875', '15000', 'LVLCOMM1', '711', '771', '60', '1175879', '2026-03-14 20:37:15', 0, '2026-03-15'
        )
2026-03-14 20:37:15 - Level1 - ✅ INSERT SUCCESSFUL
2026-03-14 20:37:15 - Level2 - Find upline query: SELECT id FROM shonu_subjects WHERE owncode = '400660113602'
2026-03-14 20:37:15 - Level2 - Upline found: 113607
2026-03-14 20:37:15 - Level2 - Insert query: INSERT INTO vyavahara (
            balakedara, ketebida, prakara, purba, bartaman, ayoga, koduvavanu, tiarikala, commission_status, process_date
        ) VALUES (
            '113607', '15000', 'LVLCOMM2', '19200981.17274', '19201018.67274', '37.5', '1175879', '2026-03-14 20:37:15', 0, '2026-03-15'
        )
2026-03-14 20:37:15 - Level2 - ✅ INSERT SUCCESSFUL
2026-03-14 20:37:15 - Level3 - Find upline query: SELECT id FROM shonu_subjects WHERE owncode = '116629030908'
2026-03-14 20:37:15 - Level3 - Upline found: 113033
2026-03-14 20:37:15 - Level3 - Insert query: INSERT INTO vyavahara (
            balakedara, ketebida, prakara, purba, bartaman, ayoga, koduvavanu, tiarikala, commission_status, process_date
        ) VALUES (
            '113033', '15000', 'LVLCOMM3', '10539.65049', '10551.65049', '12', '1175879', '2026-03-14 20:37:15', 0, '2026-03-15'
        )
2026-03-14 20:37:15 - Level3 - ✅ INSERT SUCCESSFUL
2026-03-14 20:37:15 - ========== COMMISSION.PHP ENDED ==========

2026-03-14 20:37:53 - ========== COMMISSION.PHP STARTED ==========
2026-03-14 20:37:53 - Bet amount: 1000, User ID: 1175879
2026-03-14 20:37:53 - Level commissions: L1=4, L2=2.5, L3=0.8, L4=0.1, L5=0.05, L6=0.02
2026-03-14 20:37:53 - Codes query: SELECT code, code1, code2, code3, code4, code5 FROM shonu_subjects WHERE id = '1175879'
2026-03-14 20:37:53 - Referral codes: code=7384791175875, code1=400660113602, code2=116629030908, code3=official, code4=, code5=
2026-03-14 20:37:53 - Next process date: 2026-03-15
2026-03-14 20:37:53 - Level1 - Find upline query: SELECT id FROM shonu_subjects WHERE owncode = '7384791175875'
2026-03-14 20:37:53 - Level1 - Upline found: 1175875
2026-03-14 20:37:53 - Level1 - Insert query: INSERT INTO vyavahara (
            balakedara, ketebida, prakara, purba, bartaman, ayoga, koduvavanu, tiarikala, commission_status, process_date
        ) VALUES (
            '1175875', '1000', 'LVLCOMM1', '711', '715', '4', '1175879', '2026-03-14 20:37:53', 0, '2026-03-15'
        )
2026-03-14 20:37:53 - Level1 - ✅ INSERT SUCCESSFUL
2026-03-14 20:37:53 - Level2 - Find upline query: SELECT id FROM shonu_subjects WHERE owncode = '400660113602'
2026-03-14 20:37:53 - Level2 - Upline found: 113607
2026-03-14 20:37:53 - Level2 - Insert query: INSERT INTO vyavahara (
            balakedara, ketebida, prakara, purba, bartaman, ayoga, koduvavanu, tiarikala, commission_status, process_date
        ) VALUES (
            '113607', '1000', 'LVLCOMM2', '19200981.17274', '19200983.67274', '2.5', '1175879', '2026-03-14 20:37:53', 0, '2026-03-15'
        )
2026-03-14 20:37:53 - Level2 - ✅ INSERT SUCCESSFUL
2026-03-14 20:37:53 - Level3 - Find upline query: SELECT id FROM shonu_subjects WHERE owncode = '116629030908'
2026-03-14 20:37:53 - Level3 - Upline found: 113033
2026-03-14 20:37:53 - Level3 - Insert query: INSERT INTO vyavahara (
            balakedara, ketebida, prakara, purba, bartaman, ayoga, koduvavanu, tiarikala, commission_status, process_date
        ) VALUES (
            '113033', '1000', 'LVLCOMM3', '10539.65049', '10540.45049', '0.8', '1175879', '2026-03-14 20:37:53', 0, '2026-03-15'
        )
2026-03-14 20:37:53 - Level3 - ✅ INSERT SUCCESSFUL
2026-03-14 20:37:53 - ========== COMMISSION.PHP ENDED ==========

2026-03-14 20:38:13 - ========== COMMISSION.PHP STARTED ==========
2026-03-14 20:38:13 - Bet amount: 3000, User ID: 1175879
2026-03-14 20:38:13 - Level commissions: L1=12, L2=7.5, L3=2.4, L4=0.3, L5=0.15, L6=0.06
2026-03-14 20:38:13 - Codes query: SELECT code, code1, code2, code3, code4, code5 FROM shonu_subjects WHERE id = '1175879'
2026-03-14 20:38:13 - Referral codes: code=7384791175875, code1=400660113602, code2=116629030908, code3=official, code4=, code5=
2026-03-14 20:38:13 - Next process date: 2026-03-15
2026-03-14 20:38:13 - Level1 - Find upline query: SELECT id FROM shonu_subjects WHERE owncode = '7384791175875'
2026-03-14 20:38:13 - Level1 - Upline found: 1175875
2026-03-14 20:38:13 - Level1 - Insert query: INSERT INTO vyavahara (
            balakedara, ketebida, prakara, purba, bartaman, ayoga, koduvavanu, tiarikala, commission_status, process_date
        ) VALUES (
            '1175875', '3000', 'LVLCOMM1', '711', '723', '12', '1175879', '2026-03-14 20:38:13', 0, '2026-03-15'
        )
2026-03-14 20:38:13 - Level1 - ✅ INSERT SUCCESSFUL
2026-03-14 20:38:13 - Level2 - Find upline query: SELECT id FROM shonu_subjects WHERE owncode = '400660113602'
2026-03-14 20:38:13 - Level2 - Upline found: 113607
2026-03-14 20:38:13 - Level2 - Insert query: INSERT INTO vyavahara (
            balakedara, ketebida, prakara, purba, bartaman, ayoga, koduvavanu, tiarikala, commission_status, process_date
        ) VALUES (
            '113607', '3000', 'LVLCOMM2', '19200981.17274', '19200988.67274', '7.5', '1175879', '2026-03-14 20:38:13', 0, '2026-03-15'
        )
2026-03-14 20:38:13 - Level2 - ✅ INSERT SUCCESSFUL
2026-03-14 20:38:13 - Level3 - Find upline query: SELECT id FROM shonu_subjects WHERE owncode = '116629030908'
2026-03-14 20:38:13 - Level3 - Upline found: 113033
2026-03-14 20:38:13 - Level3 - Insert query: INSERT INTO vyavahara (
            balakedara, ketebida, prakara, purba, bartaman, ayoga, koduvavanu, tiarikala, commission_status, process_date
        ) VALUES (
            '113033', '3000', 'LVLCOMM3', '10539.65049', '10542.05049', '2.4', '1175879', '2026-03-14 20:38:13', 0, '2026-03-15'
        )
2026-03-14 20:38:13 - Level3 - ✅ INSERT SUCCESSFUL
2026-03-14 20:38:13 - ========== COMMISSION.PHP ENDED ==========

2026-03-14 20:38:44 - ========== COMMISSION.PHP STARTED ==========
2026-03-14 20:38:44 - Bet amount: 9000, User ID: 1175879
2026-03-14 20:38:44 - Level commissions: L1=36, L2=22.5, L3=7.2, L4=0.9, L5=0.45, L6=0.18
2026-03-14 20:38:44 - Codes query: SELECT code, code1, code2, code3, code4, code5 FROM shonu_subjects WHERE id = '1175879'
2026-03-14 20:38:44 - Referral codes: code=7384791175875, code1=400660113602, code2=116629030908, code3=official, code4=, code5=
2026-03-14 20:38:44 - Next process date: 2026-03-15
2026-03-14 20:38:44 - Level1 - Find upline query: SELECT id FROM shonu_subjects WHERE owncode = '7384791175875'
2026-03-14 20:38:44 - Level1 - Upline found: 1175875
2026-03-14 20:38:44 - Level1 - Insert query: INSERT INTO vyavahara (
            balakedara, ketebida, prakara, purba, bartaman, ayoga, koduvavanu, tiarikala, commission_status, process_date
        ) VALUES (
            '1175875', '9000', 'LVLCOMM1', '866', '902', '36', '1175879', '2026-03-14 20:38:44', 0, '2026-03-15'
        )
2026-03-14 20:38:44 - Level1 - ✅ INSERT SUCCESSFUL
2026-03-14 20:38:44 - Level2 - Find upline query: SELECT id FROM shonu_subjects WHERE owncode = '400660113602'
2026-03-14 20:38:44 - Level2 - Upline found: 113607
2026-03-14 20:38:44 - Level2 - Insert query: INSERT INTO vyavahara (
            balakedara, ketebida, prakara, purba, bartaman, ayoga, koduvavanu, tiarikala, commission_status, process_date
        ) VALUES (
            '113607', '9000', 'LVLCOMM2', '19200981.17274', '19201003.67274', '22.5', '1175879', '2026-03-14 20:38:44', 0, '2026-03-15'
        )
2026-03-14 20:38:44 - Level2 - ✅ INSERT SUCCESSFUL
2026-03-14 20:38:44 - Level3 - Find upline query: SELECT id FROM shonu_subjects WHERE owncode = '116629030908'
2026-03-14 20:38:44 - Level3 - Upline found: 113033
2026-03-14 20:38:44 - Level3 - Insert query: INSERT INTO vyavahara (
            balakedara, ketebida, prakara, purba, bartaman, ayoga, koduvavanu, tiarikala, commission_status, process_date
        ) VALUES (
            '113033', '9000', 'LVLCOMM3', '10539.65049', '10546.85049', '7.2', '1175879', '2026-03-14 20:38:44', 0, '2026-03-15'
        )
2026-03-14 20:38:44 - Level3 - ✅ INSERT SUCCESSFUL
2026-03-14 20:38:44 - ========== COMMISSION.PHP ENDED ==========

2026-03-14 20:39:19 - ========== COMMISSION.PHP STARTED ==========
2026-03-14 20:39:19 - Bet amount: 20000, User ID: 1175879
2026-03-14 20:39:19 - Level commissions: L1=80, L2=50, L3=16, L4=2, L5=1, L6=0.4
2026-03-14 20:39:19 - Codes query: SELECT code, code1, code2, code3, code4, code5 FROM shonu_subjects WHERE id = '1175879'
2026-03-14 20:39:19 - Referral codes: code=7384791175875, code1=400660113602, code2=116629030908, code3=official, code4=, code5=
2026-03-14 20:39:19 - Next process date: 2026-03-15
2026-03-14 20:39:19 - Level1 - Find upline query: SELECT id FROM shonu_subjects WHERE owncode = '7384791175875'
2026-03-14 20:39:19 - Level1 - Upline found: 1175875
2026-03-14 20:39:19 - Level1 - Insert query: INSERT INTO vyavahara (
            balakedara, ketebida, prakara, purba, bartaman, ayoga, koduvavanu, tiarikala, commission_status, process_date
        ) VALUES (
            '1175875', '20000', 'LVLCOMM1', '866', '946', '80', '1175879', '2026-03-14 20:39:19', 0, '2026-03-15'
        )
2026-03-14 20:39:19 - Level1 - ✅ INSERT SUCCESSFUL
2026-03-14 20:39:19 - Level2 - Find upline query: SELECT id FROM shonu_subjects WHERE owncode = '400660113602'
2026-03-14 20:39:19 - Level2 - Upline found: 113607
2026-03-14 20:39:19 - Level2 - Insert query: INSERT INTO vyavahara (
            balakedara, ketebida, prakara, purba, bartaman, ayoga, koduvavanu, tiarikala, commission_status, process_date
        ) VALUES (
            '113607', '20000', 'LVLCOMM2', '19200981.17274', '19201031.17274', '50', '1175879', '2026-03-14 20:39:19', 0, '2026-03-15'
        )
2026-03-14 20:39:19 - Level2 - ✅ INSERT SUCCESSFUL
2026-03-14 20:39:19 - Level3 - Find upline query: SELECT id FROM shonu_subjects WHERE owncode = '116629030908'
2026-03-14 20:39:19 - Level3 - Upline found: 113033
2026-03-14 20:39:19 - Level3 - Insert query: INSERT INTO vyavahara (
            balakedara, ketebida, prakara, purba, bartaman, ayoga, koduvavanu, tiarikala, commission_status, process_date
        ) VALUES (
            '113033', '20000', 'LVLCOMM3', '10539.65049', '10555.65049', '16', '1175879', '2026-03-14 20:39:19', 0, '2026-03-15'
        )
2026-03-14 20:39:19 - Level3 - ✅ INSERT SUCCESSFUL
2026-03-14 20:39:19 - ========== COMMISSION.PHP ENDED ==========

2026-03-14 20:39:53 - ========== COMMISSION.PHP STARTED ==========
2026-03-14 20:39:53 - Bet amount: 3000, User ID: 1175879
2026-03-14 20:39:53 - Level commissions: L1=12, L2=7.5, L3=2.4, L4=0.3, L5=0.15, L6=0.06
2026-03-14 20:39:53 - Codes query: SELECT code, code1, code2, code3, code4, code5 FROM shonu_subjects WHERE id = '1175879'
2026-03-14 20:39:53 - Referral codes: code=7384791175875, code1=400660113602, code2=116629030908, code3=official, code4=, code5=
2026-03-14 20:39:53 - Next process date: 2026-03-15
2026-03-14 20:39:53 - Level1 - Find upline query: SELECT id FROM shonu_subjects WHERE owncode = '7384791175875'
2026-03-14 20:39:53 - Level1 - Upline found: 1175875
2026-03-14 20:39:53 - Level1 - Insert query: INSERT INTO vyavahara (
            balakedara, ketebida, prakara, purba, bartaman, ayoga, koduvavanu, tiarikala, commission_status, process_date
        ) VALUES (
            '1175875', '3000', 'LVLCOMM1', '866', '878', '12', '1175879', '2026-03-14 20:39:53', 0, '2026-03-15'
        )
2026-03-14 20:39:53 - Level1 - ✅ INSERT SUCCESSFUL
2026-03-14 20:39:53 - Level2 - Find upline query: SELECT id FROM shonu_subjects WHERE owncode = '400660113602'
2026-03-14 20:39:53 - Level2 - Upline found: 113607
2026-03-14 20:39:53 - Level2 - Insert query: INSERT INTO vyavahara (
            balakedara, ketebida, prakara, purba, bartaman, ayoga, koduvavanu, tiarikala, commission_status, process_date
        ) VALUES (
            '113607', '3000', 'LVLCOMM2', '19200981.17274', '19200988.67274', '7.5', '1175879', '2026-03-14 20:39:53', 0, '2026-03-15'
        )
2026-03-14 20:39:53 - Level2 - ✅ INSERT SUCCESSFUL
2026-03-14 20:39:53 - Level3 - Find upline query: SELECT id FROM shonu_subjects WHERE owncode = '116629030908'
2026-03-14 20:39:53 - Level3 - Upline found: 113033
2026-03-14 20:39:53 - Level3 - Insert query: INSERT INTO vyavahara (
            balakedara, ketebida, prakara, purba, bartaman, ayoga, koduvavanu, tiarikala, commission_status, process_date
        ) VALUES (
            '113033', '3000', 'LVLCOMM3', '10539.65049', '10542.05049', '2.4', '1175879', '2026-03-14 20:39:53', 0, '2026-03-15'
        )
2026-03-14 20:39:53 - Level3 - ✅ INSERT SUCCESSFUL
2026-03-14 20:39:53 - ========== COMMISSION.PHP ENDED ==========

2026-03-14 20:40:18 - ========== COMMISSION.PHP STARTED ==========
2026-03-14 20:40:18 - Bet amount: 5000, User ID: 1175879
2026-03-14 20:40:18 - Level commissions: L1=20, L2=12.5, L3=4, L4=0.5, L5=0.25, L6=0.1
2026-03-14 20:40:18 - Codes query: SELECT code, code1, code2, code3, code4, code5 FROM shonu_subjects WHERE id = '1175879'
2026-03-14 20:40:18 - Referral codes: code=7384791175875, code1=400660113602, code2=116629030908, code3=official, code4=, code5=
2026-03-14 20:40:18 - Next process date: 2026-03-15
2026-03-14 20:40:18 - Level1 - Find upline query: SELECT id FROM shonu_subjects WHERE owncode = '7384791175875'
2026-03-14 20:40:18 - Level1 - Upline found: 1175875
2026-03-14 20:40:18 - Level1 - Insert query: INSERT INTO vyavahara (
            balakedara, ketebida, prakara, purba, bartaman, ayoga, koduvavanu, tiarikala, commission_status, process_date
        ) VALUES (
            '1175875', '5000', 'LVLCOMM1', '866', '886', '20', '1175879', '2026-03-14 20:40:18', 0, '2026-03-15'
        )
2026-03-14 20:40:18 - Level1 - ✅ INSERT SUCCESSFUL
2026-03-14 20:40:18 - Level2 - Find upline query: SELECT id FROM shonu_subjects WHERE owncode = '400660113602'
2026-03-14 20:40:18 - Level2 - Upline found: 113607
2026-03-14 20:40:18 - Level2 - Insert query: INSERT INTO vyavahara (
            balakedara, ketebida, prakara, purba, bartaman, ayoga, koduvavanu, tiarikala, commission_status, process_date
        ) VALUES (
            '113607', '5000', 'LVLCOMM2', '19200981.17274', '19200993.67274', '12.5', '1175879', '2026-03-14 20:40:18', 0, '2026-03-15'
        )
2026-03-14 20:40:18 - Level2 - ✅ INSERT SUCCESSFUL
2026-03-14 20:40:18 - Level3 - Find upline query: SELECT id FROM shonu_subjects WHERE owncode = '116629030908'
2026-03-14 20:40:18 - Level3 - Upline found: 113033
2026-03-14 20:40:18 - Level3 - Insert query: INSERT INTO vyavahara (
            balakedara, ketebida, prakara, purba, bartaman, ayoga, koduvavanu, tiarikala, commission_status, process_date
        ) VALUES (
            '113033', '5000', 'LVLCOMM3', '10539.65049', '10543.65049', '4', '1175879', '2026-03-14 20:40:18', 0, '2026-03-15'
        )
2026-03-14 20:40:18 - Level3 - ✅ INSERT SUCCESSFUL
2026-03-14 20:40:18 - ========== COMMISSION.PHP ENDED ==========

2026-03-14 20:40:52 - ========== COMMISSION.PHP STARTED ==========
2026-03-14 20:40:52 - Bet amount: 2000, User ID: 1175879
2026-03-14 20:40:52 - Level commissions: L1=8, L2=5, L3=1.6, L4=0.2, L5=0.1, L6=0.04
2026-03-14 20:40:52 - Codes query: SELECT code, code1, code2, code3, code4, code5 FROM shonu_subjects WHERE id = '1175879'
2026-03-14 20:40:52 - Referral codes: code=7384791175875, code1=400660113602, code2=116629030908, code3=official, code4=, code5=
2026-03-14 20:40:52 - Next process date: 2026-03-15
2026-03-14 20:40:52 - Level1 - Find upline query: SELECT id FROM shonu_subjects WHERE owncode = '7384791175875'
2026-03-14 20:40:52 - Level1 - Upline found: 1175875
2026-03-14 20:40:52 - Level1 - Insert query: INSERT INTO vyavahara (
            balakedara, ketebida, prakara, purba, bartaman, ayoga, koduvavanu, tiarikala, commission_status, process_date
        ) VALUES (
            '1175875', '2000', 'LVLCOMM1', '866', '874', '8', '1175879', '2026-03-14 20:40:52', 0, '2026-03-15'
        )
2026-03-14 20:40:52 - Level1 - ✅ INSERT SUCCESSFUL
2026-03-14 20:40:52 - Level2 - Find upline query: SELECT id FROM shonu_subjects WHERE owncode = '400660113602'
2026-03-14 20:40:52 - Level2 - Upline found: 113607
2026-03-14 20:40:52 - Level2 - Insert query: INSERT INTO vyavahara (
            balakedara, ketebida, prakara, purba, bartaman, ayoga, koduvavanu, tiarikala, commission_status, process_date
        ) VALUES (
            '113607', '2000', 'LVLCOMM2', '19200981.17274', '19200986.17274', '5', '1175879', '2026-03-14 20:40:52', 0, '2026-03-15'
        )
2026-03-14 20:40:52 - Level2 - ✅ INSERT SUCCESSFUL
2026-03-14 20:40:52 - Level3 - Find upline query: SELECT id FROM shonu_subjects WHERE owncode = '116629030908'
2026-03-14 20:40:52 - Level3 - Upline found: 113033
2026-03-14 20:40:52 - Level3 - Insert query: INSERT INTO vyavahara (
            balakedara, ketebida, prakara, purba, bartaman, ayoga, koduvavanu, tiarikala, commission_status, process_date
        ) VALUES (
            '113033', '2000', 'LVLCOMM3', '10539.65049', '10541.25049', '1.6', '1175879', '2026-03-14 20:40:52', 0, '2026-03-15'
        )
2026-03-14 20:40:52 - Level3 - ✅ INSERT SUCCESSFUL
2026-03-14 20:40:52 - ========== COMMISSION.PHP ENDED ==========

2026-03-14 21:37:38 - ========== COMMISSION.PHP STARTED ==========
2026-03-14 21:37:38 - Bet amount: 100, User ID: 1175879
2026-03-14 21:37:38 - Level commissions: L1=0.4, L2=0.25, L3=0.08, L4=0.01, L5=0.005, L6=0.002
2026-03-14 21:37:38 - Codes query: SELECT code, code1, code2, code3, code4, code5 FROM shonu_subjects WHERE id = '1175879'
2026-03-14 21:37:38 - Referral codes: code=7384791175875, code1=400660113602, code2=116629030908, code3=official, code4=, code5=
2026-03-14 21:37:38 - Next process date: 2026-03-15
2026-03-14 21:37:38 - Level1 - Find upline query: SELECT id FROM shonu_subjects WHERE owncode = '7384791175875'
2026-03-14 21:37:38 - Level1 - Upline found: 1175875
2026-03-14 21:37:38 - Level1 - Insert query: INSERT INTO vyavahara (
            balakedara, ketebida, prakara, purba, bartaman, ayoga, koduvavanu, tiarikala, commission_status, process_date
        ) VALUES (
            '1175875', '100', 'LVLCOMM1', '866', '866.4', '0.4', '1175879', '2026-03-14 21:37:38', 0, '2026-03-15'
        )
2026-03-14 21:37:38 - Level1 - ✅ INSERT SUCCESSFUL
2026-03-14 21:37:38 - Level2 - Find upline query: SELECT id FROM shonu_subjects WHERE owncode = '400660113602'
2026-03-14 21:37:38 - Level2 - Upline found: 113607
2026-03-14 21:37:38 - Level2 - Insert query: INSERT INTO vyavahara (
            balakedara, ketebida, prakara, purba, bartaman, ayoga, koduvavanu, tiarikala, commission_status, process_date
        ) VALUES (
            '113607', '100', 'LVLCOMM2', '19200981.17274', '19200981.42274', '0.25', '1175879', '2026-03-14 21:37:38', 0, '2026-03-15'
        )
2026-03-14 21:37:38 - Level2 - ✅ INSERT SUCCESSFUL
2026-03-14 21:37:38 - Level3 - Find upline query: SELECT id FROM shonu_subjects WHERE owncode = '116629030908'
2026-03-14 21:37:38 - Level3 - Upline found: 113033
2026-03-14 21:37:38 - Level3 - Insert query: INSERT INTO vyavahara (
            balakedara, ketebida, prakara, purba, bartaman, ayoga, koduvavanu, tiarikala, commission_status, process_date
        ) VALUES (
            '113033', '100', 'LVLCOMM3', '10539.65049', '10539.73049', '0.08', '1175879', '2026-03-14 21:37:38', 0, '2026-03-15'
        )
2026-03-14 21:37:38 - Level3 - ✅ INSERT SUCCESSFUL
2026-03-14 21:37:38 - ========== COMMISSION.PHP ENDED ==========

2026-03-14 21:38:16 - ========== COMMISSION.PHP STARTED ==========
2026-03-14 21:38:16 - Bet amount: 300, User ID: 1175879
2026-03-14 21:38:16 - Level commissions: L1=1.2, L2=0.75, L3=0.24, L4=0.03, L5=0.015, L6=0.006
2026-03-14 21:38:16 - Codes query: SELECT code, code1, code2, code3, code4, code5 FROM shonu_subjects WHERE id = '1175879'
2026-03-14 21:38:16 - Referral codes: code=7384791175875, code1=400660113602, code2=116629030908, code3=official, code4=, code5=
2026-03-14 21:38:16 - Next process date: 2026-03-15
2026-03-14 21:38:16 - Level1 - Find upline query: SELECT id FROM shonu_subjects WHERE owncode = '7384791175875'
2026-03-14 21:38:16 - Level1 - Upline found: 1175875
2026-03-14 21:38:16 - Level1 - Insert query: INSERT INTO vyavahara (
            balakedara, ketebida, prakara, purba, bartaman, ayoga, koduvavanu, tiarikala, commission_status, process_date
        ) VALUES (
            '1175875', '300', 'LVLCOMM1', '866', '867.2', '1.2', '1175879', '2026-03-14 21:38:16', 0, '2026-03-15'
        )
2026-03-14 21:38:16 - Level1 - ✅ INSERT SUCCESSFUL
2026-03-14 21:38:16 - Level2 - Find upline query: SELECT id FROM shonu_subjects WHERE owncode = '400660113602'
2026-03-14 21:38:16 - Level2 - Upline found: 113607
2026-03-14 21:38:16 - Level2 - Insert query: INSERT INTO vyavahara (
            balakedara, ketebida, prakara, purba, bartaman, ayoga, koduvavanu, tiarikala, commission_status, process_date
        ) VALUES (
            '113607', '300', 'LVLCOMM2', '19200981.17274', '19200981.92274', '0.75', '1175879', '2026-03-14 21:38:16', 0, '2026-03-15'
        )
2026-03-14 21:38:16 - Level2 - ✅ INSERT SUCCESSFUL
2026-03-14 21:38:16 - Level3 - Find upline query: SELECT id FROM shonu_subjects WHERE owncode = '116629030908'
2026-03-14 21:38:16 - Level3 - Upline found: 113033
2026-03-14 21:38:16 - Level3 - Insert query: INSERT INTO vyavahara (
            balakedara, ketebida, prakara, purba, bartaman, ayoga, koduvavanu, tiarikala, commission_status, process_date
        ) VALUES (
            '113033', '300', 'LVLCOMM3', '10539.65049', '10539.89049', '0.24', '1175879', '2026-03-14 21:38:16', 0, '2026-03-15'
        )
2026-03-14 21:38:16 - Level3 - ✅ INSERT SUCCESSFUL
2026-03-14 21:38:16 - ========== COMMISSION.PHP ENDED ==========

2026-03-14 21:38:43 - ========== COMMISSION.PHP STARTED ==========
2026-03-14 21:38:43 - Bet amount: 100, User ID: 1175879
2026-03-14 21:38:43 - Level commissions: L1=0.4, L2=0.25, L3=0.08, L4=0.01, L5=0.005, L6=0.002
2026-03-14 21:38:43 - Codes query: SELECT code, code1, code2, code3, code4, code5 FROM shonu_subjects WHERE id = '1175879'
2026-03-14 21:38:43 - Referral codes: code=7384791175875, code1=400660113602, code2=116629030908, code3=official, code4=, code5=
2026-03-14 21:38:43 - Next process date: 2026-03-15
2026-03-14 21:38:43 - Level1 - Find upline query: SELECT id FROM shonu_subjects WHERE owncode = '7384791175875'
2026-03-14 21:38:43 - Level1 - Upline found: 1175875
2026-03-14 21:38:43 - Level1 - Insert query: INSERT INTO vyavahara (
            balakedara, ketebida, prakara, purba, bartaman, ayoga, koduvavanu, tiarikala, commission_status, process_date
        ) VALUES (
            '1175875', '100', 'LVLCOMM1', '866', '866.4', '0.4', '1175879', '2026-03-14 21:38:43', 0, '2026-03-15'
        )
2026-03-14 21:38:43 - Level1 - ✅ INSERT SUCCESSFUL
2026-03-14 21:38:43 - Level2 - Find upline query: SELECT id FROM shonu_subjects WHERE owncode = '400660113602'
2026-03-14 21:38:43 - Level2 - Upline found: 113607
2026-03-14 21:38:43 - Level2 - Insert query: INSERT INTO vyavahara (
            balakedara, ketebida, prakara, purba, bartaman, ayoga, koduvavanu, tiarikala, commission_status, process_date
        ) VALUES (
            '113607', '100', 'LVLCOMM2', '19200981.17274', '19200981.42274', '0.25', '1175879', '2026-03-14 21:38:43', 0, '2026-03-15'
        )
2026-03-14 21:38:43 - Level2 - ✅ INSERT SUCCESSFUL
2026-03-14 21:38:43 - Level3 - Find upline query: SELECT id FROM shonu_subjects WHERE owncode = '116629030908'
2026-03-14 21:38:43 - Level3 - Upline found: 113033
2026-03-14 21:38:43 - Level3 - Insert query: INSERT INTO vyavahara (
            balakedara, ketebida, prakara, purba, bartaman, ayoga, koduvavanu, tiarikala, commission_status, process_date
        ) VALUES (
            '113033', '100', 'LVLCOMM3', '10539.65049', '10539.73049', '0.08', '1175879', '2026-03-14 21:38:43', 0, '2026-03-15'
        )
2026-03-14 21:38:43 - Level3 - ✅ INSERT SUCCESSFUL
2026-03-14 21:38:43 - ========== COMMISSION.PHP ENDED ==========

2026-03-14 21:39:16 - ========== COMMISSION.PHP STARTED ==========
2026-03-14 21:39:16 - Bet amount: 300, User ID: 1175879
2026-03-14 21:39:16 - Level commissions: L1=1.2, L2=0.75, L3=0.24, L4=0.03, L5=0.015, L6=0.006
2026-03-14 21:39:16 - Codes query: SELECT code, code1, code2, code3, code4, code5 FROM shonu_subjects WHERE id = '1175879'
2026-03-14 21:39:16 - Referral codes: code=7384791175875, code1=400660113602, code2=116629030908, code3=official, code4=, code5=
2026-03-14 21:39:16 - Next process date: 2026-03-15
2026-03-14 21:39:16 - Level1 - Find upline query: SELECT id FROM shonu_subjects WHERE owncode = '7384791175875'
2026-03-14 21:39:16 - Level1 - Upline found: 1175875
2026-03-14 21:39:16 - Level1 - Insert query: INSERT INTO vyavahara (
            balakedara, ketebida, prakara, purba, bartaman, ayoga, koduvavanu, tiarikala, commission_status, process_date
        ) VALUES (
            '1175875', '300', 'LVLCOMM1', '866', '867.2', '1.2', '1175879', '2026-03-14 21:39:16', 0, '2026-03-15'
        )
2026-03-14 21:39:16 - Level1 - ✅ INSERT SUCCESSFUL
2026-03-14 21:39:16 - Level2 - Find upline query: SELECT id FROM shonu_subjects WHERE owncode = '400660113602'
2026-03-14 21:39:16 - Level2 - Upline found: 113607
2026-03-14 21:39:16 - Level2 - Insert query: INSERT INTO vyavahara (
            balakedara, ketebida, prakara, purba, bartaman, ayoga, koduvavanu, tiarikala, commission_status, process_date
        ) VALUES (
            '113607', '300', 'LVLCOMM2', '19200981.17274', '19200981.92274', '0.75', '1175879', '2026-03-14 21:39:16', 0, '2026-03-15'
        )
2026-03-14 21:39:16 - Level2 - ✅ INSERT SUCCESSFUL
2026-03-14 21:39:16 - Level3 - Find upline query: SELECT id FROM shonu_subjects WHERE owncode = '116629030908'
2026-03-14 21:39:16 - Level3 - Upline found: 113033
2026-03-14 21:39:16 - Level3 - Insert query: INSERT INTO vyavahara (
            balakedara, ketebida, prakara, purba, bartaman, ayoga, koduvavanu, tiarikala, commission_status, process_date
        ) VALUES (
            '113033', '300', 'LVLCOMM3', '10539.65049', '10539.89049', '0.24', '1175879', '2026-03-14 21:39:16', 0, '2026-03-15'
        )
2026-03-14 21:39:16 - Level3 - ✅ INSERT SUCCESSFUL
2026-03-14 21:39:16 - ========== COMMISSION.PHP ENDED ==========

2026-03-14 21:39:48 - ========== COMMISSION.PHP STARTED ==========
2026-03-14 21:39:48 - Bet amount: 900, User ID: 1175879
2026-03-14 21:39:48 - Level commissions: L1=3.6, L2=2.25, L3=0.72, L4=0.09, L5=0.045, L6=0.018
2026-03-14 21:39:48 - Codes query: SELECT code, code1, code2, code3, code4, code5 FROM shonu_subjects WHERE id = '1175879'
2026-03-14 21:39:48 - Referral codes: code=7384791175875, code1=400660113602, code2=116629030908, code3=official, code4=, code5=
2026-03-14 21:39:48 - Next process date: 2026-03-15
2026-03-14 21:39:48 - Level1 - Find upline query: SELECT id FROM shonu_subjects WHERE owncode = '7384791175875'
2026-03-14 21:39:48 - Level1 - Upline found: 1175875
2026-03-14 21:39:48 - Level1 - Insert query: INSERT INTO vyavahara (
            balakedara, ketebida, prakara, purba, bartaman, ayoga, koduvavanu, tiarikala, commission_status, process_date
        ) VALUES (
            '1175875', '900', 'LVLCOMM1', '866', '869.6', '3.6', '1175879', '2026-03-14 21:39:48', 0, '2026-03-15'
        )
2026-03-14 21:39:48 - Level1 - ✅ INSERT SUCCESSFUL
2026-03-14 21:39:48 - Level2 - Find upline query: SELECT id FROM shonu_subjects WHERE owncode = '400660113602'
2026-03-14 21:39:48 - Level2 - Upline found: 113607
2026-03-14 21:39:48 - Level2 - Insert query: INSERT INTO vyavahara (
            balakedara, ketebida, prakara, purba, bartaman, ayoga, koduvavanu, tiarikala, commission_status, process_date
        ) VALUES (
            '113607', '900', 'LVLCOMM2', '19200981.17274', '19200983.42274', '2.25', '1175879', '2026-03-14 21:39:48', 0, '2026-03-15'
        )
2026-03-14 21:39:48 - Level2 - ✅ INSERT SUCCESSFUL
2026-03-14 21:39:48 - Level3 - Find upline query: SELECT id FROM shonu_subjects WHERE owncode = '116629030908'
2026-03-14 21:39:48 - Level3 - Upline found: 113033
2026-03-14 21:39:48 - Level3 - Insert query: INSERT INTO vyavahara (
            balakedara, ketebida, prakara, purba, bartaman, ayoga, koduvavanu, tiarikala, commission_status, process_date
        ) VALUES (
            '113033', '900', 'LVLCOMM3', '10539.65049', '10540.37049', '0.72', '1175879', '2026-03-14 21:39:48', 0, '2026-03-15'
        )
2026-03-14 21:39:48 - Level3 - ✅ INSERT SUCCESSFUL
2026-03-14 21:39:48 - ========== COMMISSION.PHP ENDED ==========

2026-03-14 21:40:19 - ========== COMMISSION.PHP STARTED ==========
2026-03-14 21:40:19 - Bet amount: 100, User ID: 1175879
2026-03-14 21:40:19 - Level commissions: L1=0.4, L2=0.25, L3=0.08, L4=0.01, L5=0.005, L6=0.002
2026-03-14 21:40:19 - Codes query: SELECT code, code1, code2, code3, code4, code5 FROM shonu_subjects WHERE id = '1175879'
2026-03-14 21:40:19 - Referral codes: code=7384791175875, code1=400660113602, code2=116629030908, code3=official, code4=, code5=
2026-03-14 21:40:19 - Next process date: 2026-03-15
2026-03-14 21:40:19 - Level1 - Find upline query: SELECT id FROM shonu_subjects WHERE owncode = '7384791175875'
2026-03-14 21:40:19 - Level1 - Upline found: 1175875
2026-03-14 21:40:19 - Level1 - Insert query: INSERT INTO vyavahara (
            balakedara, ketebida, prakara, purba, bartaman, ayoga, koduvavanu, tiarikala, commission_status, process_date
        ) VALUES (
            '1175875', '100', 'LVLCOMM1', '866', '866.4', '0.4', '1175879', '2026-03-14 21:40:19', 0, '2026-03-15'
        )
2026-03-14 21:40:19 - Level1 - ✅ INSERT SUCCESSFUL
2026-03-14 21:40:19 - Level2 - Find upline query: SELECT id FROM shonu_subjects WHERE owncode = '400660113602'
2026-03-14 21:40:19 - Level2 - Upline found: 113607
2026-03-14 21:40:19 - Level2 - Insert query: INSERT INTO vyavahara (
            balakedara, ketebida, prakara, purba, bartaman, ayoga, koduvavanu, tiarikala, commission_status, process_date
        ) VALUES (
            '113607', '100', 'LVLCOMM2', '19200981.17274', '19200981.42274', '0.25', '1175879', '2026-03-14 21:40:19', 0, '2026-03-15'
        )
2026-03-14 21:40:19 - Level2 - ✅ INSERT SUCCESSFUL
2026-03-14 21:40:19 - Level3 - Find upline query: SELECT id FROM shonu_subjects WHERE owncode = '116629030908'
2026-03-14 21:40:19 - Level3 - Upline found: 113033
2026-03-14 21:40:19 - Level3 - Insert query: INSERT INTO vyavahara (
            balakedara, ketebida, prakara, purba, bartaman, ayoga, koduvavanu, tiarikala, commission_status, process_date
        ) VALUES (
            '113033', '100', 'LVLCOMM3', '10539.65049', '10539.73049', '0.08', '1175879', '2026-03-14 21:40:19', 0, '2026-03-15'
        )
2026-03-14 21:40:19 - Level3 - ✅ INSERT SUCCESSFUL
2026-03-14 21:40:19 - ========== COMMISSION.PHP ENDED ==========

2026-03-14 21:40:40 - ========== COMMISSION.PHP STARTED ==========
2026-03-14 21:40:40 - Bet amount: 100, User ID: 1175879
2026-03-14 21:40:40 - Level commissions: L1=0.4, L2=0.25, L3=0.08, L4=0.01, L5=0.005, L6=0.002
2026-03-14 21:40:40 - Codes query: SELECT code, code1, code2, code3, code4, code5 FROM shonu_subjects WHERE id = '1175879'
2026-03-14 21:40:40 - Referral codes: code=7384791175875, code1=400660113602, code2=116629030908, code3=official, code4=, code5=
2026-03-14 21:40:40 - Next process date: 2026-03-15
2026-03-14 21:40:40 - Level1 - Find upline query: SELECT id FROM shonu_subjects WHERE owncode = '7384791175875'
2026-03-14 21:40:40 - Level1 - Upline found: 1175875
2026-03-14 21:40:40 - Level1 - Insert query: INSERT INTO vyavahara (
            balakedara, ketebida, prakara, purba, bartaman, ayoga, koduvavanu, tiarikala, commission_status, process_date
        ) VALUES (
            '1175875', '100', 'LVLCOMM1', '866', '866.4', '0.4', '1175879', '2026-03-14 21:40:40', 0, '2026-03-15'
        )
2026-03-14 21:40:40 - Level1 - ✅ INSERT SUCCESSFUL
2026-03-14 21:40:40 - Level2 - Find upline query: SELECT id FROM shonu_subjects WHERE owncode = '400660113602'
2026-03-14 21:40:40 - Level2 - Upline found: 113607
2026-03-14 21:40:40 - Level2 - Insert query: INSERT INTO vyavahara (
            balakedara, ketebida, prakara, purba, bartaman, ayoga, koduvavanu, tiarikala, commission_status, process_date
        ) VALUES (
            '113607', '100', 'LVLCOMM2', '19200981.17274', '19200981.42274', '0.25', '1175879', '2026-03-14 21:40:40', 0, '2026-03-15'
        )
2026-03-14 21:40:40 - Level2 - ✅ INSERT SUCCESSFUL
2026-03-14 21:40:40 - Level3 - Find upline query: SELECT id FROM shonu_subjects WHERE owncode = '116629030908'
2026-03-14 21:40:40 - Level3 - Upline found: 113033
2026-03-14 21:40:40 - Level3 - Insert query: INSERT INTO vyavahara (
            balakedara, ketebida, prakara, purba, bartaman, ayoga, koduvavanu, tiarikala, commission_status, process_date
        ) VALUES (
            '113033', '100', 'LVLCOMM3', '10539.65049', '10539.73049', '0.08', '1175879', '2026-03-14 21:40:40', 0, '2026-03-15'
        )
2026-03-14 21:40:40 - Level3 - ✅ INSERT SUCCESSFUL
2026-03-14 21:40:40 - ========== COMMISSION.PHP ENDED ==========

2026-03-14 21:41:12 - ========== COMMISSION.PHP STARTED ==========
2026-03-14 21:41:12 - Bet amount: 300, User ID: 1175879
2026-03-14 21:41:12 - Level commissions: L1=1.2, L2=0.75, L3=0.24, L4=0.03, L5=0.015, L6=0.006
2026-03-14 21:41:12 - Codes query: SELECT code, code1, code2, code3, code4, code5 FROM shonu_subjects WHERE id = '1175879'
2026-03-14 21:41:12 - Referral codes: code=7384791175875, code1=400660113602, code2=116629030908, code3=official, code4=, code5=
2026-03-14 21:41:12 - Next process date: 2026-03-15
2026-03-14 21:41:12 - Level1 - Find upline query: SELECT id FROM shonu_subjects WHERE owncode = '7384791175875'
2026-03-14 21:41:12 - Level1 - Upline found: 1175875
2026-03-14 21:41:12 - Level1 - Insert query: INSERT INTO vyavahara (
            balakedara, ketebida, prakara, purba, bartaman, ayoga, koduvavanu, tiarikala, commission_status, process_date
        ) VALUES (
            '1175875', '300', 'LVLCOMM1', '866', '867.2', '1.2', '1175879', '2026-03-14 21:41:12', 0, '2026-03-15'
        )
2026-03-14 21:41:12 - Level1 - ✅ INSERT SUCCESSFUL
2026-03-14 21:41:12 - Level2 - Find upline query: SELECT id FROM shonu_subjects WHERE owncode = '400660113602'
2026-03-14 21:41:12 - Level2 - Upline found: 113607
2026-03-14 21:41:12 - Level2 - Insert query: INSERT INTO vyavahara (
            balakedara, ketebida, prakara, purba, bartaman, ayoga, koduvavanu, tiarikala, commission_status, process_date
        ) VALUES (
            '113607', '300', 'LVLCOMM2', '19200981.17274', '19200981.92274', '0.75', '1175879', '2026-03-14 21:41:12', 0, '2026-03-15'
        )
2026-03-14 21:41:12 - Level2 - ✅ INSERT SUCCESSFUL
2026-03-14 21:41:12 - Level3 - Find upline query: SELECT id FROM shonu_subjects WHERE owncode = '116629030908'
2026-03-14 21:41:12 - Level3 - Upline found: 113033
2026-03-14 21:41:12 - Level3 - Insert query: INSERT INTO vyavahara (
            balakedara, ketebida, prakara, purba, bartaman, ayoga, koduvavanu, tiarikala, commission_status, process_date
        ) VALUES (
            '113033', '300', 'LVLCOMM3', '10539.65049', '10539.89049', '0.24', '1175879', '2026-03-14 21:41:12', 0, '2026-03-15'
        )
2026-03-14 21:41:12 - Level3 - ✅ INSERT SUCCESSFUL
2026-03-14 21:41:12 - ========== COMMISSION.PHP ENDED ==========

2026-03-14 21:41:42 - ========== COMMISSION.PHP STARTED ==========
2026-03-14 21:41:42 - Bet amount: 100, User ID: 1175879
2026-03-14 21:41:42 - Level commissions: L1=0.4, L2=0.25, L3=0.08, L4=0.01, L5=0.005, L6=0.002
2026-03-14 21:41:42 - Codes query: SELECT code, code1, code2, code3, code4, code5 FROM shonu_subjects WHERE id = '1175879'
2026-03-14 21:41:42 - Referral codes: code=7384791175875, code1=400660113602, code2=116629030908, code3=official, code4=, code5=
2026-03-14 21:41:42 - Next process date: 2026-03-15
2026-03-14 21:41:42 - Level1 - Find upline query: SELECT id FROM shonu_subjects WHERE owncode = '7384791175875'
2026-03-14 21:41:42 - Level1 - Upline found: 1175875
2026-03-14 21:41:42 - Level1 - Insert query: INSERT INTO vyavahara (
            balakedara, ketebida, prakara, purba, bartaman, ayoga, koduvavanu, tiarikala, commission_status, process_date
        ) VALUES (
            '1175875', '100', 'LVLCOMM1', '866', '866.4', '0.4', '1175879', '2026-03-14 21:41:42', 0, '2026-03-15'
        )
2026-03-14 21:41:42 - Level1 - ✅ INSERT SUCCESSFUL
2026-03-14 21:41:42 - Level2 - Find upline query: SELECT id FROM shonu_subjects WHERE owncode = '400660113602'
2026-03-14 21:41:42 - Level2 - Upline found: 113607
2026-03-14 21:41:42 - Level2 - Insert query: INSERT INTO vyavahara (
            balakedara, ketebida, prakara, purba, bartaman, ayoga, koduvavanu, tiarikala, commission_status, process_date
        ) VALUES (
            '113607', '100', 'LVLCOMM2', '19200981.17274', '19200981.42274', '0.25', '1175879', '2026-03-14 21:41:42', 0, '2026-03-15'
        )
2026-03-14 21:41:42 - Level2 - ✅ INSERT SUCCESSFUL
2026-03-14 21:41:42 - Level3 - Find upline query: SELECT id FROM shonu_subjects WHERE owncode = '116629030908'
2026-03-14 21:41:42 - Level3 - Upline found: 113033
2026-03-14 21:41:42 - Level3 - Insert query: INSERT INTO vyavahara (
            balakedara, ketebida, prakara, purba, bartaman, ayoga, koduvavanu, tiarikala, commission_status, process_date
        ) VALUES (
            '113033', '100', 'LVLCOMM3', '10539.65049', '10539.73049', '0.08', '1175879', '2026-03-14 21:41:42', 0, '2026-03-15'
        )
2026-03-14 21:41:42 - Level3 - ✅ INSERT SUCCESSFUL
2026-03-14 21:41:42 - ========== COMMISSION.PHP ENDED ==========

2026-03-14 21:42:17 - ========== COMMISSION.PHP STARTED ==========
2026-03-14 21:42:17 - Bet amount: 100, User ID: 1175879
2026-03-14 21:42:17 - Level commissions: L1=0.4, L2=0.25, L3=0.08, L4=0.01, L5=0.005, L6=0.002
2026-03-14 21:42:17 - Codes query: SELECT code, code1, code2, code3, code4, code5 FROM shonu_subjects WHERE id = '1175879'
2026-03-14 21:42:17 - Referral codes: code=7384791175875, code1=400660113602, code2=116629030908, code3=official, code4=, code5=
2026-03-14 21:42:17 - Next process date: 2026-03-15
2026-03-14 21:42:17 - Level1 - Find upline query: SELECT id FROM shonu_subjects WHERE owncode = '7384791175875'
2026-03-14 21:42:17 - Level1 - Upline found: 1175875
2026-03-14 21:42:17 - Level1 - Insert query: INSERT INTO vyavahara (
            balakedara, ketebida, prakara, purba, bartaman, ayoga, koduvavanu, tiarikala, commission_status, process_date
        ) VALUES (
            '1175875', '100', 'LVLCOMM1', '866', '866.4', '0.4', '1175879', '2026-03-14 21:42:17', 0, '2026-03-15'
        )
2026-03-14 21:42:17 - Level1 - ✅ INSERT SUCCESSFUL
2026-03-14 21:42:17 - Level2 - Find upline query: SELECT id FROM shonu_subjects WHERE owncode = '400660113602'
2026-03-14 21:42:17 - Level2 - Upline found: 113607
2026-03-14 21:42:17 - Level2 - Insert query: INSERT INTO vyavahara (
            balakedara, ketebida, prakara, purba, bartaman, ayoga, koduvavanu, tiarikala, commission_status, process_date
        ) VALUES (
            '113607', '100', 'LVLCOMM2', '19200981.17274', '19200981.42274', '0.25', '1175879', '2026-03-14 21:42:17', 0, '2026-03-15'
        )
2026-03-14 21:42:17 - Level2 - ✅ INSERT SUCCESSFUL
2026-03-14 21:42:17 - Level3 - Find upline query: SELECT id FROM shonu_subjects WHERE owncode = '116629030908'
2026-03-14 21:42:17 - Level3 - Upline found: 113033
2026-03-14 21:42:17 - Level3 - Insert query: INSERT INTO vyavahara (
            balakedara, ketebida, prakara, purba, bartaman, ayoga, koduvavanu, tiarikala, commission_status, process_date
        ) VALUES (
            '113033', '100', 'LVLCOMM3', '10539.65049', '10539.73049', '0.08', '1175879', '2026-03-14 21:42:17', 0, '2026-03-15'
        )
2026-03-14 21:42:17 - Level3 - ✅ INSERT SUCCESSFUL
2026-03-14 21:42:17 - ========== COMMISSION.PHP ENDED ==========

2026-03-14 21:42:20 - ========== COMMISSION.PHP STARTED ==========
2026-03-14 21:42:20 - Bet amount: 1000, User ID: 1174020
2026-03-14 21:42:20 - Level commissions: L1=4, L2=2.5, L3=0.8, L4=0.1, L5=0.05, L6=0.02
2026-03-14 21:42:20 - Codes query: SELECT code, code1, code2, code3, code4, code5 FROM shonu_subjects WHERE id = '1174020'
2026-03-14 21:42:20 - Referral codes: code=609698113616, code1=587464113615, code2=551233113608, code3=400660113602, code4=116629030908, code5=official
2026-03-14 21:42:20 - Next process date: 2026-03-15
2026-03-14 21:42:20 - Level1 - Find upline query: SELECT id FROM shonu_subjects WHERE owncode = '609698113616'
2026-03-14 21:42:20 - Level1 - Upline found: 113616
2026-03-14 21:42:20 - Level1 - Insert query: INSERT INTO vyavahara (
            balakedara, ketebida, prakara, purba, bartaman, ayoga, koduvavanu, tiarikala, commission_status, process_date
        ) VALUES (
            '113616', '1000', 'LVLCOMM1', '61375.47756', '61379.47756', '4', '1174020', '2026-03-14 21:42:20', 0, '2026-03-15'
        )
2026-03-14 21:42:20 - Level1 - ✅ INSERT SUCCESSFUL
2026-03-14 21:42:20 - Level2 - Find upline query: SELECT id FROM shonu_subjects WHERE owncode = '587464113615'
2026-03-14 21:42:20 - Level2 - Upline found: 113615
2026-03-14 21:42:20 - Level2 - Insert query: INSERT INTO vyavahara (
            balakedara, ketebida, prakara, purba, bartaman, ayoga, koduvavanu, tiarikala, commission_status, process_date
        ) VALUES (
            '113615', '1000', 'LVLCOMM2', '577.43493', '579.93493', '2.5', '1174020', '2026-03-14 21:42:20', 0, '2026-03-15'
        )
2026-03-14 21:42:20 - Level2 - ✅ INSERT SUCCESSFUL
2026-03-14 21:42:20 - Level3 - Find upline query: SELECT id FROM shonu_subjects WHERE owncode = '551233113608'
2026-03-14 21:42:20 - Level3 - Upline found: 113614
2026-03-14 21:42:20 - Level3 - Insert query: INSERT INTO vyavahara (
            balakedara, ketebida, prakara, purba, bartaman, ayoga, koduvavanu, tiarikala, commission_status, process_date
        ) VALUES (
            '113614', '1000', 'LVLCOMM3', '65991.02954', '65991.82954', '0.8', '1174020', '2026-03-14 21:42:20', 0, '2026-03-15'
        )
2026-03-14 21:42:20 - Level3 - ✅ INSERT SUCCESSFUL
2026-03-14 21:42:20 - Level4 - ✅ INSERT SUCCESSFUL
2026-03-14 21:42:20 - Level5 - ✅ INSERT SUCCESSFUL
2026-03-14 21:42:20 - ========== COMMISSION.PHP ENDED ==========

2026-03-14 21:42:42 - ========== COMMISSION.PHP STARTED ==========
2026-03-14 21:42:42 - Bet amount: 300, User ID: 1175879
2026-03-14 21:42:42 - Level commissions: L1=1.2, L2=0.75, L3=0.24, L4=0.03, L5=0.015, L6=0.006
2026-03-14 21:42:42 - Codes query: SELECT code, code1, code2, code3, code4, code5 FROM shonu_subjects WHERE id = '1175879'
2026-03-14 21:42:42 - Referral codes: code=7384791175875, code1=400660113602, code2=116629030908, code3=official, code4=, code5=
2026-03-14 21:42:42 - Next process date: 2026-03-15
2026-03-14 21:42:42 - Level1 - Find upline query: SELECT id FROM shonu_subjects WHERE owncode = '7384791175875'
2026-03-14 21:42:42 - Level1 - Upline found: 1175875
2026-03-14 21:42:42 - Level1 - Insert query: INSERT INTO vyavahara (
            balakedara, ketebida, prakara, purba, bartaman, ayoga, koduvavanu, tiarikala, commission_status, process_date
        ) VALUES (
            '1175875', '300', 'LVLCOMM1', '866', '867.2', '1.2', '1175879', '2026-03-14 21:42:42', 0, '2026-03-15'
        )
2026-03-14 21:42:42 - Level1 - ✅ INSERT SUCCESSFUL
2026-03-14 21:42:42 - Level2 - Find upline query: SELECT id FROM shonu_subjects WHERE owncode = '400660113602'
2026-03-14 21:42:42 - Level2 - Upline found: 113607
2026-03-14 21:42:42 - Level2 - Insert query: INSERT INTO vyavahara (
            balakedara, ketebida, prakara, purba, bartaman, ayoga, koduvavanu, tiarikala, commission_status, process_date
        ) VALUES (
            '113607', '300', 'LVLCOMM2', '19200981.17274', '19200981.92274', '0.75', '1175879', '2026-03-14 21:42:42', 0, '2026-03-15'
        )
2026-03-14 21:42:42 - Level2 - ✅ INSERT SUCCESSFUL
2026-03-14 21:42:42 - Level3 - Find upline query: SELECT id FROM shonu_subjects WHERE owncode = '116629030908'
2026-03-14 21:42:42 - Level3 - Upline found: 113033
2026-03-14 21:42:42 - Level3 - Insert query: INSERT INTO vyavahara (
            balakedara, ketebida, prakara, purba, bartaman, ayoga, koduvavanu, tiarikala, commission_status, process_date
        ) VALUES (
            '113033', '300', 'LVLCOMM3', '10539.65049', '10539.89049', '0.24', '1175879', '2026-03-14 21:42:42', 0, '2026-03-15'
        )
2026-03-14 21:42:42 - Level3 - ✅ INSERT SUCCESSFUL
2026-03-14 21:42:42 - ========== COMMISSION.PHP ENDED ==========

2026-03-14 21:43:13 - ========== COMMISSION.PHP STARTED ==========
2026-03-14 21:43:13 - Bet amount: 900, User ID: 1175879
2026-03-14 21:43:13 - Level commissions: L1=3.6, L2=2.25, L3=0.72, L4=0.09, L5=0.045, L6=0.018
2026-03-14 21:43:13 - Codes query: SELECT code, code1, code2, code3, code4, code5 FROM shonu_subjects WHERE id = '1175879'
2026-03-14 21:43:13 - Referral codes: code=7384791175875, code1=400660113602, code2=116629030908, code3=official, code4=, code5=
2026-03-14 21:43:13 - Next process date: 2026-03-15
2026-03-14 21:43:13 - Level1 - Find upline query: SELECT id FROM shonu_subjects WHERE owncode = '7384791175875'
2026-03-14 21:43:13 - Level1 - Upline found: 1175875
2026-03-14 21:43:13 - Level1 - Insert query: INSERT INTO vyavahara (
            balakedara, ketebida, prakara, purba, bartaman, ayoga, koduvavanu, tiarikala, commission_status, process_date
        ) VALUES (
            '1175875', '900', 'LVLCOMM1', '866', '869.6', '3.6', '1175879', '2026-03-14 21:43:13', 0, '2026-03-15'
        )
2026-03-14 21:43:13 - Level1 - ✅ INSERT SUCCESSFUL
2026-03-14 21:43:13 - Level2 - Find upline query: SELECT id FROM shonu_subjects WHERE owncode = '400660113602'
2026-03-14 21:43:13 - Level2 - Upline found: 113607
2026-03-14 21:43:13 - Level2 - Insert query: INSERT INTO vyavahara (
            balakedara, ketebida, prakara, purba, bartaman, ayoga, koduvavanu, tiarikala, commission_status, process_date
        ) VALUES (
            '113607', '900', 'LVLCOMM2', '19200981.17274', '19200983.42274', '2.25', '1175879', '2026-03-14 21:43:13', 0, '2026-03-15'
        )
2026-03-14 21:43:13 - Level2 - ✅ INSERT SUCCESSFUL
2026-03-14 21:43:13 - Level3 - Find upline query: SELECT id FROM shonu_subjects WHERE owncode = '116629030908'
2026-03-14 21:43:13 - Level3 - Upline found: 113033
2026-03-14 21:43:13 - Level3 - Insert query: INSERT INTO vyavahara (
            balakedara, ketebida, prakara, purba, bartaman, ayoga, koduvavanu, tiarikala, commission_status, process_date
        ) VALUES (
            '113033', '900', 'LVLCOMM3', '10539.65049', '10540.37049', '0.72', '1175879', '2026-03-14 21:43:13', 0, '2026-03-15'
        )
2026-03-14 21:43:13 - Level3 - ✅ INSERT SUCCESSFUL
2026-03-14 21:43:13 - ========== COMMISSION.PHP ENDED ==========

2026-03-14 21:43:52 - ========== COMMISSION.PHP STARTED ==========
2026-03-14 21:43:52 - Bet amount: 100, User ID: 1175879
2026-03-14 21:43:52 - Level commissions: L1=0.4, L2=0.25, L3=0.08, L4=0.01, L5=0.005, L6=0.002
2026-03-14 21:43:52 - Codes query: SELECT code, code1, code2, code3, code4, code5 FROM shonu_subjects WHERE id = '1175879'
2026-03-14 21:43:52 - Referral codes: code=7384791175875, code1=400660113602, code2=116629030908, code3=official, code4=, code5=
2026-03-14 21:43:52 - Next process date: 2026-03-15
2026-03-14 21:43:52 - Level1 - Find upline query: SELECT id FROM shonu_subjects WHERE owncode = '7384791175875'
2026-03-14 21:43:52 - Level1 - Upline found: 1175875
2026-03-14 21:43:52 - Level1 - Insert query: INSERT INTO vyavahara (
            balakedara, ketebida, prakara, purba, bartaman, ayoga, koduvavanu, tiarikala, commission_status, process_date
        ) VALUES (
            '1175875', '100', 'LVLCOMM1', '866', '866.4', '0.4', '1175879', '2026-03-14 21:43:52', 0, '2026-03-15'
        )
2026-03-14 21:43:52 - Level1 - ✅ INSERT SUCCESSFUL
2026-03-14 21:43:52 - Level2 - Find upline query: SELECT id FROM shonu_subjects WHERE owncode = '400660113602'
2026-03-14 21:43:52 - Level2 - Upline found: 113607
2026-03-14 21:43:52 - Level2 - Insert query: INSERT INTO vyavahara (
            balakedara, ketebida, prakara, purba, bartaman, ayoga, koduvavanu, tiarikala, commission_status, process_date
        ) VALUES (
            '113607', '100', 'LVLCOMM2', '19200981.17274', '19200981.42274', '0.25', '1175879', '2026-03-14 21:43:52', 0, '2026-03-15'
        )
2026-03-14 21:43:52 - Level2 - ✅ INSERT SUCCESSFUL
2026-03-14 21:43:52 - Level3 - Find upline query: SELECT id FROM shonu_subjects WHERE owncode = '116629030908'
2026-03-14 21:43:52 - Level3 - Upline found: 113033
2026-03-14 21:43:52 - Level3 - Insert query: INSERT INTO vyavahara (
            balakedara, ketebida, prakara, purba, bartaman, ayoga, koduvavanu, tiarikala, commission_status, process_date
        ) VALUES (
            '113033', '100', 'LVLCOMM3', '10539.65049', '10539.73049', '0.08', '1175879', '2026-03-14 21:43:52', 0, '2026-03-15'
        )
2026-03-14 21:43:52 - Level3 - ✅ INSERT SUCCESSFUL
2026-03-14 21:43:52 - ========== COMMISSION.PHP ENDED ==========

2026-03-14 21:44:18 - ========== COMMISSION.PHP STARTED ==========
2026-03-14 21:44:18 - Bet amount: 100, User ID: 1175879
2026-03-14 21:44:18 - Level commissions: L1=0.4, L2=0.25, L3=0.08, L4=0.01, L5=0.005, L6=0.002
2026-03-14 21:44:18 - Codes query: SELECT code, code1, code2, code3, code4, code5 FROM shonu_subjects WHERE id = '1175879'
2026-03-14 21:44:18 - Referral codes: code=7384791175875, code1=400660113602, code2=116629030908, code3=official, code4=, code5=
2026-03-14 21:44:18 - Next process date: 2026-03-15
2026-03-14 21:44:18 - Level1 - Find upline query: SELECT id FROM shonu_subjects WHERE owncode = '7384791175875'
2026-03-14 21:44:18 - Level1 - Upline found: 1175875
2026-03-14 21:44:18 - Level1 - Insert query: INSERT INTO vyavahara (
            balakedara, ketebida, prakara, purba, bartaman, ayoga, koduvavanu, tiarikala, commission_status, process_date
        ) VALUES (
            '1175875', '100', 'LVLCOMM1', '866', '866.4', '0.4', '1175879', '2026-03-14 21:44:18', 0, '2026-03-15'
        )
2026-03-14 21:44:18 - Level1 - ✅ INSERT SUCCESSFUL
2026-03-14 21:44:18 - Level2 - Find upline query: SELECT id FROM shonu_subjects WHERE owncode = '400660113602'
2026-03-14 21:44:18 - Level2 - Upline found: 113607
2026-03-14 21:44:18 - Level2 - Insert query: INSERT INTO vyavahara (
            balakedara, ketebida, prakara, purba, bartaman, ayoga, koduvavanu, tiarikala, commission_status, process_date
        ) VALUES (
            '113607', '100', 'LVLCOMM2', '19200981.17274', '19200981.42274', '0.25', '1175879', '2026-03-14 21:44:18', 0, '2026-03-15'
        )
2026-03-14 21:44:18 - Level2 - ✅ INSERT SUCCESSFUL
2026-03-14 21:44:18 - Level3 - Find upline query: SELECT id FROM shonu_subjects WHERE owncode = '116629030908'
2026-03-14 21:44:18 - Level3 - Upline found: 113033
2026-03-14 21:44:18 - Level3 - Insert query: INSERT INTO vyavahara (
            balakedara, ketebida, prakara, purba, bartaman, ayoga, koduvavanu, tiarikala, commission_status, process_date
        ) VALUES (
            '113033', '100', 'LVLCOMM3', '10539.65049', '10539.73049', '0.08', '1175879', '2026-03-14 21:44:18', 0, '2026-03-15'
        )
2026-03-14 21:44:18 - Level3 - ✅ INSERT SUCCESSFUL
2026-03-14 21:44:18 - ========== COMMISSION.PHP ENDED ==========

2026-03-14 21:44:48 - ========== COMMISSION.PHP STARTED ==========
2026-03-14 21:44:48 - Bet amount: 100, User ID: 1175879
2026-03-14 21:44:48 - Level commissions: L1=0.4, L2=0.25, L3=0.08, L4=0.01, L5=0.005, L6=0.002
2026-03-14 21:44:48 - Codes query: SELECT code, code1, code2, code3, code4, code5 FROM shonu_subjects WHERE id = '1175879'
2026-03-14 21:44:48 - Referral codes: code=7384791175875, code1=400660113602, code2=116629030908, code3=official, code4=, code5=
2026-03-14 21:44:48 - Next process date: 2026-03-15
2026-03-14 21:44:48 - Level1 - Find upline query: SELECT id FROM shonu_subjects WHERE owncode = '7384791175875'
2026-03-14 21:44:48 - Level1 - Upline found: 1175875
2026-03-14 21:44:48 - Level1 - Insert query: INSERT INTO vyavahara (
            balakedara, ketebida, prakara, purba, bartaman, ayoga, koduvavanu, tiarikala, commission_status, process_date
        ) VALUES (
            '1175875', '100', 'LVLCOMM1', '866', '866.4', '0.4', '1175879', '2026-03-14 21:44:48', 0, '2026-03-15'
        )
2026-03-14 21:44:48 - Level1 - ✅ INSERT SUCCESSFUL
2026-03-14 21:44:48 - Level2 - Find upline query: SELECT id FROM shonu_subjects WHERE owncode = '400660113602'
2026-03-14 21:44:48 - Level2 - Upline found: 113607
2026-03-14 21:44:48 - Level2 - Insert query: INSERT INTO vyavahara (
            balakedara, ketebida, prakara, purba, bartaman, ayoga, koduvavanu, tiarikala, commission_status, process_date
        ) VALUES (
            '113607', '100', 'LVLCOMM2', '19200981.17274', '19200981.42274', '0.25', '1175879', '2026-03-14 21:44:48', 0, '2026-03-15'
        )
2026-03-14 21:44:48 - Level2 - ✅ INSERT SUCCESSFUL
2026-03-14 21:44:48 - Level3 - Find upline query: SELECT id FROM shonu_subjects WHERE owncode = '116629030908'
2026-03-14 21:44:48 - Level3 - Upline found: 113033
2026-03-14 21:44:48 - Level3 - Insert query: INSERT INTO vyavahara (
            balakedara, ketebida, prakara, purba, bartaman, ayoga, koduvavanu, tiarikala, commission_status, process_date
        ) VALUES (
            '113033', '100', 'LVLCOMM3', '10539.65049', '10539.73049', '0.08', '1175879', '2026-03-14 21:44:48', 0, '2026-03-15'
        )
2026-03-14 21:44:48 - Level3 - ✅ INSERT SUCCESSFUL
2026-03-14 21:44:48 - ========== COMMISSION.PHP ENDED ==========

2026-03-14 21:45:10 - ========== COMMISSION.PHP STARTED ==========
2026-03-14 21:45:10 - Bet amount: 300, User ID: 1175879
2026-03-14 21:45:10 - Level commissions: L1=1.2, L2=0.75, L3=0.24, L4=0.03, L5=0.015, L6=0.006
2026-03-14 21:45:10 - Codes query: SELECT code, code1, code2, code3, code4, code5 FROM shonu_subjects WHERE id = '1175879'
2026-03-14 21:45:10 - Referral codes: code=7384791175875, code1=400660113602, code2=116629030908, code3=official, code4=, code5=
2026-03-14 21:45:10 - Next process date: 2026-03-15
2026-03-14 21:45:10 - Level1 - Find upline query: SELECT id FROM shonu_subjects WHERE owncode = '7384791175875'
2026-03-14 21:45:10 - Level1 - Upline found: 1175875
2026-03-14 21:45:10 - Level1 - Insert query: INSERT INTO vyavahara (
            balakedara, ketebida, prakara, purba, bartaman, ayoga, koduvavanu, tiarikala, commission_status, process_date
        ) VALUES (
            '1175875', '300', 'LVLCOMM1', '866', '867.2', '1.2', '1175879', '2026-03-14 21:45:10', 0, '2026-03-15'
        )
2026-03-14 21:45:10 - Level1 - ✅ INSERT SUCCESSFUL
2026-03-14 21:45:10 - Level2 - Find upline query: SELECT id FROM shonu_subjects WHERE owncode = '400660113602'
2026-03-14 21:45:10 - Level2 - Upline found: 113607
2026-03-14 21:45:10 - Level2 - Insert query: INSERT INTO vyavahara (
            balakedara, ketebida, prakara, purba, bartaman, ayoga, koduvavanu, tiarikala, commission_status, process_date
        ) VALUES (
            '113607', '300', 'LVLCOMM2', '19200981.17274', '19200981.92274', '0.75', '1175879', '2026-03-14 21:45:10', 0, '2026-03-15'
        )
2026-03-14 21:45:10 - Level2 - ✅ INSERT SUCCESSFUL
2026-03-14 21:45:10 - Level3 - Find upline query: SELECT id FROM shonu_subjects WHERE owncode = '116629030908'
2026-03-14 21:45:10 - Level3 - Upline found: 113033
2026-03-14 21:45:10 - Level3 - Insert query: INSERT INTO vyavahara (
            balakedara, ketebida, prakara, purba, bartaman, ayoga, koduvavanu, tiarikala, commission_status, process_date
        ) VALUES (
            '113033', '300', 'LVLCOMM3', '10539.65049', '10539.89049', '0.24', '1175879', '2026-03-14 21:45:10', 0, '2026-03-15'
        )
2026-03-14 21:45:10 - Level3 - ✅ INSERT SUCCESSFUL
2026-03-14 21:45:10 - ========== COMMISSION.PHP ENDED ==========

2026-03-14 21:45:45 - ========== COMMISSION.PHP STARTED ==========
2026-03-14 21:45:45 - Bet amount: 900, User ID: 1175879
2026-03-14 21:45:45 - Level commissions: L1=3.6, L2=2.25, L3=0.72, L4=0.09, L5=0.045, L6=0.018
2026-03-14 21:45:45 - Codes query: SELECT code, code1, code2, code3, code4, code5 FROM shonu_subjects WHERE id = '1175879'
2026-03-14 21:45:45 - Referral codes: code=7384791175875, code1=400660113602, code2=116629030908, code3=official, code4=, code5=
2026-03-14 21:45:45 - Next process date: 2026-03-15
2026-03-14 21:45:45 - Level1 - Find upline query: SELECT id FROM shonu_subjects WHERE owncode = '7384791175875'
2026-03-14 21:45:45 - Level1 - Upline found: 1175875
2026-03-14 21:45:45 - Level1 - Insert query: INSERT INTO vyavahara (
            balakedara, ketebida, prakara, purba, bartaman, ayoga, koduvavanu, tiarikala, commission_status, process_date
        ) VALUES (
            '1175875', '900', 'LVLCOMM1', '866', '869.6', '3.6', '1175879', '2026-03-14 21:45:45', 0, '2026-03-15'
        )
2026-03-14 21:45:45 - Level1 - ✅ INSERT SUCCESSFUL
2026-03-14 21:45:45 - Level2 - Find upline query: SELECT id FROM shonu_subjects WHERE owncode = '400660113602'
2026-03-14 21:45:45 - Level2 - Upline found: 113607
2026-03-14 21:45:45 - Level2 - Insert query: INSERT INTO vyavahara (
            balakedara, ketebida, prakara, purba, bartaman, ayoga, koduvavanu, tiarikala, commission_status, process_date
        ) VALUES (
            '113607', '900', 'LVLCOMM2', '19200981.17274', '19200983.42274', '2.25', '1175879', '2026-03-14 21:45:45', 0, '2026-03-15'
        )
2026-03-14 21:45:45 - Level2 - ✅ INSERT SUCCESSFUL
2026-03-14 21:45:45 - Level3 - Find upline query: SELECT id FROM shonu_subjects WHERE owncode = '116629030908'
2026-03-14 21:45:45 - Level3 - Upline found: 113033
2026-03-14 21:45:45 - Level3 - Insert query: INSERT INTO vyavahara (
            balakedara, ketebida, prakara, purba, bartaman, ayoga, koduvavanu, tiarikala, commission_status, process_date
        ) VALUES (
            '113033', '900', 'LVLCOMM3', '10539.65049', '10540.37049', '0.72', '1175879', '2026-03-14 21:45:45', 0, '2026-03-15'
        )
2026-03-14 21:45:45 - Level3 - ✅ INSERT SUCCESSFUL
2026-03-14 21:45:45 - ========== COMMISSION.PHP ENDED ==========

2026-03-14 21:46:15 - ========== COMMISSION.PHP STARTED ==========
2026-03-14 21:46:15 - Bet amount: 100, User ID: 1175879
2026-03-14 21:46:15 - Level commissions: L1=0.4, L2=0.25, L3=0.08, L4=0.01, L5=0.005, L6=0.002
2026-03-14 21:46:15 - Codes query: SELECT code, code1, code2, code3, code4, code5 FROM shonu_subjects WHERE id = '1175879'
2026-03-14 21:46:15 - Referral codes: code=7384791175875, code1=400660113602, code2=116629030908, code3=official, code4=, code5=
2026-03-14 21:46:15 - Next process date: 2026-03-15
2026-03-14 21:46:15 - Level1 - Find upline query: SELECT id FROM shonu_subjects WHERE owncode = '7384791175875'
2026-03-14 21:46:15 - Level1 - Upline found: 1175875
2026-03-14 21:46:15 - Level1 - Insert query: INSERT INTO vyavahara (
            balakedara, ketebida, prakara, purba, bartaman, ayoga, koduvavanu, tiarikala, commission_status, process_date
        ) VALUES (
            '1175875', '100', 'LVLCOMM1', '866', '866.4', '0.4', '1175879', '2026-03-14 21:46:15', 0, '2026-03-15'
        )
2026-03-14 21:46:15 - Level1 - ✅ INSERT SUCCESSFUL
2026-03-14 21:46:15 - Level2 - Find upline query: SELECT id FROM shonu_subjects WHERE owncode = '400660113602'
2026-03-14 21:46:15 - Level2 - Upline found: 113607
2026-03-14 21:46:15 - Level2 - Insert query: INSERT INTO vyavahara (
            balakedara, ketebida, prakara, purba, bartaman, ayoga, koduvavanu, tiarikala, commission_status, process_date
        ) VALUES (
            '113607', '100', 'LVLCOMM2', '19200981.17274', '19200981.42274', '0.25', '1175879', '2026-03-14 21:46:15', 0, '2026-03-15'
        )
2026-03-14 21:46:15 - Level2 - ✅ INSERT SUCCESSFUL
2026-03-14 21:46:15 - Level3 - Find upline query: SELECT id FROM shonu_subjects WHERE owncode = '116629030908'
2026-03-14 21:46:15 - Level3 - Upline found: 113033
2026-03-14 21:46:15 - Level3 - Insert query: INSERT INTO vyavahara (
            balakedara, ketebida, prakara, purba, bartaman, ayoga, koduvavanu, tiarikala, commission_status, process_date
        ) VALUES (
            '113033', '100', 'LVLCOMM3', '10539.65049', '10539.73049', '0.08', '1175879', '2026-03-14 21:46:15', 0, '2026-03-15'
        )
2026-03-14 21:46:15 - Level3 - ✅ INSERT SUCCESSFUL
2026-03-14 21:46:15 - ========== COMMISSION.PHP ENDED ==========

2026-03-14 21:46:45 - ========== COMMISSION.PHP STARTED ==========
2026-03-14 21:46:45 - Bet amount: 300, User ID: 1175879
2026-03-14 21:46:45 - Level commissions: L1=1.2, L2=0.75, L3=0.24, L4=0.03, L5=0.015, L6=0.006
2026-03-14 21:46:45 - Codes query: SELECT code, code1, code2, code3, code4, code5 FROM shonu_subjects WHERE id = '1175879'
2026-03-14 21:46:45 - Referral codes: code=7384791175875, code1=400660113602, code2=116629030908, code3=official, code4=, code5=
2026-03-14 21:46:45 - Next process date: 2026-03-15
2026-03-14 21:46:45 - Level1 - Find upline query: SELECT id FROM shonu_subjects WHERE owncode = '7384791175875'
2026-03-14 21:46:45 - Level1 - Upline found: 1175875
2026-03-14 21:46:45 - Level1 - Insert query: INSERT INTO vyavahara (
            balakedara, ketebida, prakara, purba, bartaman, ayoga, koduvavanu, tiarikala, commission_status, process_date
        ) VALUES (
            '1175875', '300', 'LVLCOMM1', '866', '867.2', '1.2', '1175879', '2026-03-14 21:46:45', 0, '2026-03-15'
        )
2026-03-14 21:46:45 - Level1 - ✅ INSERT SUCCESSFUL
2026-03-14 21:46:45 - Level2 - Find upline query: SELECT id FROM shonu_subjects WHERE owncode = '400660113602'
2026-03-14 21:46:45 - Level2 - Upline found: 113607
2026-03-14 21:46:45 - Level2 - Insert query: INSERT INTO vyavahara (
            balakedara, ketebida, prakara, purba, bartaman, ayoga, koduvavanu, tiarikala, commission_status, process_date
        ) VALUES (
            '113607', '300', 'LVLCOMM2', '19200981.17274', '19200981.92274', '0.75', '1175879', '2026-03-14 21:46:45', 0, '2026-03-15'
        )
2026-03-14 21:46:45 - Level2 - ✅ INSERT SUCCESSFUL
2026-03-14 21:46:45 - Level3 - Find upline query: SELECT id FROM shonu_subjects WHERE owncode = '116629030908'
2026-03-14 21:46:45 - Level3 - Upline found: 113033
2026-03-14 21:46:45 - Level3 - Insert query: INSERT INTO vyavahara (
            balakedara, ketebida, prakara, purba, bartaman, ayoga, koduvavanu, tiarikala, commission_status, process_date
        ) VALUES (
            '113033', '300', 'LVLCOMM3', '10539.65049', '10539.89049', '0.24', '1175879', '2026-03-14 21:46:45', 0, '2026-03-15'
        )
2026-03-14 21:46:45 - Level3 - ✅ INSERT SUCCESSFUL
2026-03-14 21:46:45 - ========== COMMISSION.PHP ENDED ==========

2026-03-14 21:47:14 - ========== COMMISSION.PHP STARTED ==========
2026-03-14 21:47:14 - Bet amount: 100, User ID: 1175879
2026-03-14 21:47:14 - Level commissions: L1=0.4, L2=0.25, L3=0.08, L4=0.01, L5=0.005, L6=0.002
2026-03-14 21:47:14 - Codes query: SELECT code, code1, code2, code3, code4, code5 FROM shonu_subjects WHERE id = '1175879'
2026-03-14 21:47:14 - Referral codes: code=7384791175875, code1=400660113602, code2=116629030908, code3=official, code4=, code5=
2026-03-14 21:47:14 - Next process date: 2026-03-15
2026-03-14 21:47:14 - Level1 - Find upline query: SELECT id FROM shonu_subjects WHERE owncode = '7384791175875'
2026-03-14 21:47:14 - Level1 - Upline found: 1175875
2026-03-14 21:47:14 - Level1 - Insert query: INSERT INTO vyavahara (
            balakedara, ketebida, prakara, purba, bartaman, ayoga, koduvavanu, tiarikala, commission_status, process_date
        ) VALUES (
            '1175875', '100', 'LVLCOMM1', '866', '866.4', '0.4', '1175879', '2026-03-14 21:47:14', 0, '2026-03-15'
        )
2026-03-14 21:47:14 - Level1 - ✅ INSERT SUCCESSFUL
2026-03-14 21:47:14 - Level2 - Find upline query: SELECT id FROM shonu_subjects WHERE owncode = '400660113602'
2026-03-14 21:47:14 - Level2 - Upline found: 113607
2026-03-14 21:47:14 - Level2 - Insert query: INSERT INTO vyavahara (
            balakedara, ketebida, prakara, purba, bartaman, ayoga, koduvavanu, tiarikala, commission_status, process_date
        ) VALUES (
            '113607', '100', 'LVLCOMM2', '19200981.17274', '19200981.42274', '0.25', '1175879', '2026-03-14 21:47:14', 0, '2026-03-15'
        )
2026-03-14 21:47:14 - Level2 - ✅ INSERT SUCCESSFUL
2026-03-14 21:47:14 - Level3 - Find upline query: SELECT id FROM shonu_subjects WHERE owncode = '116629030908'
2026-03-14 21:47:14 - Level3 - Upline found: 113033
2026-03-14 21:47:14 - Level3 - Insert query: INSERT INTO vyavahara (
            balakedara, ketebida, prakara, purba, bartaman, ayoga, koduvavanu, tiarikala, commission_status, process_date
        ) VALUES (
            '113033', '100', 'LVLCOMM3', '10539.65049', '10539.73049', '0.08', '1175879', '2026-03-14 21:47:14', 0, '2026-03-15'
        )
2026-03-14 21:47:14 - Level3 - ✅ INSERT SUCCESSFUL
2026-03-14 21:47:14 - ========== COMMISSION.PHP ENDED ==========

2026-03-14 21:47:45 - ========== COMMISSION.PHP STARTED ==========
2026-03-14 21:47:45 - Bet amount: 100, User ID: 1175879
2026-03-14 21:47:45 - Level commissions: L1=0.4, L2=0.25, L3=0.08, L4=0.01, L5=0.005, L6=0.002
2026-03-14 21:47:45 - Codes query: SELECT code, code1, code2, code3, code4, code5 FROM shonu_subjects WHERE id = '1175879'
2026-03-14 21:47:45 - Referral codes: code=7384791175875, code1=400660113602, code2=116629030908, code3=official, code4=, code5=
2026-03-14 21:47:45 - Next process date: 2026-03-15
2026-03-14 21:47:45 - Level1 - Find upline query: SELECT id FROM shonu_subjects WHERE owncode = '7384791175875'
2026-03-14 21:47:45 - Level1 - Upline found: 1175875
2026-03-14 21:47:45 - Level1 - Insert query: INSERT INTO vyavahara (
            balakedara, ketebida, prakara, purba, bartaman, ayoga, koduvavanu, tiarikala, commission_status, process_date
        ) VALUES (
            '1175875', '100', 'LVLCOMM1', '866', '866.4', '0.4', '1175879', '2026-03-14 21:47:45', 0, '2026-03-15'
        )
2026-03-14 21:47:45 - Level1 - ✅ INSERT SUCCESSFUL
2026-03-14 21:47:45 - Level2 - Find upline query: SELECT id FROM shonu_subjects WHERE owncode = '400660113602'
2026-03-14 21:47:45 - Level2 - Upline found: 113607
2026-03-14 21:47:45 - Level2 - Insert query: INSERT INTO vyavahara (
            balakedara, ketebida, prakara, purba, bartaman, ayoga, koduvavanu, tiarikala, commission_status, process_date
        ) VALUES (
            '113607', '100', 'LVLCOMM2', '19200981.17274', '19200981.42274', '0.25', '1175879', '2026-03-14 21:47:45', 0, '2026-03-15'
        )
2026-03-14 21:47:45 - Level2 - ✅ INSERT SUCCESSFUL
2026-03-14 21:47:45 - Level3 - Find upline query: SELECT id FROM shonu_subjects WHERE owncode = '116629030908'
2026-03-14 21:47:45 - Level3 - Upline found: 113033
2026-03-14 21:47:45 - Level3 - Insert query: INSERT INTO vyavahara (
            balakedara, ketebida, prakara, purba, bartaman, ayoga, koduvavanu, tiarikala, commission_status, process_date
        ) VALUES (
            '113033', '100', 'LVLCOMM3', '10539.65049', '10539.73049', '0.08', '1175879', '2026-03-14 21:47:45', 0, '2026-03-15'
        )
2026-03-14 21:47:45 - Level3 - ✅ INSERT SUCCESSFUL
2026-03-14 21:47:45 - ========== COMMISSION.PHP ENDED ==========

2026-03-14 21:48:11 - ========== COMMISSION.PHP STARTED ==========
2026-03-14 21:48:11 - Bet amount: 100, User ID: 1175879
2026-03-14 21:48:11 - Level commissions: L1=0.4, L2=0.25, L3=0.08, L4=0.01, L5=0.005, L6=0.002
2026-03-14 21:48:11 - Codes query: SELECT code, code1, code2, code3, code4, code5 FROM shonu_subjects WHERE id = '1175879'
2026-03-14 21:48:11 - Referral codes: code=7384791175875, code1=400660113602, code2=116629030908, code3=official, code4=, code5=
2026-03-14 21:48:11 - Next process date: 2026-03-15
2026-03-14 21:48:11 - Level1 - Find upline query: SELECT id FROM shonu_subjects WHERE owncode = '7384791175875'
2026-03-14 21:48:11 - Level1 - Upline found: 1175875
2026-03-14 21:48:11 - Level1 - Insert query: INSERT INTO vyavahara (
            balakedara, ketebida, prakara, purba, bartaman, ayoga, koduvavanu, tiarikala, commission_status, process_date
        ) VALUES (
            '1175875', '100', 'LVLCOMM1', '866', '866.4', '0.4', '1175879', '2026-03-14 21:48:11', 0, '2026-03-15'
        )
2026-03-14 21:48:11 - Level1 - ✅ INSERT SUCCESSFUL
2026-03-14 21:48:11 - Level2 - Find upline query: SELECT id FROM shonu_subjects WHERE owncode = '400660113602'
2026-03-14 21:48:11 - Level2 - Upline found: 113607
2026-03-14 21:48:11 - Level2 - Insert query: INSERT INTO vyavahara (
            balakedara, ketebida, prakara, purba, bartaman, ayoga, koduvavanu, tiarikala, commission_status, process_date
        ) VALUES (
            '113607', '100', 'LVLCOMM2', '19200981.17274', '19200981.42274', '0.25', '1175879', '2026-03-14 21:48:11', 0, '2026-03-15'
        )
2026-03-14 21:48:11 - Level2 - ✅ INSERT SUCCESSFUL
2026-03-14 21:48:11 - Level3 - Find upline query: SELECT id FROM shonu_subjects WHERE owncode = '116629030908'
2026-03-14 21:48:11 - Level3 - Upline found: 113033
2026-03-14 21:48:11 - Level3 - Insert query: INSERT INTO vyavahara (
            balakedara, ketebida, prakara, purba, bartaman, ayoga, koduvavanu, tiarikala, commission_status, process_date
        ) VALUES (
            '113033', '100', 'LVLCOMM3', '10539.65049', '10539.73049', '0.08', '1175879', '2026-03-14 21:48:11', 0, '2026-03-15'
        )
2026-03-14 21:48:11 - Level3 - ✅ INSERT SUCCESSFUL
2026-03-14 21:48:11 - ========== COMMISSION.PHP ENDED ==========

2026-03-14 21:48:42 - ========== COMMISSION.PHP STARTED ==========
2026-03-14 21:48:42 - Bet amount: 100, User ID: 1175879
2026-03-14 21:48:42 - Level commissions: L1=0.4, L2=0.25, L3=0.08, L4=0.01, L5=0.005, L6=0.002
2026-03-14 21:48:42 - Codes query: SELECT code, code1, code2, code3, code4, code5 FROM shonu_subjects WHERE id = '1175879'
2026-03-14 21:48:42 - Referral codes: code=7384791175875, code1=400660113602, code2=116629030908, code3=official, code4=, code5=
2026-03-14 21:48:42 - Next process date: 2026-03-15
2026-03-14 21:48:42 - Level1 - Find upline query: SELECT id FROM shonu_subjects WHERE owncode = '7384791175875'
2026-03-14 21:48:42 - Level1 - Upline found: 1175875
2026-03-14 21:48:42 - Level1 - Insert query: INSERT INTO vyavahara (
            balakedara, ketebida, prakara, purba, bartaman, ayoga, koduvavanu, tiarikala, commission_status, process_date
        ) VALUES (
            '1175875', '100', 'LVLCOMM1', '866', '866.4', '0.4', '1175879', '2026-03-14 21:48:42', 0, '2026-03-15'
        )
2026-03-14 21:48:42 - Level1 - ✅ INSERT SUCCESSFUL
2026-03-14 21:48:42 - Level2 - Find upline query: SELECT id FROM shonu_subjects WHERE owncode = '400660113602'
2026-03-14 21:48:42 - Level2 - Upline found: 113607
2026-03-14 21:48:42 - Level2 - Insert query: INSERT INTO vyavahara (
            balakedara, ketebida, prakara, purba, bartaman, ayoga, koduvavanu, tiarikala, commission_status, process_date
        ) VALUES (
            '113607', '100', 'LVLCOMM2', '19200981.17274', '19200981.42274', '0.25', '1175879', '2026-03-14 21:48:42', 0, '2026-03-15'
        )
2026-03-14 21:48:42 - Level2 - ✅ INSERT SUCCESSFUL
2026-03-14 21:48:42 - Level3 - Find upline query: SELECT id FROM shonu_subjects WHERE owncode = '116629030908'
2026-03-14 21:48:42 - Level3 - Upline found: 113033
2026-03-14 21:48:42 - Level3 - Insert query: INSERT INTO vyavahara (
            balakedara, ketebida, prakara, purba, bartaman, ayoga, koduvavanu, tiarikala, commission_status, process_date
        ) VALUES (
            '113033', '100', 'LVLCOMM3', '10539.65049', '10539.73049', '0.08', '1175879', '2026-03-14 21:48:42', 0, '2026-03-15'
        )
2026-03-14 21:48:42 - Level3 - ✅ INSERT SUCCESSFUL
2026-03-14 21:48:42 - ========== COMMISSION.PHP ENDED ==========

2026-03-14 21:49:16 - ========== COMMISSION.PHP STARTED ==========
2026-03-14 21:49:16 - Bet amount: 300, User ID: 1175879
2026-03-14 21:49:16 - Level commissions: L1=1.2, L2=0.75, L3=0.24, L4=0.03, L5=0.015, L6=0.006
2026-03-14 21:49:16 - Codes query: SELECT code, code1, code2, code3, code4, code5 FROM shonu_subjects WHERE id = '1175879'
2026-03-14 21:49:16 - Referral codes: code=7384791175875, code1=400660113602, code2=116629030908, code3=official, code4=, code5=
2026-03-14 21:49:16 - Next process date: 2026-03-15
2026-03-14 21:49:16 - Level1 - Find upline query: SELECT id FROM shonu_subjects WHERE owncode = '7384791175875'
2026-03-14 21:49:16 - Level1 - Upline found: 1175875
2026-03-14 21:49:16 - Level1 - Insert query: INSERT INTO vyavahara (
            balakedara, ketebida, prakara, purba, bartaman, ayoga, koduvavanu, tiarikala, commission_status, process_date
        ) VALUES (
            '1175875', '300', 'LVLCOMM1', '866', '867.2', '1.2', '1175879', '2026-03-14 21:49:16', 0, '2026-03-15'
        )
2026-03-14 21:49:16 - Level1 - ✅ INSERT SUCCESSFUL
2026-03-14 21:49:16 - Level2 - Find upline query: SELECT id FROM shonu_subjects WHERE owncode = '400660113602'
2026-03-14 21:49:16 - Level2 - Upline found: 113607
2026-03-14 21:49:16 - Level2 - Insert query: INSERT INTO vyavahara (
            balakedara, ketebida, prakara, purba, bartaman, ayoga, koduvavanu, tiarikala, commission_status, process_date
        ) VALUES (
            '113607', '300', 'LVLCOMM2', '19200981.17274', '19200981.92274', '0.75', '1175879', '2026-03-14 21:49:16', 0, '2026-03-15'
        )
2026-03-14 21:49:16 - Level2 - ✅ INSERT SUCCESSFUL
2026-03-14 21:49:16 - Level3 - Find upline query: SELECT id FROM shonu_subjects WHERE owncode = '116629030908'
2026-03-14 21:49:16 - Level3 - Upline found: 113033
2026-03-14 21:49:16 - Level3 - Insert query: INSERT INTO vyavahara (
            balakedara, ketebida, prakara, purba, bartaman, ayoga, koduvavanu, tiarikala, commission_status, process_date
        ) VALUES (
            '113033', '300', 'LVLCOMM3', '10539.65049', '10539.89049', '0.24', '1175879', '2026-03-14 21:49:16', 0, '2026-03-15'
        )
2026-03-14 21:49:16 - Level3 - ✅ INSERT SUCCESSFUL
2026-03-14 21:49:16 - ========== COMMISSION.PHP ENDED ==========

2026-03-14 21:49:47 - ========== COMMISSION.PHP STARTED ==========
2026-03-14 21:49:47 - Bet amount: 900, User ID: 1175879
2026-03-14 21:49:47 - Level commissions: L1=3.6, L2=2.25, L3=0.72, L4=0.09, L5=0.045, L6=0.018
2026-03-14 21:49:47 - Codes query: SELECT code, code1, code2, code3, code4, code5 FROM shonu_subjects WHERE id = '1175879'
2026-03-14 21:49:47 - Referral codes: code=7384791175875, code1=400660113602, code2=116629030908, code3=official, code4=, code5=
2026-03-14 21:49:47 - Next process date: 2026-03-15
2026-03-14 21:49:47 - Level1 - Find upline query: SELECT id FROM shonu_subjects WHERE owncode = '7384791175875'
2026-03-14 21:49:47 - Level1 - Upline found: 1175875
2026-03-14 21:49:47 - Level1 - Insert query: INSERT INTO vyavahara (
            balakedara, ketebida, prakara, purba, bartaman, ayoga, koduvavanu, tiarikala, commission_status, process_date
        ) VALUES (
            '1175875', '900', 'LVLCOMM1', '866', '869.6', '3.6', '1175879', '2026-03-14 21:49:47', 0, '2026-03-15'
        )
2026-03-14 21:49:47 - Level1 - ✅ INSERT SUCCESSFUL
2026-03-14 21:49:47 - Level2 - Find upline query: SELECT id FROM shonu_subjects WHERE owncode = '400660113602'
2026-03-14 21:49:47 - Level2 - Upline found: 113607
2026-03-14 21:49:47 - Level2 - Insert query: INSERT INTO vyavahara (
            balakedara, ketebida, prakara, purba, bartaman, ayoga, koduvavanu, tiarikala, commission_status, process_date
        ) VALUES (
            '113607', '900', 'LVLCOMM2', '19200981.17274', '19200983.42274', '2.25', '1175879', '2026-03-14 21:49:47', 0, '2026-03-15'
        )
2026-03-14 21:49:47 - Level2 - ✅ INSERT SUCCESSFUL
2026-03-14 21:49:47 - Level3 - Find upline query: SELECT id FROM shonu_subjects WHERE owncode = '116629030908'
2026-03-14 21:49:47 - Level3 - Upline found: 113033
2026-03-14 21:49:47 - Level3 - Insert query: INSERT INTO vyavahara (
            balakedara, ketebida, prakara, purba, bartaman, ayoga, koduvavanu, tiarikala, commission_status, process_date
        ) VALUES (
            '113033', '900', 'LVLCOMM3', '10539.65049', '10540.37049', '0.72', '1175879', '2026-03-14 21:49:47', 0, '2026-03-15'
        )
2026-03-14 21:49:47 - Level3 - ✅ INSERT SUCCESSFUL
2026-03-14 21:49:47 - ========== COMMISSION.PHP ENDED ==========

2026-03-14 21:50:22 - ========== COMMISSION.PHP STARTED ==========
2026-03-14 21:50:22 - Bet amount: 2000, User ID: 1175879
2026-03-14 21:50:22 - Level commissions: L1=8, L2=5, L3=1.6, L4=0.2, L5=0.1, L6=0.04
2026-03-14 21:50:22 - Codes query: SELECT code, code1, code2, code3, code4, code5 FROM shonu_subjects WHERE id = '1175879'
2026-03-14 21:50:22 - Referral codes: code=7384791175875, code1=400660113602, code2=116629030908, code3=official, code4=, code5=
2026-03-14 21:50:22 - Next process date: 2026-03-15
2026-03-14 21:50:22 - Level1 - Find upline query: SELECT id FROM shonu_subjects WHERE owncode = '7384791175875'
2026-03-14 21:50:22 - Level1 - Upline found: 1175875
2026-03-14 21:50:22 - Level1 - Insert query: INSERT INTO vyavahara (
            balakedara, ketebida, prakara, purba, bartaman, ayoga, koduvavanu, tiarikala, commission_status, process_date
        ) VALUES (
            '1175875', '2000', 'LVLCOMM1', '866', '874', '8', '1175879', '2026-03-14 21:50:22', 0, '2026-03-15'
        )
2026-03-14 21:50:22 - Level1 - ✅ INSERT SUCCESSFUL
2026-03-14 21:50:22 - Level2 - Find upline query: SELECT id FROM shonu_subjects WHERE owncode = '400660113602'
2026-03-14 21:50:22 - Level2 - Upline found: 113607
2026-03-14 21:50:22 - Level2 - Insert query: INSERT INTO vyavahara (
            balakedara, ketebida, prakara, purba, bartaman, ayoga, koduvavanu, tiarikala, commission_status, process_date
        ) VALUES (
            '113607', '2000', 'LVLCOMM2', '19200981.17274', '19200986.17274', '5', '1175879', '2026-03-14 21:50:22', 0, '2026-03-15'
        )
2026-03-14 21:50:22 - Level2 - ✅ INSERT SUCCESSFUL
2026-03-14 21:50:22 - Level3 - Find upline query: SELECT id FROM shonu_subjects WHERE owncode = '116629030908'
2026-03-14 21:50:22 - Level3 - Upline found: 113033
2026-03-14 21:50:22 - Level3 - Insert query: INSERT INTO vyavahara (
            balakedara, ketebida, prakara, purba, bartaman, ayoga, koduvavanu, tiarikala, commission_status, process_date
        ) VALUES (
            '113033', '2000', 'LVLCOMM3', '10539.65049', '10541.25049', '1.6', '1175879', '2026-03-14 21:50:22', 0, '2026-03-15'
        )
2026-03-14 21:50:22 - Level3 - ✅ INSERT SUCCESSFUL
2026-03-14 21:50:22 - ========== COMMISSION.PHP ENDED ==========

2026-03-14 21:50:50 - ========== COMMISSION.PHP STARTED ==========
2026-03-14 21:50:50 - Bet amount: 100, User ID: 1175879
2026-03-14 21:50:50 - Level commissions: L1=0.4, L2=0.25, L3=0.08, L4=0.01, L5=0.005, L6=0.002
2026-03-14 21:50:50 - Codes query: SELECT code, code1, code2, code3, code4, code5 FROM shonu_subjects WHERE id = '1175879'
2026-03-14 21:50:50 - Referral codes: code=7384791175875, code1=400660113602, code2=116629030908, code3=official, code4=, code5=
2026-03-14 21:50:50 - Next process date: 2026-03-15
2026-03-14 21:50:50 - Level1 - Find upline query: SELECT id FROM shonu_subjects WHERE owncode = '7384791175875'
2026-03-14 21:50:50 - Level1 - Upline found: 1175875
2026-03-14 21:50:50 - Level1 - Insert query: INSERT INTO vyavahara (
            balakedara, ketebida, prakara, purba, bartaman, ayoga, koduvavanu, tiarikala, commission_status, process_date
        ) VALUES (
            '1175875', '100', 'LVLCOMM1', '866', '866.4', '0.4', '1175879', '2026-03-14 21:50:50', 0, '2026-03-15'
        )
2026-03-14 21:50:50 - Level1 - ✅ INSERT SUCCESSFUL
2026-03-14 21:50:50 - Level2 - Find upline query: SELECT id FROM shonu_subjects WHERE owncode = '400660113602'
2026-03-14 21:50:50 - Level2 - Upline found: 113607
2026-03-14 21:50:50 - Level2 - Insert query: INSERT INTO vyavahara (
            balakedara, ketebida, prakara, purba, bartaman, ayoga, koduvavanu, tiarikala, commission_status, process_date
        ) VALUES (
            '113607', '100', 'LVLCOMM2', '19200981.17274', '19200981.42274', '0.25', '1175879', '2026-03-14 21:50:50', 0, '2026-03-15'
        )
2026-03-14 21:50:50 - Level2 - ✅ INSERT SUCCESSFUL
2026-03-14 21:50:50 - Level3 - Find upline query: SELECT id FROM shonu_subjects WHERE owncode = '116629030908'
2026-03-14 21:50:50 - Level3 - Upline found: 113033
2026-03-14 21:50:50 - Level3 - Insert query: INSERT INTO vyavahara (
            balakedara, ketebida, prakara, purba, bartaman, ayoga, koduvavanu, tiarikala, commission_status, process_date
        ) VALUES (
            '113033', '100', 'LVLCOMM3', '10539.65049', '10539.73049', '0.08', '1175879', '2026-03-14 21:50:50', 0, '2026-03-15'
        )
2026-03-14 21:50:50 - Level3 - ✅ INSERT SUCCESSFUL
2026-03-14 21:50:50 - ========== COMMISSION.PHP ENDED ==========

2026-03-14 21:51:14 - ========== COMMISSION.PHP STARTED ==========
2026-03-14 21:51:14 - Bet amount: 100, User ID: 1175879
2026-03-14 21:51:14 - Level commissions: L1=0.4, L2=0.25, L3=0.08, L4=0.01, L5=0.005, L6=0.002
2026-03-14 21:51:14 - Codes query: SELECT code, code1, code2, code3, code4, code5 FROM shonu_subjects WHERE id = '1175879'
2026-03-14 21:51:14 - Referral codes: code=7384791175875, code1=400660113602, code2=116629030908, code3=official, code4=, code5=
2026-03-14 21:51:14 - Next process date: 2026-03-15
2026-03-14 21:51:14 - Level1 - Find upline query: SELECT id FROM shonu_subjects WHERE owncode = '7384791175875'
2026-03-14 21:51:14 - Level1 - Upline found: 1175875
2026-03-14 21:51:14 - Level1 - Insert query: INSERT INTO vyavahara (
            balakedara, ketebida, prakara, purba, bartaman, ayoga, koduvavanu, tiarikala, commission_status, process_date
        ) VALUES (
            '1175875', '100', 'LVLCOMM1', '866', '866.4', '0.4', '1175879', '2026-03-14 21:51:14', 0, '2026-03-15'
        )
2026-03-14 21:51:14 - Level1 - ✅ INSERT SUCCESSFUL
2026-03-14 21:51:14 - Level2 - Find upline query: SELECT id FROM shonu_subjects WHERE owncode = '400660113602'
2026-03-14 21:51:14 - Level2 - Upline found: 113607
2026-03-14 21:51:14 - Level2 - Insert query: INSERT INTO vyavahara (
            balakedara, ketebida, prakara, purba, bartaman, ayoga, koduvavanu, tiarikala, commission_status, process_date
        ) VALUES (
            '113607', '100', 'LVLCOMM2', '19200981.17274', '19200981.42274', '0.25', '1175879', '2026-03-14 21:51:14', 0, '2026-03-15'
        )
2026-03-14 21:51:14 - Level2 - ✅ INSERT SUCCESSFUL
2026-03-14 21:51:14 - Level3 - Find upline query: SELECT id FROM shonu_subjects WHERE owncode = '116629030908'
2026-03-14 21:51:14 - Level3 - Upline found: 113033
2026-03-14 21:51:14 - Level3 - Insert query: INSERT INTO vyavahara (
            balakedara, ketebida, prakara, purba, bartaman, ayoga, koduvavanu, tiarikala, commission_status, process_date
        ) VALUES (
            '113033', '100', 'LVLCOMM3', '10539.65049', '10539.73049', '0.08', '1175879', '2026-03-14 21:51:14', 0, '2026-03-15'
        )
2026-03-14 21:51:14 - Level3 - ✅ INSERT SUCCESSFUL
2026-03-14 21:51:14 - ========== COMMISSION.PHP ENDED ==========

2026-03-14 21:51:49 - ========== COMMISSION.PHP STARTED ==========
2026-03-14 21:51:49 - Bet amount: 100, User ID: 1175879
2026-03-14 21:51:49 - Level commissions: L1=0.4, L2=0.25, L3=0.08, L4=0.01, L5=0.005, L6=0.002
2026-03-14 21:51:49 - Codes query: SELECT code, code1, code2, code3, code4, code5 FROM shonu_subjects WHERE id = '1175879'
2026-03-14 21:51:49 - Referral codes: code=7384791175875, code1=400660113602, code2=116629030908, code3=official, code4=, code5=
2026-03-14 21:51:49 - Next process date: 2026-03-15
2026-03-14 21:51:49 - Level1 - Find upline query: SELECT id FROM shonu_subjects WHERE owncode = '7384791175875'
2026-03-14 21:51:49 - Level1 - Upline found: 1175875
2026-03-14 21:51:49 - Level1 - Insert query: INSERT INTO vyavahara (
            balakedara, ketebida, prakara, purba, bartaman, ayoga, koduvavanu, tiarikala, commission_status, process_date
        ) VALUES (
            '1175875', '100', 'LVLCOMM1', '866', '866.4', '0.4', '1175879', '2026-03-14 21:51:49', 0, '2026-03-15'
        )
2026-03-14 21:51:49 - Level1 - ✅ INSERT SUCCESSFUL
2026-03-14 21:51:49 - Level2 - Find upline query: SELECT id FROM shonu_subjects WHERE owncode = '400660113602'
2026-03-14 21:51:49 - Level2 - Upline found: 113607
2026-03-14 21:51:49 - Level2 - Insert query: INSERT INTO vyavahara (
            balakedara, ketebida, prakara, purba, bartaman, ayoga, koduvavanu, tiarikala, commission_status, process_date
        ) VALUES (
            '113607', '100', 'LVLCOMM2', '19200981.17274', '19200981.42274', '0.25', '1175879', '2026-03-14 21:51:49', 0, '2026-03-15'
        )
2026-03-14 21:51:49 - Level2 - ✅ INSERT SUCCESSFUL
2026-03-14 21:51:49 - Level3 - Find upline query: SELECT id FROM shonu_subjects WHERE owncode = '116629030908'
2026-03-14 21:51:49 - Level3 - Upline found: 113033
2026-03-14 21:51:49 - Level3 - Insert query: INSERT INTO vyavahara (
            balakedara, ketebida, prakara, purba, bartaman, ayoga, koduvavanu, tiarikala, commission_status, process_date
        ) VALUES (
            '113033', '100', 'LVLCOMM3', '10539.65049', '10539.73049', '0.08', '1175879', '2026-03-14 21:51:49', 0, '2026-03-15'
        )
2026-03-14 21:51:49 - Level3 - ✅ INSERT SUCCESSFUL
2026-03-14 21:51:49 - ========== COMMISSION.PHP ENDED ==========

2026-03-14 21:52:12 - ========== COMMISSION.PHP STARTED ==========
2026-03-14 21:52:12 - Bet amount: 100, User ID: 1175879
2026-03-14 21:52:12 - Level commissions: L1=0.4, L2=0.25, L3=0.08, L4=0.01, L5=0.005, L6=0.002
2026-03-14 21:52:12 - Codes query: SELECT code, code1, code2, code3, code4, code5 FROM shonu_subjects WHERE id = '1175879'
2026-03-14 21:52:12 - Referral codes: code=7384791175875, code1=400660113602, code2=116629030908, code3=official, code4=, code5=
2026-03-14 21:52:12 - Next process date: 2026-03-15
2026-03-14 21:52:12 - Level1 - Find upline query: SELECT id FROM shonu_subjects WHERE owncode = '7384791175875'
2026-03-14 21:52:12 - Level1 - Upline found: 1175875
2026-03-14 21:52:12 - Level1 - Insert query: INSERT INTO vyavahara (
            balakedara, ketebida, prakara, purba, bartaman, ayoga, koduvavanu, tiarikala, commission_status, process_date
        ) VALUES (
            '1175875', '100', 'LVLCOMM1', '866', '866.4', '0.4', '1175879', '2026-03-14 21:52:12', 0, '2026-03-15'
        )
2026-03-14 21:52:12 - Level1 - ✅ INSERT SUCCESSFUL
2026-03-14 21:52:12 - Level2 - Find upline query: SELECT id FROM shonu_subjects WHERE owncode = '400660113602'
2026-03-14 21:52:12 - Level2 - Upline found: 113607
2026-03-14 21:52:12 - Level2 - Insert query: INSERT INTO vyavahara (
            balakedara, ketebida, prakara, purba, bartaman, ayoga, koduvavanu, tiarikala, commission_status, process_date
        ) VALUES (
            '113607', '100', 'LVLCOMM2', '19200981.17274', '19200981.42274', '0.25', '1175879', '2026-03-14 21:52:12', 0, '2026-03-15'
        )
2026-03-14 21:52:12 - Level2 - ✅ INSERT SUCCESSFUL
2026-03-14 21:52:12 - Level3 - Find upline query: SELECT id FROM shonu_subjects WHERE owncode = '116629030908'
2026-03-14 21:52:12 - Level3 - Upline found: 113033
2026-03-14 21:52:12 - Level3 - Insert query: INSERT INTO vyavahara (
            balakedara, ketebida, prakara, purba, bartaman, ayoga, koduvavanu, tiarikala, commission_status, process_date
        ) VALUES (
            '113033', '100', 'LVLCOMM3', '10539.65049', '10539.73049', '0.08', '1175879', '2026-03-14 21:52:12', 0, '2026-03-15'
        )
2026-03-14 21:52:12 - Level3 - ✅ INSERT SUCCESSFUL
2026-03-14 21:52:12 - ========== COMMISSION.PHP ENDED ==========

2026-03-14 21:52:49 - ========== COMMISSION.PHP STARTED ==========
2026-03-14 21:52:49 - Bet amount: 300, User ID: 1175879
2026-03-14 21:52:49 - Level commissions: L1=1.2, L2=0.75, L3=0.24, L4=0.03, L5=0.015, L6=0.006
2026-03-14 21:52:49 - Codes query: SELECT code, code1, code2, code3, code4, code5 FROM shonu_subjects WHERE id = '1175879'
2026-03-14 21:52:49 - Referral codes: code=7384791175875, code1=400660113602, code2=116629030908, code3=official, code4=, code5=
2026-03-14 21:52:49 - Next process date: 2026-03-15
2026-03-14 21:52:49 - Level1 - Find upline query: SELECT id FROM shonu_subjects WHERE owncode = '7384791175875'
2026-03-14 21:52:49 - Level1 - Upline found: 1175875
2026-03-14 21:52:49 - Level1 - Insert query: INSERT INTO vyavahara (
            balakedara, ketebida, prakara, purba, bartaman, ayoga, koduvavanu, tiarikala, commission_status, process_date
        ) VALUES (
            '1175875', '300', 'LVLCOMM1', '866', '867.2', '1.2', '1175879', '2026-03-14 21:52:49', 0, '2026-03-15'
        )
2026-03-14 21:52:49 - Level1 - ✅ INSERT SUCCESSFUL
2026-03-14 21:52:49 - Level2 - Find upline query: SELECT id FROM shonu_subjects WHERE owncode = '400660113602'
2026-03-14 21:52:49 - Level2 - Upline found: 113607
2026-03-14 21:52:49 - Level2 - Insert query: INSERT INTO vyavahara (
            balakedara, ketebida, prakara, purba, bartaman, ayoga, koduvavanu, tiarikala, commission_status, process_date
        ) VALUES (
            '113607', '300', 'LVLCOMM2', '19200981.17274', '19200981.92274', '0.75', '1175879', '2026-03-14 21:52:49', 0, '2026-03-15'
        )
2026-03-14 21:52:49 - Level2 - ✅ INSERT SUCCESSFUL
2026-03-14 21:52:49 - Level3 - Find upline query: SELECT id FROM shonu_subjects WHERE owncode = '116629030908'
2026-03-14 21:52:49 - Level3 - Upline found: 113033
2026-03-14 21:52:49 - Level3 - Insert query: INSERT INTO vyavahara (
            balakedara, ketebida, prakara, purba, bartaman, ayoga, koduvavanu, tiarikala, commission_status, process_date
        ) VALUES (
            '113033', '300', 'LVLCOMM3', '10539.65049', '10539.89049', '0.24', '1175879', '2026-03-14 21:52:49', 0, '2026-03-15'
        )
2026-03-14 21:52:49 - Level3 - ✅ INSERT SUCCESSFUL
2026-03-14 21:52:49 - ========== COMMISSION.PHP ENDED ==========

2026-03-14 21:53:13 - ========== COMMISSION.PHP STARTED ==========
2026-03-14 21:53:13 - Bet amount: 100, User ID: 1175879
2026-03-14 21:53:13 - Level commissions: L1=0.4, L2=0.25, L3=0.08, L4=0.01, L5=0.005, L6=0.002
2026-03-14 21:53:13 - Codes query: SELECT code, code1, code2, code3, code4, code5 FROM shonu_subjects WHERE id = '1175879'
2026-03-14 21:53:13 - Referral codes: code=7384791175875, code1=400660113602, code2=116629030908, code3=official, code4=, code5=
2026-03-14 21:53:13 - Next process date: 2026-03-15
2026-03-14 21:53:13 - Level1 - Find upline query: SELECT id FROM shonu_subjects WHERE owncode = '7384791175875'
2026-03-14 21:53:13 - Level1 - Upline found: 1175875
2026-03-14 21:53:13 - Level1 - Insert query: INSERT INTO vyavahara (
            balakedara, ketebida, prakara, purba, bartaman, ayoga, koduvavanu, tiarikala, commission_status, process_date
        ) VALUES (
            '1175875', '100', 'LVLCOMM1', '866', '866.4', '0.4', '1175879', '2026-03-14 21:53:13', 0, '2026-03-15'
        )
2026-03-14 21:53:13 - Level1 - ✅ INSERT SUCCESSFUL
2026-03-14 21:53:13 - Level2 - Find upline query: SELECT id FROM shonu_subjects WHERE owncode = '400660113602'
2026-03-14 21:53:13 - Level2 - Upline found: 113607
2026-03-14 21:53:13 - Level2 - Insert query: INSERT INTO vyavahara (
            balakedara, ketebida, prakara, purba, bartaman, ayoga, koduvavanu, tiarikala, commission_status, process_date
        ) VALUES (
            '113607', '100', 'LVLCOMM2', '19200981.17274', '19200981.42274', '0.25', '1175879', '2026-03-14 21:53:13', 0, '2026-03-15'
        )
2026-03-14 21:53:13 - Level2 - ✅ INSERT SUCCESSFUL
2026-03-14 21:53:13 - Level3 - Find upline query: SELECT id FROM shonu_subjects WHERE owncode = '116629030908'
2026-03-14 21:53:13 - Level3 - Upline found: 113033
2026-03-14 21:53:13 - Level3 - Insert query: INSERT INTO vyavahara (
            balakedara, ketebida, prakara, purba, bartaman, ayoga, koduvavanu, tiarikala, commission_status, process_date
        ) VALUES (
            '113033', '100', 'LVLCOMM3', '10539.65049', '10539.73049', '0.08', '1175879', '2026-03-14 21:53:13', 0, '2026-03-15'
        )
2026-03-14 21:53:13 - Level3 - ✅ INSERT SUCCESSFUL
2026-03-14 21:53:13 - ========== COMMISSION.PHP ENDED ==========

2026-03-14 21:53:41 - ========== COMMISSION.PHP STARTED ==========
2026-03-14 21:53:41 - Bet amount: 1000, User ID: 1174020
2026-03-14 21:53:41 - Level commissions: L1=4, L2=2.5, L3=0.8, L4=0.1, L5=0.05, L6=0.02
2026-03-14 21:53:41 - Codes query: SELECT code, code1, code2, code3, code4, code5 FROM shonu_subjects WHERE id = '1174020'
2026-03-14 21:53:41 - Referral codes: code=609698113616, code1=587464113615, code2=551233113608, code3=400660113602, code4=116629030908, code5=official
2026-03-14 21:53:41 - Next process date: 2026-03-15
2026-03-14 21:53:41 - Level1 - Find upline query: SELECT id FROM shonu_subjects WHERE owncode = '609698113616'
2026-03-14 21:53:41 - Level1 - Upline found: 113616
2026-03-14 21:53:41 - Level1 - Insert query: INSERT INTO vyavahara (
            balakedara, ketebida, prakara, purba, bartaman, ayoga, koduvavanu, tiarikala, commission_status, process_date
        ) VALUES (
            '113616', '1000', 'LVLCOMM1', '61375.47756', '61379.47756', '4', '1174020', '2026-03-14 21:53:41', 0, '2026-03-15'
        )
2026-03-14 21:53:41 - Level1 - ✅ INSERT SUCCESSFUL
2026-03-14 21:53:41 - Level2 - Find upline query: SELECT id FROM shonu_subjects WHERE owncode = '587464113615'
2026-03-14 21:53:41 - Level2 - Upline found: 113615
2026-03-14 21:53:41 - Level2 - Insert query: INSERT INTO vyavahara (
            balakedara, ketebida, prakara, purba, bartaman, ayoga, koduvavanu, tiarikala, commission_status, process_date
        ) VALUES (
            '113615', '1000', 'LVLCOMM2', '577.43493', '579.93493', '2.5', '1174020', '2026-03-14 21:53:41', 0, '2026-03-15'
        )
2026-03-14 21:53:41 - Level2 - ✅ INSERT SUCCESSFUL
2026-03-14 21:53:41 - Level3 - Find upline query: SELECT id FROM shonu_subjects WHERE owncode = '551233113608'
2026-03-14 21:53:41 - Level3 - Upline found: 113614
2026-03-14 21:53:41 - Level3 - Insert query: INSERT INTO vyavahara (
            balakedara, ketebida, prakara, purba, bartaman, ayoga, koduvavanu, tiarikala, commission_status, process_date
        ) VALUES (
            '113614', '1000', 'LVLCOMM3', '65991.02954', '65991.82954', '0.8', '1174020', '2026-03-14 21:53:41', 0, '2026-03-15'
        )
2026-03-14 21:53:41 - Level3 - ✅ INSERT SUCCESSFUL
2026-03-14 21:53:41 - Level4 - ✅ INSERT SUCCESSFUL
2026-03-14 21:53:41 - Level5 - ✅ INSERT SUCCESSFUL
2026-03-14 21:53:41 - ========== COMMISSION.PHP ENDED ==========

2026-03-14 21:53:42 - ========== COMMISSION.PHP STARTED ==========
2026-03-14 21:53:42 - Bet amount: 100, User ID: 1175879
2026-03-14 21:53:42 - Level commissions: L1=0.4, L2=0.25, L3=0.08, L4=0.01, L5=0.005, L6=0.002
2026-03-14 21:53:42 - Codes query: SELECT code, code1, code2, code3, code4, code5 FROM shonu_subjects WHERE id = '1175879'
2026-03-14 21:53:42 - Referral codes: code=7384791175875, code1=400660113602, code2=116629030908, code3=official, code4=, code5=
2026-03-14 21:53:42 - Next process date: 2026-03-15
2026-03-14 21:53:42 - Level1 - Find upline query: SELECT id FROM shonu_subjects WHERE owncode = '7384791175875'
2026-03-14 21:53:42 - Level1 - Upline found: 1175875
2026-03-14 21:53:42 - Level1 - Insert query: INSERT INTO vyavahara (
            balakedara, ketebida, prakara, purba, bartaman, ayoga, koduvavanu, tiarikala, commission_status, process_date
        ) VALUES (
            '1175875', '100', 'LVLCOMM1', '866', '866.4', '0.4', '1175879', '2026-03-14 21:53:42', 0, '2026-03-15'
        )
2026-03-14 21:53:42 - Level1 - ✅ INSERT SUCCESSFUL
2026-03-14 21:53:42 - Level2 - Find upline query: SELECT id FROM shonu_subjects WHERE owncode = '400660113602'
2026-03-14 21:53:42 - Level2 - Upline found: 113607
2026-03-14 21:53:42 - Level2 - Insert query: INSERT INTO vyavahara (
            balakedara, ketebida, prakara, purba, bartaman, ayoga, koduvavanu, tiarikala, commission_status, process_date
        ) VALUES (
            '113607', '100', 'LVLCOMM2', '19200981.17274', '19200981.42274', '0.25', '1175879', '2026-03-14 21:53:42', 0, '2026-03-15'
        )
2026-03-14 21:53:42 - Level2 - ✅ INSERT SUCCESSFUL
2026-03-14 21:53:42 - Level3 - Find upline query: SELECT id FROM shonu_subjects WHERE owncode = '116629030908'
2026-03-14 21:53:42 - Level3 - Upline found: 113033
2026-03-14 21:53:42 - Level3 - Insert query: INSERT INTO vyavahara (
            balakedara, ketebida, prakara, purba, bartaman, ayoga, koduvavanu, tiarikala, commission_status, process_date
        ) VALUES (
            '113033', '100', 'LVLCOMM3', '10539.65049', '10539.73049', '0.08', '1175879', '2026-03-14 21:53:42', 0, '2026-03-15'
        )
2026-03-14 21:53:42 - Level3 - ✅ INSERT SUCCESSFUL
2026-03-14 21:53:42 - ========== COMMISSION.PHP ENDED ==========

2026-03-14 21:54:18 - ========== COMMISSION.PHP STARTED ==========
2026-03-14 21:54:18 - Bet amount: 1000, User ID: 1175879
2026-03-14 21:54:18 - Level commissions: L1=4, L2=2.5, L3=0.8, L4=0.1, L5=0.05, L6=0.02
2026-03-14 21:54:18 - Codes query: SELECT code, code1, code2, code3, code4, code5 FROM shonu_subjects WHERE id = '1175879'
2026-03-14 21:54:18 - Referral codes: code=7384791175875, code1=400660113602, code2=116629030908, code3=official, code4=, code5=
2026-03-14 21:54:18 - Next process date: 2026-03-15
2026-03-14 21:54:18 - Level1 - Find upline query: SELECT id FROM shonu_subjects WHERE owncode = '7384791175875'
2026-03-14 21:54:18 - Level1 - Upline found: 1175875
2026-03-14 21:54:18 - Level1 - Insert query: INSERT INTO vyavahara (
            balakedara, ketebida, prakara, purba, bartaman, ayoga, koduvavanu, tiarikala, commission_status, process_date
        ) VALUES (
            '1175875', '1000', 'LVLCOMM1', '866', '870', '4', '1175879', '2026-03-14 21:54:18', 0, '2026-03-15'
        )
2026-03-14 21:54:18 - Level1 - ✅ INSERT SUCCESSFUL
2026-03-14 21:54:18 - Level2 - Find upline query: SELECT id FROM shonu_subjects WHERE owncode = '400660113602'
2026-03-14 21:54:18 - Level2 - Upline found: 113607
2026-03-14 21:54:18 - Level2 - Insert query: INSERT INTO vyavahara (
            balakedara, ketebida, prakara, purba, bartaman, ayoga, koduvavanu, tiarikala, commission_status, process_date
        ) VALUES (
            '113607', '1000', 'LVLCOMM2', '19200981.17274', '19200983.67274', '2.5', '1175879', '2026-03-14 21:54:18', 0, '2026-03-15'
        )
2026-03-14 21:54:18 - Level2 - ✅ INSERT SUCCESSFUL
2026-03-14 21:54:18 - Level3 - Find upline query: SELECT id FROM shonu_subjects WHERE owncode = '116629030908'
2026-03-14 21:54:18 - Level3 - Upline found: 113033
2026-03-14 21:54:18 - Level3 - Insert query: INSERT INTO vyavahara (
            balakedara, ketebida, prakara, purba, bartaman, ayoga, koduvavanu, tiarikala, commission_status, process_date
        ) VALUES (
            '113033', '1000', 'LVLCOMM3', '10539.65049', '10540.45049', '0.8', '1175879', '2026-03-14 21:54:18', 0, '2026-03-15'
        )
2026-03-14 21:54:18 - Level3 - ✅ INSERT SUCCESSFUL
2026-03-14 21:54:18 - ========== COMMISSION.PHP ENDED ==========

2026-03-14 21:54:21 - ========== COMMISSION.PHP STARTED ==========
2026-03-14 21:54:21 - Bet amount: 1000, User ID: 1174020
2026-03-14 21:54:21 - Level commissions: L1=4, L2=2.5, L3=0.8, L4=0.1, L5=0.05, L6=0.02
2026-03-14 21:54:21 - Codes query: SELECT code, code1, code2, code3, code4, code5 FROM shonu_subjects WHERE id = '1174020'
2026-03-14 21:54:21 - Referral codes: code=609698113616, code1=587464113615, code2=551233113608, code3=400660113602, code4=116629030908, code5=official
2026-03-14 21:54:21 - Next process date: 2026-03-15
2026-03-14 21:54:21 - Level1 - Find upline query: SELECT id FROM shonu_subjects WHERE owncode = '609698113616'
2026-03-14 21:54:21 - Level1 - Upline found: 113616
2026-03-14 21:54:21 - Level1 - Insert query: INSERT INTO vyavahara (
            balakedara, ketebida, prakara, purba, bartaman, ayoga, koduvavanu, tiarikala, commission_status, process_date
        ) VALUES (
            '113616', '1000', 'LVLCOMM1', '61375.47756', '61379.47756', '4', '1174020', '2026-03-14 21:54:21', 0, '2026-03-15'
        )
2026-03-14 21:54:21 - Level1 - ✅ INSERT SUCCESSFUL
2026-03-14 21:54:21 - Level2 - Find upline query: SELECT id FROM shonu_subjects WHERE owncode = '587464113615'
2026-03-14 21:54:21 - Level2 - Upline found: 113615
2026-03-14 21:54:21 - Level2 - Insert query: INSERT INTO vyavahara (
            balakedara, ketebida, prakara, purba, bartaman, ayoga, koduvavanu, tiarikala, commission_status, process_date
        ) VALUES (
            '113615', '1000', 'LVLCOMM2', '577.43493', '579.93493', '2.5', '1174020', '2026-03-14 21:54:21', 0, '2026-03-15'
        )
2026-03-14 21:54:21 - Level2 - ✅ INSERT SUCCESSFUL
2026-03-14 21:54:21 - Level3 - Find upline query: SELECT id FROM shonu_subjects WHERE owncode = '551233113608'
2026-03-14 21:54:21 - Level3 - Upline found: 113614
2026-03-14 21:54:21 - Level3 - Insert query: INSERT INTO vyavahara (
            balakedara, ketebida, prakara, purba, bartaman, ayoga, koduvavanu, tiarikala, commission_status, process_date
        ) VALUES (
            '113614', '1000', 'LVLCOMM3', '65991.02954', '65991.82954', '0.8', '1174020', '2026-03-14 21:54:21', 0, '2026-03-15'
        )
2026-03-14 21:54:21 - Level3 - ✅ INSERT SUCCESSFUL
2026-03-14 21:54:21 - Level4 - ✅ INSERT SUCCESSFUL
2026-03-14 21:54:21 - Level5 - ✅ INSERT SUCCESSFUL
2026-03-14 21:54:21 - ========== COMMISSION.PHP ENDED ==========

2026-03-14 21:54:48 - ========== COMMISSION.PHP STARTED ==========
2026-03-14 21:54:48 - Bet amount: 5000, User ID: 1175879
2026-03-14 21:54:48 - Level commissions: L1=20, L2=12.5, L3=4, L4=0.5, L5=0.25, L6=0.1
2026-03-14 21:54:48 - Codes query: SELECT code, code1, code2, code3, code4, code5 FROM shonu_subjects WHERE id = '1175879'
2026-03-14 21:54:48 - Referral codes: code=7384791175875, code1=400660113602, code2=116629030908, code3=official, code4=, code5=
2026-03-14 21:54:48 - Next process date: 2026-03-15
2026-03-14 21:54:48 - Level1 - Find upline query: SELECT id FROM shonu_subjects WHERE owncode = '7384791175875'
2026-03-14 21:54:48 - Level1 - Upline found: 1175875
2026-03-14 21:54:48 - Level1 - Insert query: INSERT INTO vyavahara (
            balakedara, ketebida, prakara, purba, bartaman, ayoga, koduvavanu, tiarikala, commission_status, process_date
        ) VALUES (
            '1175875', '5000', 'LVLCOMM1', '866', '886', '20', '1175879', '2026-03-14 21:54:48', 0, '2026-03-15'
        )
2026-03-14 21:54:48 - Level1 - ✅ INSERT SUCCESSFUL
2026-03-14 21:54:48 - Level2 - Find upline query: SELECT id FROM shonu_subjects WHERE owncode = '400660113602'
2026-03-14 21:54:48 - Level2 - Upline found: 113607
2026-03-14 21:54:48 - Level2 - Insert query: INSERT INTO vyavahara (
            balakedara, ketebida, prakara, purba, bartaman, ayoga, koduvavanu, tiarikala, commission_status, process_date
        ) VALUES (
            '113607', '5000', 'LVLCOMM2', '19200981.17274', '19200993.67274', '12.5', '1175879', '2026-03-14 21:54:48', 0, '2026-03-15'
        )
2026-03-14 21:54:48 - Level2 - ✅ INSERT SUCCESSFUL
2026-03-14 21:54:48 - Level3 - Find upline query: SELECT id FROM shonu_subjects WHERE owncode = '116629030908'
2026-03-14 21:54:48 - Level3 - Upline found: 113033
2026-03-14 21:54:48 - Level3 - Insert query: INSERT INTO vyavahara (
            balakedara, ketebida, prakara, purba, bartaman, ayoga, koduvavanu, tiarikala, commission_status, process_date
        ) VALUES (
            '113033', '5000', 'LVLCOMM3', '10539.65049', '10543.65049', '4', '1175879', '2026-03-14 21:54:48', 0, '2026-03-15'
        )
2026-03-14 21:54:48 - Level3 - ✅ INSERT SUCCESSFUL
2026-03-14 21:54:48 - ========== COMMISSION.PHP ENDED ==========

2026-03-14 21:54:57 - ========== COMMISSION.PHP STARTED ==========
2026-03-14 21:54:57 - Bet amount: 1000, User ID: 1174020
2026-03-14 21:54:57 - Level commissions: L1=4, L2=2.5, L3=0.8, L4=0.1, L5=0.05, L6=0.02
2026-03-14 21:54:57 - Codes query: SELECT code, code1, code2, code3, code4, code5 FROM shonu_subjects WHERE id = '1174020'
2026-03-14 21:54:57 - Referral codes: code=609698113616, code1=587464113615, code2=551233113608, code3=400660113602, code4=116629030908, code5=official
2026-03-14 21:54:57 - Next process date: 2026-03-15
2026-03-14 21:54:57 - Level1 - Find upline query: SELECT id FROM shonu_subjects WHERE owncode = '609698113616'
2026-03-14 21:54:57 - Level1 - Upline found: 113616
2026-03-14 21:54:57 - Level1 - Insert query: INSERT INTO vyavahara (
            balakedara, ketebida, prakara, purba, bartaman, ayoga, koduvavanu, tiarikala, commission_status, process_date
        ) VALUES (
            '113616', '1000', 'LVLCOMM1', '61375.47756', '61379.47756', '4', '1174020', '2026-03-14 21:54:57', 0, '2026-03-15'
        )
2026-03-14 21:54:57 - Level1 - ✅ INSERT SUCCESSFUL
2026-03-14 21:54:57 - Level2 - Find upline query: SELECT id FROM shonu_subjects WHERE owncode = '587464113615'
2026-03-14 21:54:57 - Level2 - Upline found: 113615
2026-03-14 21:54:57 - Level2 - Insert query: INSERT INTO vyavahara (
            balakedara, ketebida, prakara, purba, bartaman, ayoga, koduvavanu, tiarikala, commission_status, process_date
        ) VALUES (
            '113615', '1000', 'LVLCOMM2', '577.43493', '579.93493', '2.5', '1174020', '2026-03-14 21:54:57', 0, '2026-03-15'
        )
2026-03-14 21:54:57 - Level2 - ✅ INSERT SUCCESSFUL
2026-03-14 21:54:57 - Level3 - Find upline query: SELECT id FROM shonu_subjects WHERE owncode = '551233113608'
2026-03-14 21:54:57 - Level3 - Upline found: 113614
2026-03-14 21:54:57 - Level3 - Insert query: INSERT INTO vyavahara (
            balakedara, ketebida, prakara, purba, bartaman, ayoga, koduvavanu, tiarikala, commission_status, process_date
        ) VALUES (
            '113614', '1000', 'LVLCOMM3', '65991.02954', '65991.82954', '0.8', '1174020', '2026-03-14 21:54:57', 0, '2026-03-15'
        )
2026-03-14 21:54:57 - Level3 - ✅ INSERT SUCCESSFUL
2026-03-14 21:54:57 - Level4 - ✅ INSERT SUCCESSFUL
2026-03-14 21:54:57 - Level5 - ✅ INSERT SUCCESSFUL
2026-03-14 21:54:57 - ========== COMMISSION.PHP ENDED ==========

2026-03-14 21:55:16 - ========== COMMISSION.PHP STARTED ==========
2026-03-14 21:55:16 - Bet amount: 1000, User ID: 1174020
2026-03-14 21:55:16 - Level commissions: L1=4, L2=2.5, L3=0.8, L4=0.1, L5=0.05, L6=0.02
2026-03-14 21:55:16 - Codes query: SELECT code, code1, code2, code3, code4, code5 FROM shonu_subjects WHERE id = '1174020'
2026-03-14 21:55:16 - Referral codes: code=609698113616, code1=587464113615, code2=551233113608, code3=400660113602, code4=116629030908, code5=official
2026-03-14 21:55:16 - Next process date: 2026-03-15
2026-03-14 21:55:16 - Level1 - Find upline query: SELECT id FROM shonu_subjects WHERE owncode = '609698113616'
2026-03-14 21:55:16 - Level1 - Upline found: 113616
2026-03-14 21:55:16 - Level1 - Insert query: INSERT INTO vyavahara (
            balakedara, ketebida, prakara, purba, bartaman, ayoga, koduvavanu, tiarikala, commission_status, process_date
        ) VALUES (
            '113616', '1000', 'LVLCOMM1', '61375.47756', '61379.47756', '4', '1174020', '2026-03-14 21:55:16', 0, '2026-03-15'
        )
2026-03-14 21:55:16 - Level1 - ✅ INSERT SUCCESSFUL
2026-03-14 21:55:16 - Level2 - Find upline query: SELECT id FROM shonu_subjects WHERE owncode = '587464113615'
2026-03-14 21:55:16 - Level2 - Upline found: 113615
2026-03-14 21:55:16 - Level2 - Insert query: INSERT INTO vyavahara (
            balakedara, ketebida, prakara, purba, bartaman, ayoga, koduvavanu, tiarikala, commission_status, process_date
        ) VALUES (
            '113615', '1000', 'LVLCOMM2', '577.43493', '579.93493', '2.5', '1174020', '2026-03-14 21:55:16', 0, '2026-03-15'
        )
2026-03-14 21:55:16 - Level2 - ✅ INSERT SUCCESSFUL
2026-03-14 21:55:16 - Level3 - Find upline query: SELECT id FROM shonu_subjects WHERE owncode = '551233113608'
2026-03-14 21:55:16 - Level3 - Upline found: 113614
2026-03-14 21:55:16 - Level3 - Insert query: INSERT INTO vyavahara (
            balakedara, ketebida, prakara, purba, bartaman, ayoga, koduvavanu, tiarikala, commission_status, process_date
        ) VALUES (
            '113614', '1000', 'LVLCOMM3', '65991.02954', '65991.82954', '0.8', '1174020', '2026-03-14 21:55:16', 0, '2026-03-15'
        )
2026-03-14 21:55:16 - Level3 - ✅ INSERT SUCCESSFUL
2026-03-14 21:55:16 - Level4 - ✅ INSERT SUCCESSFUL
2026-03-14 21:55:16 - Level5 - ✅ INSERT SUCCESSFUL
2026-03-14 21:55:16 - ========== COMMISSION.PHP ENDED ==========

2026-03-14 21:55:18 - ========== COMMISSION.PHP STARTED ==========
2026-03-14 21:55:18 - Bet amount: 100, User ID: 1175879
2026-03-14 21:55:18 - Level commissions: L1=0.4, L2=0.25, L3=0.08, L4=0.01, L5=0.005, L6=0.002
2026-03-14 21:55:18 - Codes query: SELECT code, code1, code2, code3, code4, code5 FROM shonu_subjects WHERE id = '1175879'
2026-03-14 21:55:18 - Referral codes: code=7384791175875, code1=400660113602, code2=116629030908, code3=official, code4=, code5=
2026-03-14 21:55:18 - Next process date: 2026-03-15
2026-03-14 21:55:18 - Level1 - Find upline query: SELECT id FROM shonu_subjects WHERE owncode = '7384791175875'
2026-03-14 21:55:18 - Level1 - Upline found: 1175875
2026-03-14 21:55:18 - Level1 - Insert query: INSERT INTO vyavahara (
            balakedara, ketebida, prakara, purba, bartaman, ayoga, koduvavanu, tiarikala, commission_status, process_date
        ) VALUES (
            '1175875', '100', 'LVLCOMM1', '866', '866.4', '0.4', '1175879', '2026-03-14 21:55:18', 0, '2026-03-15'
        )
2026-03-14 21:55:18 - Level1 - ✅ INSERT SUCCESSFUL
2026-03-14 21:55:18 - Level2 - Find upline query: SELECT id FROM shonu_subjects WHERE owncode = '400660113602'
2026-03-14 21:55:18 - Level2 - Upline found: 113607
2026-03-14 21:55:18 - Level2 - Insert query: INSERT INTO vyavahara (
            balakedara, ketebida, prakara, purba, bartaman, ayoga, koduvavanu, tiarikala, commission_status, process_date
        ) VALUES (
            '113607', '100', 'LVLCOMM2', '19200981.17274', '19200981.42274', '0.25', '1175879', '2026-03-14 21:55:18', 0, '2026-03-15'
        )
2026-03-14 21:55:18 - Level2 - ✅ INSERT SUCCESSFUL
2026-03-14 21:55:18 - Level3 - Find upline query: SELECT id FROM shonu_subjects WHERE owncode = '116629030908'
2026-03-14 21:55:18 - Level3 - Upline found: 113033
2026-03-14 21:55:18 - Level3 - Insert query: INSERT INTO vyavahara (
            balakedara, ketebida, prakara, purba, bartaman, ayoga, koduvavanu, tiarikala, commission_status, process_date
        ) VALUES (
            '113033', '100', 'LVLCOMM3', '10539.65049', '10539.73049', '0.08', '1175879', '2026-03-14 21:55:18', 0, '2026-03-15'
        )
2026-03-14 21:55:18 - Level3 - ✅ INSERT SUCCESSFUL
2026-03-14 21:55:18 - ========== COMMISSION.PHP ENDED ==========

2026-03-14 21:55:44 - ========== COMMISSION.PHP STARTED ==========
2026-03-14 21:55:44 - Bet amount: 300, User ID: 1175879
2026-03-14 21:55:44 - Level commissions: L1=1.2, L2=0.75, L3=0.24, L4=0.03, L5=0.015, L6=0.006
2026-03-14 21:55:44 - Codes query: SELECT code, code1, code2, code3, code4, code5 FROM shonu_subjects WHERE id = '1175879'
2026-03-14 21:55:44 - Referral codes: code=7384791175875, code1=400660113602, code2=116629030908, code3=official, code4=, code5=
2026-03-14 21:55:44 - Next process date: 2026-03-15
2026-03-14 21:55:44 - Level1 - Find upline query: SELECT id FROM shonu_subjects WHERE owncode = '7384791175875'
2026-03-14 21:55:44 - Level1 - Upline found: 1175875
2026-03-14 21:55:44 - Level1 - Insert query: INSERT INTO vyavahara (
            balakedara, ketebida, prakara, purba, bartaman, ayoga, koduvavanu, tiarikala, commission_status, process_date
        ) VALUES (
            '1175875', '300', 'LVLCOMM1', '866', '867.2', '1.2', '1175879', '2026-03-14 21:55:44', 0, '2026-03-15'
        )
2026-03-14 21:55:44 - Level1 - ✅ INSERT SUCCESSFUL
2026-03-14 21:55:44 - Level2 - Find upline query: SELECT id FROM shonu_subjects WHERE owncode = '400660113602'
2026-03-14 21:55:44 - Level2 - Upline found: 113607
2026-03-14 21:55:44 - Level2 - Insert query: INSERT INTO vyavahara (
            balakedara, ketebida, prakara, purba, bartaman, ayoga, koduvavanu, tiarikala, commission_status, process_date
        ) VALUES (
            '113607', '300', 'LVLCOMM2', '19200981.17274', '19200981.92274', '0.75', '1175879', '2026-03-14 21:55:44', 0, '2026-03-15'
        )
2026-03-14 21:55:44 - Level2 - ✅ INSERT SUCCESSFUL
2026-03-14 21:55:44 - Level3 - Find upline query: SELECT id FROM shonu_subjects WHERE owncode = '116629030908'
2026-03-14 21:55:44 - Level3 - Upline found: 113033
2026-03-14 21:55:44 - Level3 - Insert query: INSERT INTO vyavahara (
            balakedara, ketebida, prakara, purba, bartaman, ayoga, koduvavanu, tiarikala, commission_status, process_date
        ) VALUES (
            '113033', '300', 'LVLCOMM3', '10539.65049', '10539.89049', '0.24', '1175879', '2026-03-14 21:55:44', 0, '2026-03-15'
        )
2026-03-14 21:55:44 - Level3 - ✅ INSERT SUCCESSFUL
2026-03-14 21:55:44 - ========== COMMISSION.PHP ENDED ==========

2026-03-14 21:55:54 - ========== COMMISSION.PHP STARTED ==========
2026-03-14 21:55:54 - Bet amount: 1000, User ID: 1174020
2026-03-14 21:55:54 - Level commissions: L1=4, L2=2.5, L3=0.8, L4=0.1, L5=0.05, L6=0.02
2026-03-14 21:55:54 - Codes query: SELECT code, code1, code2, code3, code4, code5 FROM shonu_subjects WHERE id = '1174020'
2026-03-14 21:55:54 - Referral codes: code=609698113616, code1=587464113615, code2=551233113608, code3=400660113602, code4=116629030908, code5=official
2026-03-14 21:55:54 - Next process date: 2026-03-15
2026-03-14 21:55:54 - Level1 - Find upline query: SELECT id FROM shonu_subjects WHERE owncode = '609698113616'
2026-03-14 21:55:54 - Level1 - Upline found: 113616
2026-03-14 21:55:54 - Level1 - Insert query: INSERT INTO vyavahara (
            balakedara, ketebida, prakara, purba, bartaman, ayoga, koduvavanu, tiarikala, commission_status, process_date
        ) VALUES (
            '113616', '1000', 'LVLCOMM1', '61375.47756', '61379.47756', '4', '1174020', '2026-03-14 21:55:54', 0, '2026-03-15'
        )
2026-03-14 21:55:54 - Level1 - ✅ INSERT SUCCESSFUL
2026-03-14 21:55:54 - Level2 - Find upline query: SELECT id FROM shonu_subjects WHERE owncode = '587464113615'
2026-03-14 21:55:54 - Level2 - Upline found: 113615
2026-03-14 21:55:54 - Level2 - Insert query: INSERT INTO vyavahara (
            balakedara, ketebida, prakara, purba, bartaman, ayoga, koduvavanu, tiarikala, commission_status, process_date
        ) VALUES (
            '113615', '1000', 'LVLCOMM2', '577.43493', '579.93493', '2.5', '1174020', '2026-03-14 21:55:54', 0, '2026-03-15'
        )
2026-03-14 21:55:54 - Level2 - ✅ INSERT SUCCESSFUL
2026-03-14 21:55:54 - Level3 - Find upline query: SELECT id FROM shonu_subjects WHERE owncode = '551233113608'
2026-03-14 21:55:54 - Level3 - Upline found: 113614
2026-03-14 21:55:54 - Level3 - Insert query: INSERT INTO vyavahara (
            balakedara, ketebida, prakara, purba, bartaman, ayoga, koduvavanu, tiarikala, commission_status, process_date
        ) VALUES (
            '113614', '1000', 'LVLCOMM3', '65991.02954', '65991.82954', '0.8', '1174020', '2026-03-14 21:55:54', 0, '2026-03-15'
        )
2026-03-14 21:55:54 - Level3 - ✅ INSERT SUCCESSFUL
2026-03-14 21:55:54 - Level4 - ✅ INSERT SUCCESSFUL
2026-03-14 21:55:54 - Level5 - ✅ INSERT SUCCESSFUL
2026-03-14 21:55:54 - ========== COMMISSION.PHP ENDED ==========

2026-03-14 21:56:17 - ========== COMMISSION.PHP STARTED ==========
2026-03-14 21:56:17 - Bet amount: 900, User ID: 1175879
2026-03-14 21:56:17 - Level commissions: L1=3.6, L2=2.25, L3=0.72, L4=0.09, L5=0.045, L6=0.018
2026-03-14 21:56:17 - Codes query: SELECT code, code1, code2, code3, code4, code5 FROM shonu_subjects WHERE id = '1175879'
2026-03-14 21:56:17 - Referral codes: code=7384791175875, code1=400660113602, code2=116629030908, code3=official, code4=, code5=
2026-03-14 21:56:17 - Next process date: 2026-03-15
2026-03-14 21:56:17 - Level1 - Find upline query: SELECT id FROM shonu_subjects WHERE owncode = '7384791175875'
2026-03-14 21:56:17 - Level1 - Upline found: 1175875
2026-03-14 21:56:17 - Level1 - Insert query: INSERT INTO vyavahara (
            balakedara, ketebida, prakara, purba, bartaman, ayoga, koduvavanu, tiarikala, commission_status, process_date
        ) VALUES (
            '1175875', '900', 'LVLCOMM1', '866', '869.6', '3.6', '1175879', '2026-03-14 21:56:17', 0, '2026-03-15'
        )
2026-03-14 21:56:17 - Level1 - ✅ INSERT SUCCESSFUL
2026-03-14 21:56:17 - Level2 - Find upline query: SELECT id FROM shonu_subjects WHERE owncode = '400660113602'
2026-03-14 21:56:17 - Level2 - Upline found: 113607
2026-03-14 21:56:17 - Level2 - Insert query: INSERT INTO vyavahara (
            balakedara, ketebida, prakara, purba, bartaman, ayoga, koduvavanu, tiarikala, commission_status, process_date
        ) VALUES (
            '113607', '900', 'LVLCOMM2', '19200981.17274', '19200983.42274', '2.25', '1175879', '2026-03-14 21:56:17', 0, '2026-03-15'
        )
2026-03-14 21:56:17 - Level2 - ✅ INSERT SUCCESSFUL
2026-03-14 21:56:17 - Level3 - Find upline query: SELECT id FROM shonu_subjects WHERE owncode = '116629030908'
2026-03-14 21:56:17 - Level3 - Upline found: 113033
2026-03-14 21:56:17 - Level3 - Insert query: INSERT INTO vyavahara (
            balakedara, ketebida, prakara, purba, bartaman, ayoga, koduvavanu, tiarikala, commission_status, process_date
        ) VALUES (
            '113033', '900', 'LVLCOMM3', '10539.65049', '10540.37049', '0.72', '1175879', '2026-03-14 21:56:17', 0, '2026-03-15'
        )
2026-03-14 21:56:17 - Level3 - ✅ INSERT SUCCESSFUL
2026-03-14 21:56:17 - ========== COMMISSION.PHP ENDED ==========

2026-03-14 21:56:48 - ========== COMMISSION.PHP STARTED ==========
2026-03-14 21:56:48 - Bet amount: 10000, User ID: 1175879
2026-03-14 21:56:48 - Level commissions: L1=40, L2=25, L3=8, L4=1, L5=0.5, L6=0.2
2026-03-14 21:56:48 - Codes query: SELECT code, code1, code2, code3, code4, code5 FROM shonu_subjects WHERE id = '1175879'
2026-03-14 21:56:48 - Referral codes: code=7384791175875, code1=400660113602, code2=116629030908, code3=official, code4=, code5=
2026-03-14 21:56:48 - Next process date: 2026-03-15
2026-03-14 21:56:48 - Level1 - Find upline query: SELECT id FROM shonu_subjects WHERE owncode = '7384791175875'
2026-03-14 21:56:48 - Level1 - Upline found: 1175875
2026-03-14 21:56:48 - Level1 - Insert query: INSERT INTO vyavahara (
            balakedara, ketebida, prakara, purba, bartaman, ayoga, koduvavanu, tiarikala, commission_status, process_date
        ) VALUES (
            '1175875', '10000', 'LVLCOMM1', '866', '906', '40', '1175879', '2026-03-14 21:56:48', 0, '2026-03-15'
        )
2026-03-14 21:56:48 - Level1 - ✅ INSERT SUCCESSFUL
2026-03-14 21:56:48 - Level2 - Find upline query: SELECT id FROM shonu_subjects WHERE owncode = '400660113602'
2026-03-14 21:56:48 - Level2 - Upline found: 113607
2026-03-14 21:56:48 - Level2 - Insert query: INSERT INTO vyavahara (
            balakedara, ketebida, prakara, purba, bartaman, ayoga, koduvavanu, tiarikala, commission_status, process_date
        ) VALUES (
            '113607', '10000', 'LVLCOMM2', '19200981.17274', '19201006.17274', '25', '1175879', '2026-03-14 21:56:48', 0, '2026-03-15'
        )
2026-03-14 21:56:48 - Level2 - ✅ INSERT SUCCESSFUL
2026-03-14 21:56:48 - Level3 - Find upline query: SELECT id FROM shonu_subjects WHERE owncode = '116629030908'
2026-03-14 21:56:48 - Level3 - Upline found: 113033
2026-03-14 21:56:48 - Level3 - Insert query: INSERT INTO vyavahara (
            balakedara, ketebida, prakara, purba, bartaman, ayoga, koduvavanu, tiarikala, commission_status, process_date
        ) VALUES (
            '113033', '10000', 'LVLCOMM3', '10539.65049', '10547.65049', '8', '1175879', '2026-03-14 21:56:48', 0, '2026-03-15'
        )
2026-03-14 21:56:48 - Level3 - ✅ INSERT SUCCESSFUL
2026-03-14 21:56:48 - ========== COMMISSION.PHP ENDED ==========

2026-03-14 21:57:17 - ========== COMMISSION.PHP STARTED ==========
2026-03-14 21:57:17 - Bet amount: 1000, User ID: 1174020
2026-03-14 21:57:17 - Level commissions: L1=4, L2=2.5, L3=0.8, L4=0.1, L5=0.05, L6=0.02
2026-03-14 21:57:17 - Codes query: SELECT code, code1, code2, code3, code4, code5 FROM shonu_subjects WHERE id = '1174020'
2026-03-14 21:57:17 - Referral codes: code=609698113616, code1=587464113615, code2=551233113608, code3=400660113602, code4=116629030908, code5=official
2026-03-14 21:57:17 - Next process date: 2026-03-15
2026-03-14 21:57:17 - Level1 - Find upline query: SELECT id FROM shonu_subjects WHERE owncode = '609698113616'
2026-03-14 21:57:17 - Level1 - Upline found: 113616
2026-03-14 21:57:17 - Level1 - Insert query: INSERT INTO vyavahara (
            balakedara, ketebida, prakara, purba, bartaman, ayoga, koduvavanu, tiarikala, commission_status, process_date
        ) VALUES (
            '113616', '1000', 'LVLCOMM1', '61375.47756', '61379.47756', '4', '1174020', '2026-03-14 21:57:17', 0, '2026-03-15'
        )
2026-03-14 21:57:17 - Level1 - ✅ INSERT SUCCESSFUL
2026-03-14 21:57:17 - Level2 - Find upline query: SELECT id FROM shonu_subjects WHERE owncode = '587464113615'
2026-03-14 21:57:17 - Level2 - Upline found: 113615
2026-03-14 21:57:17 - Level2 - Insert query: INSERT INTO vyavahara (
            balakedara, ketebida, prakara, purba, bartaman, ayoga, koduvavanu, tiarikala, commission_status, process_date
        ) VALUES (
            '113615', '1000', 'LVLCOMM2', '577.43493', '579.93493', '2.5', '1174020', '2026-03-14 21:57:17', 0, '2026-03-15'
        )
2026-03-14 21:57:17 - Level2 - ✅ INSERT SUCCESSFUL
2026-03-14 21:57:17 - Level3 - Find upline query: SELECT id FROM shonu_subjects WHERE owncode = '551233113608'
2026-03-14 21:57:17 - Level3 - Upline found: 113614
2026-03-14 21:57:17 - Level3 - Insert query: INSERT INTO vyavahara (
            balakedara, ketebida, prakara, purba, bartaman, ayoga, koduvavanu, tiarikala, commission_status, process_date
        ) VALUES (
            '113614', '1000', 'LVLCOMM3', '65991.02954', '65991.82954', '0.8', '1174020', '2026-03-14 21:57:17', 0, '2026-03-15'
        )
2026-03-14 21:57:17 - Level3 - ✅ INSERT SUCCESSFUL
2026-03-14 21:57:17 - Level4 - ✅ INSERT SUCCESSFUL
2026-03-14 21:57:17 - Level5 - ✅ INSERT SUCCESSFUL
2026-03-14 21:57:17 - ========== COMMISSION.PHP ENDED ==========

2026-03-14 21:58:49 - ========== COMMISSION.PHP STARTED ==========
2026-03-14 21:58:49 - Bet amount: 1000, User ID: 1174020
2026-03-14 21:58:49 - Level commissions: L1=4, L2=2.5, L3=0.8, L4=0.1, L5=0.05, L6=0.02
2026-03-14 21:58:49 - Codes query: SELECT code, code1, code2, code3, code4, code5 FROM shonu_subjects WHERE id = '1174020'
2026-03-14 21:58:49 - Referral codes: code=609698113616, code1=587464113615, code2=551233113608, code3=400660113602, code4=116629030908, code5=official
2026-03-14 21:58:49 - Next process date: 2026-03-15
2026-03-14 21:58:49 - Level1 - Find upline query: SELECT id FROM shonu_subjects WHERE owncode = '609698113616'
2026-03-14 21:58:49 - Level1 - Upline found: 113616
2026-03-14 21:58:49 - Level1 - Insert query: INSERT INTO vyavahara (
            balakedara, ketebida, prakara, purba, bartaman, ayoga, koduvavanu, tiarikala, commission_status, process_date
        ) VALUES (
            '113616', '1000', 'LVLCOMM1', '61375.47756', '61379.47756', '4', '1174020', '2026-03-14 21:58:49', 0, '2026-03-15'
        )
2026-03-14 21:58:49 - Level1 - ✅ INSERT SUCCESSFUL
2026-03-14 21:58:49 - Level2 - Find upline query: SELECT id FROM shonu_subjects WHERE owncode = '587464113615'
2026-03-14 21:58:49 - Level2 - Upline found: 113615
2026-03-14 21:58:49 - Level2 - Insert query: INSERT INTO vyavahara (
            balakedara, ketebida, prakara, purba, bartaman, ayoga, koduvavanu, tiarikala, commission_status, process_date
        ) VALUES (
            '113615', '1000', 'LVLCOMM2', '577.43493', '579.93493', '2.5', '1174020', '2026-03-14 21:58:49', 0, '2026-03-15'
        )
2026-03-14 21:58:49 - Level2 - ✅ INSERT SUCCESSFUL
2026-03-14 21:58:49 - Level3 - Find upline query: SELECT id FROM shonu_subjects WHERE owncode = '551233113608'
2026-03-14 21:58:49 - Level3 - Upline found: 113614
2026-03-14 21:58:49 - Level3 - Insert query: INSERT INTO vyavahara (
            balakedara, ketebida, prakara, purba, bartaman, ayoga, koduvavanu, tiarikala, commission_status, process_date
        ) VALUES (
            '113614', '1000', 'LVLCOMM3', '65991.02954', '65991.82954', '0.8', '1174020', '2026-03-14 21:58:49', 0, '2026-03-15'
        )
2026-03-14 21:58:49 - Level3 - ✅ INSERT SUCCESSFUL
2026-03-14 21:58:49 - Level4 - ✅ INSERT SUCCESSFUL
2026-03-14 21:58:49 - Level5 - ✅ INSERT SUCCESSFUL
2026-03-14 21:58:49 - ========== COMMISSION.PHP ENDED ==========

2026-03-14 21:59:11 - ========== COMMISSION.PHP STARTED ==========
2026-03-14 21:59:11 - Bet amount: 1000, User ID: 1174020
2026-03-14 21:59:11 - Level commissions: L1=4, L2=2.5, L3=0.8, L4=0.1, L5=0.05, L6=0.02
2026-03-14 21:59:11 - Codes query: SELECT code, code1, code2, code3, code4, code5 FROM shonu_subjects WHERE id = '1174020'
2026-03-14 21:59:11 - Referral codes: code=609698113616, code1=587464113615, code2=551233113608, code3=400660113602, code4=116629030908, code5=official
2026-03-14 21:59:11 - Next process date: 2026-03-15
2026-03-14 21:59:11 - Level1 - Find upline query: SELECT id FROM shonu_subjects WHERE owncode = '609698113616'
2026-03-14 21:59:11 - Level1 - Upline found: 113616
2026-03-14 21:59:11 - Level1 - Insert query: INSERT INTO vyavahara (
            balakedara, ketebida, prakara, purba, bartaman, ayoga, koduvavanu, tiarikala, commission_status, process_date
        ) VALUES (
            '113616', '1000', 'LVLCOMM1', '61375.47756', '61379.47756', '4', '1174020', '2026-03-14 21:59:11', 0, '2026-03-15'
        )
2026-03-14 21:59:11 - Level1 - ✅ INSERT SUCCESSFUL
2026-03-14 21:59:11 - Level2 - Find upline query: SELECT id FROM shonu_subjects WHERE owncode = '587464113615'
2026-03-14 21:59:11 - Level2 - Upline found: 113615
2026-03-14 21:59:11 - Level2 - Insert query: INSERT INTO vyavahara (
            balakedara, ketebida, prakara, purba, bartaman, ayoga, koduvavanu, tiarikala, commission_status, process_date
        ) VALUES (
            '113615', '1000', 'LVLCOMM2', '577.43493', '579.93493', '2.5', '1174020', '2026-03-14 21:59:11', 0, '2026-03-15'
        )
2026-03-14 21:59:11 - Level2 - ✅ INSERT SUCCESSFUL
2026-03-14 21:59:11 - Level3 - Find upline query: SELECT id FROM shonu_subjects WHERE owncode = '551233113608'
2026-03-14 21:59:11 - Level3 - Upline found: 113614
2026-03-14 21:59:11 - Level3 - Insert query: INSERT INTO vyavahara (
            balakedara, ketebida, prakara, purba, bartaman, ayoga, koduvavanu, tiarikala, commission_status, process_date
        ) VALUES (
            '113614', '1000', 'LVLCOMM3', '65991.02954', '65991.82954', '0.8', '1174020', '2026-03-14 21:59:11', 0, '2026-03-15'
        )
2026-03-14 21:59:11 - Level3 - ✅ INSERT SUCCESSFUL
2026-03-14 21:59:11 - Level4 - ✅ INSERT SUCCESSFUL
2026-03-14 21:59:11 - Level5 - ✅ INSERT SUCCESSFUL
2026-03-14 21:59:11 - ========== COMMISSION.PHP ENDED ==========

2026-03-14 21:59:39 - ========== COMMISSION.PHP STARTED ==========
2026-03-14 21:59:39 - Bet amount: 1000, User ID: 1174020
2026-03-14 21:59:39 - Level commissions: L1=4, L2=2.5, L3=0.8, L4=0.1, L5=0.05, L6=0.02
2026-03-14 21:59:39 - Codes query: SELECT code, code1, code2, code3, code4, code5 FROM shonu_subjects WHERE id = '1174020'
2026-03-14 21:59:39 - Referral codes: code=609698113616, code1=587464113615, code2=551233113608, code3=400660113602, code4=116629030908, code5=official
2026-03-14 21:59:39 - Next process date: 2026-03-15
2026-03-14 21:59:39 - Level1 - Find upline query: SELECT id FROM shonu_subjects WHERE owncode = '609698113616'
2026-03-14 21:59:39 - Level1 - Upline found: 113616
2026-03-14 21:59:39 - Level1 - Insert query: INSERT INTO vyavahara (
            balakedara, ketebida, prakara, purba, bartaman, ayoga, koduvavanu, tiarikala, commission_status, process_date
        ) VALUES (
            '113616', '1000', 'LVLCOMM1', '61375.47756', '61379.47756', '4', '1174020', '2026-03-14 21:59:39', 0, '2026-03-15'
        )
2026-03-14 21:59:39 - Level1 - ✅ INSERT SUCCESSFUL
2026-03-14 21:59:39 - Level2 - Find upline query: SELECT id FROM shonu_subjects WHERE owncode = '587464113615'
2026-03-14 21:59:39 - Level2 - Upline found: 113615
2026-03-14 21:59:39 - Level2 - Insert query: INSERT INTO vyavahara (
            balakedara, ketebida, prakara, purba, bartaman, ayoga, koduvavanu, tiarikala, commission_status, process_date
        ) VALUES (
            '113615', '1000', 'LVLCOMM2', '577.43493', '579.93493', '2.5', '1174020', '2026-03-14 21:59:39', 0, '2026-03-15'
        )
2026-03-14 21:59:39 - Level2 - ✅ INSERT SUCCESSFUL
2026-03-14 21:59:39 - Level3 - Find upline query: SELECT id FROM shonu_subjects WHERE owncode = '551233113608'
2026-03-14 21:59:39 - Level3 - Upline found: 113614
2026-03-14 21:59:39 - Level3 - Insert query: INSERT INTO vyavahara (
            balakedara, ketebida, prakara, purba, bartaman, ayoga, koduvavanu, tiarikala, commission_status, process_date
        ) VALUES (
            '113614', '1000', 'LVLCOMM3', '65991.02954', '65991.82954', '0.8', '1174020', '2026-03-14 21:59:39', 0, '2026-03-15'
        )
2026-03-14 21:59:39 - Level3 - ✅ INSERT SUCCESSFUL
2026-03-14 21:59:39 - Level4 - ✅ INSERT SUCCESSFUL
2026-03-14 21:59:39 - Level5 - ✅ INSERT SUCCESSFUL
2026-03-14 21:59:39 - ========== COMMISSION.PHP ENDED ==========

2026-03-14 22:00:20 - ========== COMMISSION.PHP STARTED ==========
2026-03-14 22:00:20 - Bet amount: 2000, User ID: 1174020
2026-03-14 22:00:20 - Level commissions: L1=8, L2=5, L3=1.6, L4=0.2, L5=0.1, L6=0.04
2026-03-14 22:00:20 - Codes query: SELECT code, code1, code2, code3, code4, code5 FROM shonu_subjects WHERE id = '1174020'
2026-03-14 22:00:20 - Referral codes: code=609698113616, code1=587464113615, code2=551233113608, code3=400660113602, code4=116629030908, code5=official
2026-03-14 22:00:20 - Next process date: 2026-03-15
2026-03-14 22:00:20 - Level1 - Find upline query: SELECT id FROM shonu_subjects WHERE owncode = '609698113616'
2026-03-14 22:00:20 - Level1 - Upline found: 113616
2026-03-14 22:00:20 - Level1 - Insert query: INSERT INTO vyavahara (
            balakedara, ketebida, prakara, purba, bartaman, ayoga, koduvavanu, tiarikala, commission_status, process_date
        ) VALUES (
            '113616', '2000', 'LVLCOMM1', '61375.47756', '61383.47756', '8', '1174020', '2026-03-14 22:00:20', 0, '2026-03-15'
        )
2026-03-14 22:00:20 - Level1 - ✅ INSERT SUCCESSFUL
2026-03-14 22:00:20 - Level2 - Find upline query: SELECT id FROM shonu_subjects WHERE owncode = '587464113615'
2026-03-14 22:00:20 - Level2 - Upline found: 113615
2026-03-14 22:00:20 - Level2 - Insert query: INSERT INTO vyavahara (
            balakedara, ketebida, prakara, purba, bartaman, ayoga, koduvavanu, tiarikala, commission_status, process_date
        ) VALUES (
            '113615', '2000', 'LVLCOMM2', '577.43493', '582.43493', '5', '1174020', '2026-03-14 22:00:20', 0, '2026-03-15'
        )
2026-03-14 22:00:20 - Level2 - ✅ INSERT SUCCESSFUL
2026-03-14 22:00:20 - Level3 - Find upline query: SELECT id FROM shonu_subjects WHERE owncode = '551233113608'
2026-03-14 22:00:20 - Level3 - Upline found: 113614
2026-03-14 22:00:20 - Level3 - Insert query: INSERT INTO vyavahara (
            balakedara, ketebida, prakara, purba, bartaman, ayoga, koduvavanu, tiarikala, commission_status, process_date
        ) VALUES (
            '113614', '2000', 'LVLCOMM3', '65991.02954', '65992.62954', '1.6', '1174020', '2026-03-14 22:00:20', 0, '2026-03-15'
        )
2026-03-14 22:00:20 - Level3 - ✅ INSERT SUCCESSFUL
2026-03-14 22:00:20 - Level4 - ✅ INSERT SUCCESSFUL
2026-03-14 22:00:20 - Level5 - ✅ INSERT SUCCESSFUL
2026-03-14 22:00:20 - ========== COMMISSION.PHP ENDED ==========

2026-03-14 22:00:46 - ========== COMMISSION.PHP STARTED ==========
2026-03-14 22:00:46 - Bet amount: 2000, User ID: 1174020
2026-03-14 22:00:46 - Level commissions: L1=8, L2=5, L3=1.6, L4=0.2, L5=0.1, L6=0.04
2026-03-14 22:00:46 - Codes query: SELECT code, code1, code2, code3, code4, code5 FROM shonu_subjects WHERE id = '1174020'
2026-03-14 22:00:46 - Referral codes: code=609698113616, code1=587464113615, code2=551233113608, code3=400660113602, code4=116629030908, code5=official
2026-03-14 22:00:46 - Next process date: 2026-03-15
2026-03-14 22:00:46 - Level1 - Find upline query: SELECT id FROM shonu_subjects WHERE owncode = '609698113616'
2026-03-14 22:00:46 - Level1 - Upline found: 113616
2026-03-14 22:00:46 - Level1 - Insert query: INSERT INTO vyavahara (
            balakedara, ketebida, prakara, purba, bartaman, ayoga, koduvavanu, tiarikala, commission_status, process_date
        ) VALUES (
            '113616', '2000', 'LVLCOMM1', '61375.47756', '61383.47756', '8', '1174020', '2026-03-14 22:00:46', 0, '2026-03-15'
        )
2026-03-14 22:00:46 - Level1 - ✅ INSERT SUCCESSFUL
2026-03-14 22:00:46 - Level2 - Find upline query: SELECT id FROM shonu_subjects WHERE owncode = '587464113615'
2026-03-14 22:00:46 - Level2 - Upline found: 113615
2026-03-14 22:00:46 - Level2 - Insert query: INSERT INTO vyavahara (
            balakedara, ketebida, prakara, purba, bartaman, ayoga, koduvavanu, tiarikala, commission_status, process_date
        ) VALUES (
            '113615', '2000', 'LVLCOMM2', '577.43493', '582.43493', '5', '1174020', '2026-03-14 22:00:46', 0, '2026-03-15'
        )
2026-03-14 22:00:46 - Level2 - ✅ INSERT SUCCESSFUL
2026-03-14 22:00:46 - Level3 - Find upline query: SELECT id FROM shonu_subjects WHERE owncode = '551233113608'
2026-03-14 22:00:46 - Level3 - Upline found: 113614
2026-03-14 22:00:46 - Level3 - Insert query: INSERT INTO vyavahara (
            balakedara, ketebida, prakara, purba, bartaman, ayoga, koduvavanu, tiarikala, commission_status, process_date
        ) VALUES (
            '113614', '2000', 'LVLCOMM3', '65991.02954', '65992.62954', '1.6', '1174020', '2026-03-14 22:00:46', 0, '2026-03-15'
        )
2026-03-14 22:00:46 - Level3 - ✅ INSERT SUCCESSFUL
2026-03-14 22:00:46 - Level4 - ✅ INSERT SUCCESSFUL
2026-03-14 22:00:46 - Level5 - ✅ INSERT SUCCESSFUL
2026-03-14 22:00:46 - ========== COMMISSION.PHP ENDED ==========

2026-03-14 22:01:21 - ========== COMMISSION.PHP STARTED ==========
2026-03-14 22:01:21 - Bet amount: 1000, User ID: 1174020
2026-03-14 22:01:21 - Level commissions: L1=4, L2=2.5, L3=0.8, L4=0.1, L5=0.05, L6=0.02
2026-03-14 22:01:21 - Codes query: SELECT code, code1, code2, code3, code4, code5 FROM shonu_subjects WHERE id = '1174020'
2026-03-14 22:01:21 - Referral codes: code=609698113616, code1=587464113615, code2=551233113608, code3=400660113602, code4=116629030908, code5=official
2026-03-14 22:01:21 - Next process date: 2026-03-15
2026-03-14 22:01:21 - Level1 - Find upline query: SELECT id FROM shonu_subjects WHERE owncode = '609698113616'
2026-03-14 22:01:21 - Level1 - Upline found: 113616
2026-03-14 22:01:21 - Level1 - Insert query: INSERT INTO vyavahara (
            balakedara, ketebida, prakara, purba, bartaman, ayoga, koduvavanu, tiarikala, commission_status, process_date
        ) VALUES (
            '113616', '1000', 'LVLCOMM1', '61375.47756', '61379.47756', '4', '1174020', '2026-03-14 22:01:21', 0, '2026-03-15'
        )
2026-03-14 22:01:21 - Level1 - ✅ INSERT SUCCESSFUL
2026-03-14 22:01:21 - Level2 - Find upline query: SELECT id FROM shonu_subjects WHERE owncode = '587464113615'
2026-03-14 22:01:21 - Level2 - Upline found: 113615
2026-03-14 22:01:21 - Level2 - Insert query: INSERT INTO vyavahara (
            balakedara, ketebida, prakara, purba, bartaman, ayoga, koduvavanu, tiarikala, commission_status, process_date
        ) VALUES (
            '113615', '1000', 'LVLCOMM2', '577.43493', '579.93493', '2.5', '1174020', '2026-03-14 22:01:21', 0, '2026-03-15'
        )
2026-03-14 22:01:21 - Level2 - ✅ INSERT SUCCESSFUL
2026-03-14 22:01:21 - Level3 - Find upline query: SELECT id FROM shonu_subjects WHERE owncode = '551233113608'
2026-03-14 22:01:21 - Level3 - Upline found: 113614
2026-03-14 22:01:21 - Level3 - Insert query: INSERT INTO vyavahara (
            balakedara, ketebida, prakara, purba, bartaman, ayoga, koduvavanu, tiarikala, commission_status, process_date
        ) VALUES (
            '113614', '1000', 'LVLCOMM3', '65991.02954', '65991.82954', '0.8', '1174020', '2026-03-14 22:01:21', 0, '2026-03-15'
        )
2026-03-14 22:01:21 - Level3 - ✅ INSERT SUCCESSFUL
2026-03-14 22:01:21 - Level4 - ✅ INSERT SUCCESSFUL
2026-03-14 22:01:21 - Level5 - ✅ INSERT SUCCESSFUL
2026-03-14 22:01:21 - ========== COMMISSION.PHP ENDED ==========

2026-03-14 22:01:49 - ========== COMMISSION.PHP STARTED ==========
2026-03-14 22:01:49 - Bet amount: 2000, User ID: 1174020
2026-03-14 22:01:49 - Level commissions: L1=8, L2=5, L3=1.6, L4=0.2, L5=0.1, L6=0.04
2026-03-14 22:01:49 - Codes query: SELECT code, code1, code2, code3, code4, code5 FROM shonu_subjects WHERE id = '1174020'
2026-03-14 22:01:49 - Referral codes: code=609698113616, code1=587464113615, code2=551233113608, code3=400660113602, code4=116629030908, code5=official
2026-03-14 22:01:49 - Next process date: 2026-03-15
2026-03-14 22:01:49 - Level1 - Find upline query: SELECT id FROM shonu_subjects WHERE owncode = '609698113616'
2026-03-14 22:01:49 - Level1 - Upline found: 113616
2026-03-14 22:01:49 - Level1 - Insert query: INSERT INTO vyavahara (
            balakedara, ketebida, prakara, purba, bartaman, ayoga, koduvavanu, tiarikala, commission_status, process_date
        ) VALUES (
            '113616', '2000', 'LVLCOMM1', '61375.47756', '61383.47756', '8', '1174020', '2026-03-14 22:01:49', 0, '2026-03-15'
        )
2026-03-14 22:01:49 - Level1 - ✅ INSERT SUCCESSFUL
2026-03-14 22:01:49 - Level2 - Find upline query: SELECT id FROM shonu_subjects WHERE owncode = '587464113615'
2026-03-14 22:01:49 - Level2 - Upline found: 113615
2026-03-14 22:01:49 - Level2 - Insert query: INSERT INTO vyavahara (
            balakedara, ketebida, prakara, purba, bartaman, ayoga, koduvavanu, tiarikala, commission_status, process_date
        ) VALUES (
            '113615', '2000', 'LVLCOMM2', '577.43493', '582.43493', '5', '1174020', '2026-03-14 22:01:49', 0, '2026-03-15'
        )
2026-03-14 22:01:49 - Level2 - ✅ INSERT SUCCESSFUL
2026-03-14 22:01:49 - Level3 - Find upline query: SELECT id FROM shonu_subjects WHERE owncode = '551233113608'
2026-03-14 22:01:49 - Level3 - Upline found: 113614
2026-03-14 22:01:49 - Level3 - Insert query: INSERT INTO vyavahara (
            balakedara, ketebida, prakara, purba, bartaman, ayoga, koduvavanu, tiarikala, commission_status, process_date
        ) VALUES (
            '113614', '2000', 'LVLCOMM3', '65991.02954', '65992.62954', '1.6', '1174020', '2026-03-14 22:01:49', 0, '2026-03-15'
        )
2026-03-14 22:01:49 - Level3 - ✅ INSERT SUCCESSFUL
2026-03-14 22:01:49 - Level4 - ✅ INSERT SUCCESSFUL
2026-03-14 22:01:49 - Level5 - ✅ INSERT SUCCESSFUL
2026-03-14 22:01:49 - ========== COMMISSION.PHP ENDED ==========

2026-03-14 22:02:17 - ========== COMMISSION.PHP STARTED ==========
2026-03-14 22:02:17 - Bet amount: 1000, User ID: 1174020
2026-03-14 22:02:17 - Level commissions: L1=4, L2=2.5, L3=0.8, L4=0.1, L5=0.05, L6=0.02
2026-03-14 22:02:17 - Codes query: SELECT code, code1, code2, code3, code4, code5 FROM shonu_subjects WHERE id = '1174020'
2026-03-14 22:02:17 - Referral codes: code=609698113616, code1=587464113615, code2=551233113608, code3=400660113602, code4=116629030908, code5=official
2026-03-14 22:02:17 - Next process date: 2026-03-15
2026-03-14 22:02:17 - Level1 - Find upline query: SELECT id FROM shonu_subjects WHERE owncode = '609698113616'
2026-03-14 22:02:17 - Level1 - Upline found: 113616
2026-03-14 22:02:17 - Level1 - Insert query: INSERT INTO vyavahara (
            balakedara, ketebida, prakara, purba, bartaman, ayoga, koduvavanu, tiarikala, commission_status, process_date
        ) VALUES (
            '113616', '1000', 'LVLCOMM1', '61375.47756', '61379.47756', '4', '1174020', '2026-03-14 22:02:17', 0, '2026-03-15'
        )
2026-03-14 22:02:17 - Level1 - ✅ INSERT SUCCESSFUL
2026-03-14 22:02:17 - Level2 - Find upline query: SELECT id FROM shonu_subjects WHERE owncode = '587464113615'
2026-03-14 22:02:17 - Level2 - Upline found: 113615
2026-03-14 22:02:17 - Level2 - Insert query: INSERT INTO vyavahara (
            balakedara, ketebida, prakara, purba, bartaman, ayoga, koduvavanu, tiarikala, commission_status, process_date
        ) VALUES (
            '113615', '1000', 'LVLCOMM2', '577.43493', '579.93493', '2.5', '1174020', '2026-03-14 22:02:17', 0, '2026-03-15'
        )
2026-03-14 22:02:17 - Level2 - ✅ INSERT SUCCESSFUL
2026-03-14 22:02:17 - Level3 - Find upline query: SELECT id FROM shonu_subjects WHERE owncode = '551233113608'
2026-03-14 22:02:17 - Level3 - Upline found: 113614
2026-03-14 22:02:17 - Level3 - Insert query: INSERT INTO vyavahara (
            balakedara, ketebida, prakara, purba, bartaman, ayoga, koduvavanu, tiarikala, commission_status, process_date
        ) VALUES (
            '113614', '1000', 'LVLCOMM3', '65991.02954', '65991.82954', '0.8', '1174020', '2026-03-14 22:02:17', 0, '2026-03-15'
        )
2026-03-14 22:02:17 - Level3 - ✅ INSERT SUCCESSFUL
2026-03-14 22:02:17 - Level4 - ✅ INSERT SUCCESSFUL
2026-03-14 22:02:17 - Level5 - ✅ INSERT SUCCESSFUL
2026-03-14 22:02:17 - ========== COMMISSION.PHP ENDED ==========

2026-03-14 22:02:47 - ========== COMMISSION.PHP STARTED ==========
2026-03-14 22:02:47 - Bet amount: 2000, User ID: 1174020
2026-03-14 22:02:47 - Level commissions: L1=8, L2=5, L3=1.6, L4=0.2, L5=0.1, L6=0.04
2026-03-14 22:02:47 - Codes query: SELECT code, code1, code2, code3, code4, code5 FROM shonu_subjects WHERE id = '1174020'
2026-03-14 22:02:47 - Referral codes: code=609698113616, code1=587464113615, code2=551233113608, code3=400660113602, code4=116629030908, code5=official
2026-03-14 22:02:47 - Next process date: 2026-03-15
2026-03-14 22:02:47 - Level1 - Find upline query: SELECT id FROM shonu_subjects WHERE owncode = '609698113616'
2026-03-14 22:02:47 - Level1 - Upline found: 113616
2026-03-14 22:02:47 - Level1 - Insert query: INSERT INTO vyavahara (
            balakedara, ketebida, prakara, purba, bartaman, ayoga, koduvavanu, tiarikala, commission_status, process_date
        ) VALUES (
            '113616', '2000', 'LVLCOMM1', '61375.47756', '61383.47756', '8', '1174020', '2026-03-14 22:02:47', 0, '2026-03-15'
        )
2026-03-14 22:02:47 - Level1 - ✅ INSERT SUCCESSFUL
2026-03-14 22:02:47 - Level2 - Find upline query: SELECT id FROM shonu_subjects WHERE owncode = '587464113615'
2026-03-14 22:02:47 - Level2 - Upline found: 113615
2026-03-14 22:02:47 - Level2 - Insert query: INSERT INTO vyavahara (
            balakedara, ketebida, prakara, purba, bartaman, ayoga, koduvavanu, tiarikala, commission_status, process_date
        ) VALUES (
            '113615', '2000', 'LVLCOMM2', '577.43493', '582.43493', '5', '1174020', '2026-03-14 22:02:47', 0, '2026-03-15'
        )
2026-03-14 22:02:47 - Level2 - ✅ INSERT SUCCESSFUL
2026-03-14 22:02:47 - Level3 - Find upline query: SELECT id FROM shonu_subjects WHERE owncode = '551233113608'
2026-03-14 22:02:47 - Level3 - Upline found: 113614
2026-03-14 22:02:47 - Level3 - Insert query: INSERT INTO vyavahara (
            balakedara, ketebida, prakara, purba, bartaman, ayoga, koduvavanu, tiarikala, commission_status, process_date
        ) VALUES (
            '113614', '2000', 'LVLCOMM3', '65991.02954', '65992.62954', '1.6', '1174020', '2026-03-14 22:02:47', 0, '2026-03-15'
        )
2026-03-14 22:02:47 - Level3 - ✅ INSERT SUCCESSFUL
2026-03-14 22:02:47 - Level4 - ✅ INSERT SUCCESSFUL
2026-03-14 22:02:47 - Level5 - ✅ INSERT SUCCESSFUL
2026-03-14 22:02:47 - ========== COMMISSION.PHP ENDED ==========

2026-03-14 22:03:38 - ========== COMMISSION.PHP STARTED ==========
2026-03-14 22:03:38 - Bet amount: 1000, User ID: 1174020
2026-03-14 22:03:38 - Level commissions: L1=4, L2=2.5, L3=0.8, L4=0.1, L5=0.05, L6=0.02
2026-03-14 22:03:38 - Codes query: SELECT code, code1, code2, code3, code4, code5 FROM shonu_subjects WHERE id = '1174020'
2026-03-14 22:03:38 - Referral codes: code=609698113616, code1=587464113615, code2=551233113608, code3=400660113602, code4=116629030908, code5=official
2026-03-14 22:03:38 - Next process date: 2026-03-15
2026-03-14 22:03:38 - Level1 - Find upline query: SELECT id FROM shonu_subjects WHERE owncode = '609698113616'
2026-03-14 22:03:38 - Level1 - Upline found: 113616
2026-03-14 22:03:38 - Level1 - Insert query: INSERT INTO vyavahara (
            balakedara, ketebida, prakara, purba, bartaman, ayoga, koduvavanu, tiarikala, commission_status, process_date
        ) VALUES (
            '113616', '1000', 'LVLCOMM1', '61375.47756', '61379.47756', '4', '1174020', '2026-03-14 22:03:38', 0, '2026-03-15'
        )
2026-03-14 22:03:38 - Level1 - ✅ INSERT SUCCESSFUL
2026-03-14 22:03:38 - Level2 - Find upline query: SELECT id FROM shonu_subjects WHERE owncode = '587464113615'
2026-03-14 22:03:38 - Level2 - Upline found: 113615
2026-03-14 22:03:38 - Level2 - Insert query: INSERT INTO vyavahara (
            balakedara, ketebida, prakara, purba, bartaman, ayoga, koduvavanu, tiarikala, commission_status, process_date
        ) VALUES (
            '113615', '1000', 'LVLCOMM2', '577.43493', '579.93493', '2.5', '1174020', '2026-03-14 22:03:38', 0, '2026-03-15'
        )
2026-03-14 22:03:38 - Level2 - ✅ INSERT SUCCESSFUL
2026-03-14 22:03:38 - Level3 - Find upline query: SELECT id FROM shonu_subjects WHERE owncode = '551233113608'
2026-03-14 22:03:38 - Level3 - Upline found: 113614
2026-03-14 22:03:38 - Level3 - Insert query: INSERT INTO vyavahara (
            balakedara, ketebida, prakara, purba, bartaman, ayoga, koduvavanu, tiarikala, commission_status, process_date
        ) VALUES (
            '113614', '1000', 'LVLCOMM3', '65991.02954', '65991.82954', '0.8', '1174020', '2026-03-14 22:03:38', 0, '2026-03-15'
        )
2026-03-14 22:03:38 - Level3 - ✅ INSERT SUCCESSFUL
2026-03-14 22:03:38 - Level4 - ✅ INSERT SUCCESSFUL
2026-03-14 22:03:38 - Level5 - ✅ INSERT SUCCESSFUL
2026-03-14 22:03:38 - ========== COMMISSION.PHP ENDED ==========

2026-03-14 22:04:13 - ========== COMMISSION.PHP STARTED ==========
2026-03-14 22:04:13 - Bet amount: 1000, User ID: 1174020
2026-03-14 22:04:13 - Level commissions: L1=4, L2=2.5, L3=0.8, L4=0.1, L5=0.05, L6=0.02
2026-03-14 22:04:13 - Codes query: SELECT code, code1, code2, code3, code4, code5 FROM shonu_subjects WHERE id = '1174020'
2026-03-14 22:04:13 - Referral codes: code=609698113616, code1=587464113615, code2=551233113608, code3=400660113602, code4=116629030908, code5=official
2026-03-14 22:04:13 - Next process date: 2026-03-15
2026-03-14 22:04:13 - Level1 - Find upline query: SELECT id FROM shonu_subjects WHERE owncode = '609698113616'
2026-03-14 22:04:13 - Level1 - Upline found: 113616
2026-03-14 22:04:13 - Level1 - Insert query: INSERT INTO vyavahara (
            balakedara, ketebida, prakara, purba, bartaman, ayoga, koduvavanu, tiarikala, commission_status, process_date
        ) VALUES (
            '113616', '1000', 'LVLCOMM1', '61375.47756', '61379.47756', '4', '1174020', '2026-03-14 22:04:13', 0, '2026-03-15'
        )
2026-03-14 22:04:13 - Level1 - ✅ INSERT SUCCESSFUL
2026-03-14 22:04:13 - Level2 - Find upline query: SELECT id FROM shonu_subjects WHERE owncode = '587464113615'
2026-03-14 22:04:13 - Level2 - Upline found: 113615
2026-03-14 22:04:13 - Level2 - Insert query: INSERT INTO vyavahara (
            balakedara, ketebida, prakara, purba, bartaman, ayoga, koduvavanu, tiarikala, commission_status, process_date
        ) VALUES (
            '113615', '1000', 'LVLCOMM2', '577.43493', '579.93493', '2.5', '1174020', '2026-03-14 22:04:13', 0, '2026-03-15'
        )
2026-03-14 22:04:13 - Level2 - ✅ INSERT SUCCESSFUL
2026-03-14 22:04:13 - Level3 - Find upline query: SELECT id FROM shonu_subjects WHERE owncode = '551233113608'
2026-03-14 22:04:13 - Level3 - Upline found: 113614
2026-03-14 22:04:13 - Level3 - Insert query: INSERT INTO vyavahara (
            balakedara, ketebida, prakara, purba, bartaman, ayoga, koduvavanu, tiarikala, commission_status, process_date
        ) VALUES (
            '113614', '1000', 'LVLCOMM3', '65991.02954', '65991.82954', '0.8', '1174020', '2026-03-14 22:04:13', 0, '2026-03-15'
        )
2026-03-14 22:04:13 - Level3 - ✅ INSERT SUCCESSFUL
2026-03-14 22:04:13 - Level4 - ✅ INSERT SUCCESSFUL
2026-03-14 22:04:13 - Level5 - ✅ INSERT SUCCESSFUL
2026-03-14 22:04:13 - ========== COMMISSION.PHP ENDED ==========

2026-03-14 22:04:41 - ========== COMMISSION.PHP STARTED ==========
2026-03-14 22:04:41 - Bet amount: 2000, User ID: 1174020
2026-03-14 22:04:41 - Level commissions: L1=8, L2=5, L3=1.6, L4=0.2, L5=0.1, L6=0.04
2026-03-14 22:04:41 - Codes query: SELECT code, code1, code2, code3, code4, code5 FROM shonu_subjects WHERE id = '1174020'
2026-03-14 22:04:41 - Referral codes: code=609698113616, code1=587464113615, code2=551233113608, code3=400660113602, code4=116629030908, code5=official
2026-03-14 22:04:41 - Next process date: 2026-03-15
2026-03-14 22:04:41 - Level1 - Find upline query: SELECT id FROM shonu_subjects WHERE owncode = '609698113616'
2026-03-14 22:04:41 - Level1 - Upline found: 113616
2026-03-14 22:04:41 - Level1 - Insert query: INSERT INTO vyavahara (
            balakedara, ketebida, prakara, purba, bartaman, ayoga, koduvavanu, tiarikala, commission_status, process_date
        ) VALUES (
            '113616', '2000', 'LVLCOMM1', '61375.47756', '61383.47756', '8', '1174020', '2026-03-14 22:04:41', 0, '2026-03-15'
        )
2026-03-14 22:04:41 - Level1 - ✅ INSERT SUCCESSFUL
2026-03-14 22:04:41 - Level2 - Find upline query: SELECT id FROM shonu_subjects WHERE owncode = '587464113615'
2026-03-14 22:04:41 - Level2 - Upline found: 113615
2026-03-14 22:04:41 - Level2 - Insert query: INSERT INTO vyavahara (
            balakedara, ketebida, prakara, purba, bartaman, ayoga, koduvavanu, tiarikala, commission_status, process_date
        ) VALUES (
            '113615', '2000', 'LVLCOMM2', '577.43493', '582.43493', '5', '1174020', '2026-03-14 22:04:41', 0, '2026-03-15'
        )
2026-03-14 22:04:41 - Level2 - ✅ INSERT SUCCESSFUL
2026-03-14 22:04:41 - Level3 - Find upline query: SELECT id FROM shonu_subjects WHERE owncode = '551233113608'
2026-03-14 22:04:41 - Level3 - Upline found: 113614
2026-03-14 22:04:41 - Level3 - Insert query: INSERT INTO vyavahara (
            balakedara, ketebida, prakara, purba, bartaman, ayoga, koduvavanu, tiarikala, commission_status, process_date
        ) VALUES (
            '113614', '2000', 'LVLCOMM3', '65991.02954', '65992.62954', '1.6', '1174020', '2026-03-14 22:04:41', 0, '2026-03-15'
        )
2026-03-14 22:04:41 - Level3 - ✅ INSERT SUCCESSFUL
2026-03-14 22:04:41 - Level4 - ✅ INSERT SUCCESSFUL
2026-03-14 22:04:41 - Level5 - ✅ INSERT SUCCESSFUL
2026-03-14 22:04:41 - ========== COMMISSION.PHP ENDED ==========

2026-03-14 22:05:44 - ========== COMMISSION.PHP STARTED ==========
2026-03-14 22:05:44 - Bet amount: 1000, User ID: 1174020
2026-03-14 22:05:44 - Level commissions: L1=4, L2=2.5, L3=0.8, L4=0.1, L5=0.05, L6=0.02
2026-03-14 22:05:44 - Codes query: SELECT code, code1, code2, code3, code4, code5 FROM shonu_subjects WHERE id = '1174020'
2026-03-14 22:05:44 - Referral codes: code=609698113616, code1=587464113615, code2=551233113608, code3=400660113602, code4=116629030908, code5=official
2026-03-14 22:05:44 - Next process date: 2026-03-15
2026-03-14 22:05:44 - Level1 - Find upline query: SELECT id FROM shonu_subjects WHERE owncode = '609698113616'
2026-03-14 22:05:44 - Level1 - Upline found: 113616
2026-03-14 22:05:44 - Level1 - Insert query: INSERT INTO vyavahara (
            balakedara, ketebida, prakara, purba, bartaman, ayoga, koduvavanu, tiarikala, commission_status, process_date
        ) VALUES (
            '113616', '1000', 'LVLCOMM1', '61375.47756', '61379.47756', '4', '1174020', '2026-03-14 22:05:44', 0, '2026-03-15'
        )
2026-03-14 22:05:44 - Level1 - ✅ INSERT SUCCESSFUL
2026-03-14 22:05:44 - Level2 - Find upline query: SELECT id FROM shonu_subjects WHERE owncode = '587464113615'
2026-03-14 22:05:44 - Level2 - Upline found: 113615
2026-03-14 22:05:44 - Level2 - Insert query: INSERT INTO vyavahara (
            balakedara, ketebida, prakara, purba, bartaman, ayoga, koduvavanu, tiarikala, commission_status, process_date
        ) VALUES (
            '113615', '1000', 'LVLCOMM2', '577.43493', '579.93493', '2.5', '1174020', '2026-03-14 22:05:44', 0, '2026-03-15'
        )
2026-03-14 22:05:44 - Level2 - ✅ INSERT SUCCESSFUL
2026-03-14 22:05:44 - Level3 - Find upline query: SELECT id FROM shonu_subjects WHERE owncode = '551233113608'
2026-03-14 22:05:44 - Level3 - Upline found: 113614
2026-03-14 22:05:44 - Level3 - Insert query: INSERT INTO vyavahara (
            balakedara, ketebida, prakara, purba, bartaman, ayoga, koduvavanu, tiarikala, commission_status, process_date
        ) VALUES (
            '113614', '1000', 'LVLCOMM3', '65991.02954', '65991.82954', '0.8', '1174020', '2026-03-14 22:05:44', 0, '2026-03-15'
        )
2026-03-14 22:05:44 - Level3 - ✅ INSERT SUCCESSFUL
2026-03-14 22:05:44 - Level4 - ✅ INSERT SUCCESSFUL
2026-03-14 22:05:44 - Level5 - ✅ INSERT SUCCESSFUL
2026-03-14 22:05:44 - ========== COMMISSION.PHP ENDED ==========

2026-03-14 22:06:14 - ========== COMMISSION.PHP STARTED ==========
2026-03-14 22:06:14 - Bet amount: 1000, User ID: 1174020
2026-03-14 22:06:14 - Level commissions: L1=4, L2=2.5, L3=0.8, L4=0.1, L5=0.05, L6=0.02
2026-03-14 22:06:14 - Codes query: SELECT code, code1, code2, code3, code4, code5 FROM shonu_subjects WHERE id = '1174020'
2026-03-14 22:06:14 - Referral codes: code=609698113616, code1=587464113615, code2=551233113608, code3=400660113602, code4=116629030908, code5=official
2026-03-14 22:06:14 - Next process date: 2026-03-15
2026-03-14 22:06:14 - Level1 - Find upline query: SELECT id FROM shonu_subjects WHERE owncode = '609698113616'
2026-03-14 22:06:14 - Level1 - Upline found: 113616
2026-03-14 22:06:14 - Level1 - Insert query: INSERT INTO vyavahara (
            balakedara, ketebida, prakara, purba, bartaman, ayoga, koduvavanu, tiarikala, commission_status, process_date
        ) VALUES (
            '113616', '1000', 'LVLCOMM1', '61375.47756', '61379.47756', '4', '1174020', '2026-03-14 22:06:14', 0, '2026-03-15'
        )
2026-03-14 22:06:14 - Level1 - ✅ INSERT SUCCESSFUL
2026-03-14 22:06:14 - Level2 - Find upline query: SELECT id FROM shonu_subjects WHERE owncode = '587464113615'
2026-03-14 22:06:14 - Level2 - Upline found: 113615
2026-03-14 22:06:14 - Level2 - Insert query: INSERT INTO vyavahara (
            balakedara, ketebida, prakara, purba, bartaman, ayoga, koduvavanu, tiarikala, commission_status, process_date
        ) VALUES (
            '113615', '1000', 'LVLCOMM2', '577.43493', '579.93493', '2.5', '1174020', '2026-03-14 22:06:14', 0, '2026-03-15'
        )
2026-03-14 22:06:14 - Level2 - ✅ INSERT SUCCESSFUL
2026-03-14 22:06:14 - Level3 - Find upline query: SELECT id FROM shonu_subjects WHERE owncode = '551233113608'
2026-03-14 22:06:14 - Level3 - Upline found: 113614
2026-03-14 22:06:14 - Level3 - Insert query: INSERT INTO vyavahara (
            balakedara, ketebida, prakara, purba, bartaman, ayoga, koduvavanu, tiarikala, commission_status, process_date
        ) VALUES (
            '113614', '1000', 'LVLCOMM3', '65991.02954', '65991.82954', '0.8', '1174020', '2026-03-14 22:06:14', 0, '2026-03-15'
        )
2026-03-14 22:06:14 - Level3 - ✅ INSERT SUCCESSFUL
2026-03-14 22:06:14 - Level4 - ✅ INSERT SUCCESSFUL
2026-03-14 22:06:14 - Level5 - ✅ INSERT SUCCESSFUL
2026-03-14 22:06:14 - ========== COMMISSION.PHP ENDED ==========

2026-03-14 22:06:45 - ========== COMMISSION.PHP STARTED ==========
2026-03-14 22:06:45 - Bet amount: 3000, User ID: 1174020
2026-03-14 22:06:45 - Level commissions: L1=12, L2=7.5, L3=2.4, L4=0.3, L5=0.15, L6=0.06
2026-03-14 22:06:45 - Codes query: SELECT code, code1, code2, code3, code4, code5 FROM shonu_subjects WHERE id = '1174020'
2026-03-14 22:06:45 - Referral codes: code=609698113616, code1=587464113615, code2=551233113608, code3=400660113602, code4=116629030908, code5=official
2026-03-14 22:06:45 - Next process date: 2026-03-15
2026-03-14 22:06:45 - Level1 - Find upline query: SELECT id FROM shonu_subjects WHERE owncode = '609698113616'
2026-03-14 22:06:45 - Level1 - Upline found: 113616
2026-03-14 22:06:45 - Level1 - Insert query: INSERT INTO vyavahara (
            balakedara, ketebida, prakara, purba, bartaman, ayoga, koduvavanu, tiarikala, commission_status, process_date
        ) VALUES (
            '113616', '3000', 'LVLCOMM1', '61375.47756', '61387.47756', '12', '1174020', '2026-03-14 22:06:45', 0, '2026-03-15'
        )
2026-03-14 22:06:45 - Level1 - ✅ INSERT SUCCESSFUL
2026-03-14 22:06:45 - Level2 - Find upline query: SELECT id FROM shonu_subjects WHERE owncode = '587464113615'
2026-03-14 22:06:45 - Level2 - Upline found: 113615
2026-03-14 22:06:45 - Level2 - Insert query: INSERT INTO vyavahara (
            balakedara, ketebida, prakara, purba, bartaman, ayoga, koduvavanu, tiarikala, commission_status, process_date
        ) VALUES (
            '113615', '3000', 'LVLCOMM2', '577.43493', '584.93493', '7.5', '1174020', '2026-03-14 22:06:45', 0, '2026-03-15'
        )
2026-03-14 22:06:45 - Level2 - ✅ INSERT SUCCESSFUL
2026-03-14 22:06:45 - Level3 - Find upline query: SELECT id FROM shonu_subjects WHERE owncode = '551233113608'
2026-03-14 22:06:45 - Level3 - Upline found: 113614
2026-03-14 22:06:45 - Level3 - Insert query: INSERT INTO vyavahara (
            balakedara, ketebida, prakara, purba, bartaman, ayoga, koduvavanu, tiarikala, commission_status, process_date
        ) VALUES (
            '113614', '3000', 'LVLCOMM3', '65991.02954', '65993.42954', '2.4', '1174020', '2026-03-14 22:06:45', 0, '2026-03-15'
        )
2026-03-14 22:06:45 - Level3 - ✅ INSERT SUCCESSFUL
2026-03-14 22:06:45 - Level4 - ✅ INSERT SUCCESSFUL
2026-03-14 22:06:45 - Level5 - ✅ INSERT SUCCESSFUL
2026-03-14 22:06:45 - ========== COMMISSION.PHP ENDED ==========

2026-03-14 22:07:24 - ========== COMMISSION.PHP STARTED ==========
2026-03-14 22:07:24 - Bet amount: 3000, User ID: 1174020
2026-03-14 22:07:24 - Level commissions: L1=12, L2=7.5, L3=2.4, L4=0.3, L5=0.15, L6=0.06
2026-03-14 22:07:24 - Codes query: SELECT code, code1, code2, code3, code4, code5 FROM shonu_subjects WHERE id = '1174020'
2026-03-14 22:07:24 - Referral codes: code=609698113616, code1=587464113615, code2=551233113608, code3=400660113602, code4=116629030908, code5=official
2026-03-14 22:07:24 - Next process date: 2026-03-15
2026-03-14 22:07:24 - Level1 - Find upline query: SELECT id FROM shonu_subjects WHERE owncode = '609698113616'
2026-03-14 22:07:24 - Level1 - Upline found: 113616
2026-03-14 22:07:24 - Level1 - Insert query: INSERT INTO vyavahara (
            balakedara, ketebida, prakara, purba, bartaman, ayoga, koduvavanu, tiarikala, commission_status, process_date
        ) VALUES (
            '113616', '3000', 'LVLCOMM1', '61375.47756', '61387.47756', '12', '1174020', '2026-03-14 22:07:24', 0, '2026-03-15'
        )
2026-03-14 22:07:24 - Level1 - ✅ INSERT SUCCESSFUL
2026-03-14 22:07:24 - Level2 - Find upline query: SELECT id FROM shonu_subjects WHERE owncode = '587464113615'
2026-03-14 22:07:24 - Level2 - Upline found: 113615
2026-03-14 22:07:24 - Level2 - Insert query: INSERT INTO vyavahara (
            balakedara, ketebida, prakara, purba, bartaman, ayoga, koduvavanu, tiarikala, commission_status, process_date
        ) VALUES (
            '113615', '3000', 'LVLCOMM2', '577.43493', '584.93493', '7.5', '1174020', '2026-03-14 22:07:24', 0, '2026-03-15'
        )
2026-03-14 22:07:24 - Level2 - ✅ INSERT SUCCESSFUL
2026-03-14 22:07:24 - Level3 - Find upline query: SELECT id FROM shonu_subjects WHERE owncode = '551233113608'
2026-03-14 22:07:24 - Level3 - Upline found: 113614
2026-03-14 22:07:24 - Level3 - Insert query: INSERT INTO vyavahara (
            balakedara, ketebida, prakara, purba, bartaman, ayoga, koduvavanu, tiarikala, commission_status, process_date
        ) VALUES (
            '113614', '3000', 'LVLCOMM3', '65991.02954', '65993.42954', '2.4', '1174020', '2026-03-14 22:07:24', 0, '2026-03-15'
        )
2026-03-14 22:07:24 - Level3 - ✅ INSERT SUCCESSFUL
2026-03-14 22:07:24 - Level4 - ✅ INSERT SUCCESSFUL
2026-03-14 22:07:24 - Level5 - ✅ INSERT SUCCESSFUL
2026-03-14 22:07:24 - ========== COMMISSION.PHP ENDED ==========

2026-03-14 22:07:44 - ========== COMMISSION.PHP STARTED ==========
2026-03-14 22:07:44 - Bet amount: 3000, User ID: 1174020
2026-03-14 22:07:44 - Level commissions: L1=12, L2=7.5, L3=2.4, L4=0.3, L5=0.15, L6=0.06
2026-03-14 22:07:44 - Codes query: SELECT code, code1, code2, code3, code4, code5 FROM shonu_subjects WHERE id = '1174020'
2026-03-14 22:07:44 - Referral codes: code=609698113616, code1=587464113615, code2=551233113608, code3=400660113602, code4=116629030908, code5=official
2026-03-14 22:07:44 - Next process date: 2026-03-15
2026-03-14 22:07:44 - Level1 - Find upline query: SELECT id FROM shonu_subjects WHERE owncode = '609698113616'
2026-03-14 22:07:44 - Level1 - Upline found: 113616
2026-03-14 22:07:44 - Level1 - Insert query: INSERT INTO vyavahara (
            balakedara, ketebida, prakara, purba, bartaman, ayoga, koduvavanu, tiarikala, commission_status, process_date
        ) VALUES (
            '113616', '3000', 'LVLCOMM1', '61375.47756', '61387.47756', '12', '1174020', '2026-03-14 22:07:44', 0, '2026-03-15'
        )
2026-03-14 22:07:44 - Level1 - ✅ INSERT SUCCESSFUL
2026-03-14 22:07:44 - Level2 - Find upline query: SELECT id FROM shonu_subjects WHERE owncode = '587464113615'
2026-03-14 22:07:44 - Level2 - Upline found: 113615
2026-03-14 22:07:44 - Level2 - Insert query: INSERT INTO vyavahara (
            balakedara, ketebida, prakara, purba, bartaman, ayoga, koduvavanu, tiarikala, commission_status, process_date
        ) VALUES (
            '113615', '3000', 'LVLCOMM2', '577.43493', '584.93493', '7.5', '1174020', '2026-03-14 22:07:44', 0, '2026-03-15'
        )
2026-03-14 22:07:44 - Level2 - ✅ INSERT SUCCESSFUL
2026-03-14 22:07:44 - Level3 - Find upline query: SELECT id FROM shonu_subjects WHERE owncode = '551233113608'
2026-03-14 22:07:44 - Level3 - Upline found: 113614
2026-03-14 22:07:44 - Level3 - Insert query: INSERT INTO vyavahara (
            balakedara, ketebida, prakara, purba, bartaman, ayoga, koduvavanu, tiarikala, commission_status, process_date
        ) VALUES (
            '113614', '3000', 'LVLCOMM3', '65991.02954', '65993.42954', '2.4', '1174020', '2026-03-14 22:07:44', 0, '2026-03-15'
        )
2026-03-14 22:07:44 - Level3 - ✅ INSERT SUCCESSFUL
2026-03-14 22:07:44 - Level4 - ✅ INSERT SUCCESSFUL
2026-03-14 22:07:44 - Level5 - ✅ INSERT SUCCESSFUL
2026-03-14 22:07:44 - ========== COMMISSION.PHP ENDED ==========

2026-03-14 22:08:14 - ========== COMMISSION.PHP STARTED ==========
2026-03-14 22:08:14 - Bet amount: 1000, User ID: 1174020
2026-03-14 22:08:14 - Level commissions: L1=4, L2=2.5, L3=0.8, L4=0.1, L5=0.05, L6=0.02
2026-03-14 22:08:14 - Codes query: SELECT code, code1, code2, code3, code4, code5 FROM shonu_subjects WHERE id = '1174020'
2026-03-14 22:08:14 - Referral codes: code=609698113616, code1=587464113615, code2=551233113608, code3=400660113602, code4=116629030908, code5=official
2026-03-14 22:08:14 - Next process date: 2026-03-15
2026-03-14 22:08:14 - Level1 - Find upline query: SELECT id FROM shonu_subjects WHERE owncode = '609698113616'
2026-03-14 22:08:14 - Level1 - Upline found: 113616
2026-03-14 22:08:14 - Level1 - Insert query: INSERT INTO vyavahara (
            balakedara, ketebida, prakara, purba, bartaman, ayoga, koduvavanu, tiarikala, commission_status, process_date
        ) VALUES (
            '113616', '1000', 'LVLCOMM1', '61375.47756', '61379.47756', '4', '1174020', '2026-03-14 22:08:14', 0, '2026-03-15'
        )
2026-03-14 22:08:14 - Level1 - ✅ INSERT SUCCESSFUL
2026-03-14 22:08:14 - Level2 - Find upline query: SELECT id FROM shonu_subjects WHERE owncode = '587464113615'
2026-03-14 22:08:14 - Level2 - Upline found: 113615
2026-03-14 22:08:14 - Level2 - Insert query: INSERT INTO vyavahara (
            balakedara, ketebida, prakara, purba, bartaman, ayoga, koduvavanu, tiarikala, commission_status, process_date
        ) VALUES (
            '113615', '1000', 'LVLCOMM2', '577.43493', '579.93493', '2.5', '1174020', '2026-03-14 22:08:14', 0, '2026-03-15'
        )
2026-03-14 22:08:14 - Level2 - ✅ INSERT SUCCESSFUL
2026-03-14 22:08:14 - Level3 - Find upline query: SELECT id FROM shonu_subjects WHERE owncode = '551233113608'
2026-03-14 22:08:14 - Level3 - Upline found: 113614
2026-03-14 22:08:14 - Level3 - Insert query: INSERT INTO vyavahara (
            balakedara, ketebida, prakara, purba, bartaman, ayoga, koduvavanu, tiarikala, commission_status, process_date
        ) VALUES (
            '113614', '1000', 'LVLCOMM3', '65991.02954', '65991.82954', '0.8', '1174020', '2026-03-14 22:08:14', 0, '2026-03-15'
        )
2026-03-14 22:08:14 - Level3 - ✅ INSERT SUCCESSFUL
2026-03-14 22:08:14 - Level4 - ✅ INSERT SUCCESSFUL
2026-03-14 22:08:14 - Level5 - ✅ INSERT SUCCESSFUL
2026-03-14 22:08:14 - ========== COMMISSION.PHP ENDED ==========

2026-03-14 22:10:08 - ========== COMMISSION.PHP STARTED ==========
2026-03-14 22:10:08 - Bet amount: 1000, User ID: 1174020
2026-03-14 22:10:08 - Level commissions: L1=4, L2=2.5, L3=0.8, L4=0.1, L5=0.05, L6=0.02
2026-03-14 22:10:08 - Codes query: SELECT code, code1, code2, code3, code4, code5 FROM shonu_subjects WHERE id = '1174020'
2026-03-14 22:10:08 - Referral codes: code=609698113616, code1=587464113615, code2=551233113608, code3=400660113602, code4=116629030908, code5=official
2026-03-14 22:10:08 - Next process date: 2026-03-15
2026-03-14 22:10:08 - Level1 - Find upline query: SELECT id FROM shonu_subjects WHERE owncode = '609698113616'
2026-03-14 22:10:08 - Level1 - Upline found: 113616
2026-03-14 22:10:08 - Level1 - Insert query: INSERT INTO vyavahara (
            balakedara, ketebida, prakara, purba, bartaman, ayoga, koduvavanu, tiarikala, commission_status, process_date
        ) VALUES (
            '113616', '1000', 'LVLCOMM1', '61375.47756', '61379.47756', '4', '1174020', '2026-03-14 22:10:08', 0, '2026-03-15'
        )
2026-03-14 22:10:08 - Level1 - ✅ INSERT SUCCESSFUL
2026-03-14 22:10:08 - Level2 - Find upline query: SELECT id FROM shonu_subjects WHERE owncode = '587464113615'
2026-03-14 22:10:08 - Level2 - Upline found: 113615
2026-03-14 22:10:08 - Level2 - Insert query: INSERT INTO vyavahara (
            balakedara, ketebida, prakara, purba, bartaman, ayoga, koduvavanu, tiarikala, commission_status, process_date
        ) VALUES (
            '113615', '1000', 'LVLCOMM2', '577.43493', '579.93493', '2.5', '1174020', '2026-03-14 22:10:08', 0, '2026-03-15'
        )
2026-03-14 22:10:08 - Level2 - ✅ INSERT SUCCESSFUL
2026-03-14 22:10:08 - Level3 - Find upline query: SELECT id FROM shonu_subjects WHERE owncode = '551233113608'
2026-03-14 22:10:08 - Level3 - Upline found: 113614
2026-03-14 22:10:08 - Level3 - Insert query: INSERT INTO vyavahara (
            balakedara, ketebida, prakara, purba, bartaman, ayoga, koduvavanu, tiarikala, commission_status, process_date
        ) VALUES (
            '113614', '1000', 'LVLCOMM3', '65991.02954', '65991.82954', '0.8', '1174020', '2026-03-14 22:10:08', 0, '2026-03-15'
        )
2026-03-14 22:10:08 - Level3 - ✅ INSERT SUCCESSFUL
2026-03-14 22:10:08 - Level4 - ✅ INSERT SUCCESSFUL
2026-03-14 22:10:08 - Level5 - ✅ INSERT SUCCESSFUL
2026-03-14 22:10:08 - ========== COMMISSION.PHP ENDED ==========

2026-03-14 22:10:44 - ========== COMMISSION.PHP STARTED ==========
2026-03-14 22:10:44 - Bet amount: 2000, User ID: 1174020
2026-03-14 22:10:44 - Level commissions: L1=8, L2=5, L3=1.6, L4=0.2, L5=0.1, L6=0.04
2026-03-14 22:10:44 - Codes query: SELECT code, code1, code2, code3, code4, code5 FROM shonu_subjects WHERE id = '1174020'
2026-03-14 22:10:44 - Referral codes: code=609698113616, code1=587464113615, code2=551233113608, code3=400660113602, code4=116629030908, code5=official
2026-03-14 22:10:44 - Next process date: 2026-03-15
2026-03-14 22:10:44 - Level1 - Find upline query: SELECT id FROM shonu_subjects WHERE owncode = '609698113616'
2026-03-14 22:10:44 - Level1 - Upline found: 113616
2026-03-14 22:10:44 - Level1 - Insert query: INSERT INTO vyavahara (
            balakedara, ketebida, prakara, purba, bartaman, ayoga, koduvavanu, tiarikala, commission_status, process_date
        ) VALUES (
            '113616', '2000', 'LVLCOMM1', '61375.47756', '61383.47756', '8', '1174020', '2026-03-14 22:10:44', 0, '2026-03-15'
        )
2026-03-14 22:10:44 - Level1 - ✅ INSERT SUCCESSFUL
2026-03-14 22:10:44 - Level2 - Find upline query: SELECT id FROM shonu_subjects WHERE owncode = '587464113615'
2026-03-14 22:10:44 - Level2 - Upline found: 113615
2026-03-14 22:10:44 - Level2 - Insert query: INSERT INTO vyavahara (
            balakedara, ketebida, prakara, purba, bartaman, ayoga, koduvavanu, tiarikala, commission_status, process_date
        ) VALUES (
            '113615', '2000', 'LVLCOMM2', '577.43493', '582.43493', '5', '1174020', '2026-03-14 22:10:44', 0, '2026-03-15'
        )
2026-03-14 22:10:44 - Level2 - ✅ INSERT SUCCESSFUL
2026-03-14 22:10:44 - Level3 - Find upline query: SELECT id FROM shonu_subjects WHERE owncode = '551233113608'
2026-03-14 22:10:44 - Level3 - Upline found: 113614
2026-03-14 22:10:44 - Level3 - Insert query: INSERT INTO vyavahara (
            balakedara, ketebida, prakara, purba, bartaman, ayoga, koduvavanu, tiarikala, commission_status, process_date
        ) VALUES (
            '113614', '2000', 'LVLCOMM3', '65991.02954', '65992.62954', '1.6', '1174020', '2026-03-14 22:10:44', 0, '2026-03-15'
        )
2026-03-14 22:10:44 - Level3 - ✅ INSERT SUCCESSFUL
2026-03-14 22:10:44 - Level4 - ✅ INSERT SUCCESSFUL
2026-03-14 22:10:44 - Level5 - ✅ INSERT SUCCESSFUL
2026-03-14 22:10:44 - ========== COMMISSION.PHP ENDED ==========

2026-03-14 22:11:21 - ========== COMMISSION.PHP STARTED ==========
2026-03-14 22:11:21 - Bet amount: 1000, User ID: 1174020
2026-03-14 22:11:21 - Level commissions: L1=4, L2=2.5, L3=0.8, L4=0.1, L5=0.05, L6=0.02
2026-03-14 22:11:21 - Codes query: SELECT code, code1, code2, code3, code4, code5 FROM shonu_subjects WHERE id = '1174020'
2026-03-14 22:11:21 - Referral codes: code=609698113616, code1=587464113615, code2=551233113608, code3=400660113602, code4=116629030908, code5=official
2026-03-14 22:11:21 - Next process date: 2026-03-15
2026-03-14 22:11:21 - Level1 - Find upline query: SELECT id FROM shonu_subjects WHERE owncode = '609698113616'
2026-03-14 22:11:21 - Level1 - Upline found: 113616
2026-03-14 22:11:21 - Level1 - Insert query: INSERT INTO vyavahara (
            balakedara, ketebida, prakara, purba, bartaman, ayoga, koduvavanu, tiarikala, commission_status, process_date
        ) VALUES (
            '113616', '1000', 'LVLCOMM1', '61375.47756', '61379.47756', '4', '1174020', '2026-03-14 22:11:21', 0, '2026-03-15'
        )
2026-03-14 22:11:21 - Level1 - ✅ INSERT SUCCESSFUL
2026-03-14 22:11:21 - Level2 - Find upline query: SELECT id FROM shonu_subjects WHERE owncode = '587464113615'
2026-03-14 22:11:21 - Level2 - Upline found: 113615
2026-03-14 22:11:21 - Level2 - Insert query: INSERT INTO vyavahara (
            balakedara, ketebida, prakara, purba, bartaman, ayoga, koduvavanu, tiarikala, commission_status, process_date
        ) VALUES (
            '113615', '1000', 'LVLCOMM2', '577.43493', '579.93493', '2.5', '1174020', '2026-03-14 22:11:21', 0, '2026-03-15'
        )
2026-03-14 22:11:21 - Level2 - ✅ INSERT SUCCESSFUL
2026-03-14 22:11:21 - Level3 - Find upline query: SELECT id FROM shonu_subjects WHERE owncode = '551233113608'
2026-03-14 22:11:21 - Level3 - Upline found: 113614
2026-03-14 22:11:21 - Level3 - Insert query: INSERT INTO vyavahara (
            balakedara, ketebida, prakara, purba, bartaman, ayoga, koduvavanu, tiarikala, commission_status, process_date
        ) VALUES (
            '113614', '1000', 'LVLCOMM3', '65991.02954', '65991.82954', '0.8', '1174020', '2026-03-14 22:11:21', 0, '2026-03-15'
        )
2026-03-14 22:11:21 - Level3 - ✅ INSERT SUCCESSFUL
2026-03-14 22:11:21 - Level4 - ✅ INSERT SUCCESSFUL
2026-03-14 22:11:21 - Level5 - ✅ INSERT SUCCESSFUL
2026-03-14 22:11:21 - ========== COMMISSION.PHP ENDED ==========

2026-03-14 22:11:43 - ========== COMMISSION.PHP STARTED ==========
2026-03-14 22:11:43 - Bet amount: 3000, User ID: 1174020
2026-03-14 22:11:43 - Level commissions: L1=12, L2=7.5, L3=2.4, L4=0.3, L5=0.15, L6=0.06
2026-03-14 22:11:43 - Codes query: SELECT code, code1, code2, code3, code4, code5 FROM shonu_subjects WHERE id = '1174020'
2026-03-14 22:11:43 - Referral codes: code=609698113616, code1=587464113615, code2=551233113608, code3=400660113602, code4=116629030908, code5=official
2026-03-14 22:11:43 - Next process date: 2026-03-15
2026-03-14 22:11:43 - Level1 - Find upline query: SELECT id FROM shonu_subjects WHERE owncode = '609698113616'
2026-03-14 22:11:43 - Level1 - Upline found: 113616
2026-03-14 22:11:43 - Level1 - Insert query: INSERT INTO vyavahara (
            balakedara, ketebida, prakara, purba, bartaman, ayoga, koduvavanu, tiarikala, commission_status, process_date
        ) VALUES (
            '113616', '3000', 'LVLCOMM1', '61375.47756', '61387.47756', '12', '1174020', '2026-03-14 22:11:43', 0, '2026-03-15'
        )
2026-03-14 22:11:43 - Level1 - ✅ INSERT SUCCESSFUL
2026-03-14 22:11:43 - Level2 - Find upline query: SELECT id FROM shonu_subjects WHERE owncode = '587464113615'
2026-03-14 22:11:43 - Level2 - Upline found: 113615
2026-03-14 22:11:43 - Level2 - Insert query: INSERT INTO vyavahara (
            balakedara, ketebida, prakara, purba, bartaman, ayoga, koduvavanu, tiarikala, commission_status, process_date
        ) VALUES (
            '113615', '3000', 'LVLCOMM2', '577.43493', '584.93493', '7.5', '1174020', '2026-03-14 22:11:43', 0, '2026-03-15'
        )
2026-03-14 22:11:43 - Level2 - ✅ INSERT SUCCESSFUL
2026-03-14 22:11:43 - Level3 - Find upline query: SELECT id FROM shonu_subjects WHERE owncode = '551233113608'
2026-03-14 22:11:43 - Level3 - Upline found: 113614
2026-03-14 22:11:43 - Level3 - Insert query: INSERT INTO vyavahara (
            balakedara, ketebida, prakara, purba, bartaman, ayoga, koduvavanu, tiarikala, commission_status, process_date
        ) VALUES (
            '113614', '3000', 'LVLCOMM3', '65991.02954', '65993.42954', '2.4', '1174020', '2026-03-14 22:11:43', 0, '2026-03-15'
        )
2026-03-14 22:11:43 - Level3 - ✅ INSERT SUCCESSFUL
2026-03-14 22:11:43 - Level4 - ✅ INSERT SUCCESSFUL
2026-03-14 22:11:43 - Level5 - ✅ INSERT SUCCESSFUL
2026-03-14 22:11:43 - ========== COMMISSION.PHP ENDED ==========

2026-03-14 22:12:11 - ========== COMMISSION.PHP STARTED ==========
2026-03-14 22:12:11 - Bet amount: 3000, User ID: 1174020
2026-03-14 22:12:11 - Level commissions: L1=12, L2=7.5, L3=2.4, L4=0.3, L5=0.15, L6=0.06
2026-03-14 22:12:11 - Codes query: SELECT code, code1, code2, code3, code4, code5 FROM shonu_subjects WHERE id = '1174020'
2026-03-14 22:12:11 - Referral codes: code=609698113616, code1=587464113615, code2=551233113608, code3=400660113602, code4=116629030908, code5=official
2026-03-14 22:12:11 - Next process date: 2026-03-15
2026-03-14 22:12:11 - Level1 - Find upline query: SELECT id FROM shonu_subjects WHERE owncode = '609698113616'
2026-03-14 22:12:11 - Level1 - Upline found: 113616
2026-03-14 22:12:11 - Level1 - Insert query: INSERT INTO vyavahara (
            balakedara, ketebida, prakara, purba, bartaman, ayoga, koduvavanu, tiarikala, commission_status, process_date
        ) VALUES (
            '113616', '3000', 'LVLCOMM1', '61375.47756', '61387.47756', '12', '1174020', '2026-03-14 22:12:11', 0, '2026-03-15'
        )
2026-03-14 22:12:11 - Level1 - ✅ INSERT SUCCESSFUL
2026-03-14 22:12:11 - Level2 - Find upline query: SELECT id FROM shonu_subjects WHERE owncode = '587464113615'
2026-03-14 22:12:11 - Level2 - Upline found: 113615
2026-03-14 22:12:11 - Level2 - Insert query: INSERT INTO vyavahara (
            balakedara, ketebida, prakara, purba, bartaman, ayoga, koduvavanu, tiarikala, commission_status, process_date
        ) VALUES (
            '113615', '3000', 'LVLCOMM2', '577.43493', '584.93493', '7.5', '1174020', '2026-03-14 22:12:11', 0, '2026-03-15'
        )
2026-03-14 22:12:11 - Level2 - ✅ INSERT SUCCESSFUL
2026-03-14 22:12:11 - Level3 - Find upline query: SELECT id FROM shonu_subjects WHERE owncode = '551233113608'
2026-03-14 22:12:11 - Level3 - Upline found: 113614
2026-03-14 22:12:11 - Level3 - Insert query: INSERT INTO vyavahara (
            balakedara, ketebida, prakara, purba, bartaman, ayoga, koduvavanu, tiarikala, commission_status, process_date
        ) VALUES (
            '113614', '3000', 'LVLCOMM3', '65991.02954', '65993.42954', '2.4', '1174020', '2026-03-14 22:12:11', 0, '2026-03-15'
        )
2026-03-14 22:12:11 - Level3 - ✅ INSERT SUCCESSFUL
2026-03-14 22:12:11 - Level4 - ✅ INSERT SUCCESSFUL
2026-03-14 22:12:11 - Level5 - ✅ INSERT SUCCESSFUL
2026-03-14 22:12:11 - ========== COMMISSION.PHP ENDED ==========

2026-03-14 22:12:41 - ========== COMMISSION.PHP STARTED ==========
2026-03-14 22:12:41 - Bet amount: 3000, User ID: 1174020
2026-03-14 22:12:41 - Level commissions: L1=12, L2=7.5, L3=2.4, L4=0.3, L5=0.15, L6=0.06
2026-03-14 22:12:41 - Codes query: SELECT code, code1, code2, code3, code4, code5 FROM shonu_subjects WHERE id = '1174020'
2026-03-14 22:12:41 - Referral codes: code=609698113616, code1=587464113615, code2=551233113608, code3=400660113602, code4=116629030908, code5=official
2026-03-14 22:12:41 - Next process date: 2026-03-15
2026-03-14 22:12:41 - Level1 - Find upline query: SELECT id FROM shonu_subjects WHERE owncode = '609698113616'
2026-03-14 22:12:41 - Level1 - Upline found: 113616
2026-03-14 22:12:41 - Level1 - Insert query: INSERT INTO vyavahara (
            balakedara, ketebida, prakara, purba, bartaman, ayoga, koduvavanu, tiarikala, commission_status, process_date
        ) VALUES (
            '113616', '3000', 'LVLCOMM1', '61375.47756', '61387.47756', '12', '1174020', '2026-03-14 22:12:41', 0, '2026-03-15'
        )
2026-03-14 22:12:41 - Level1 - ✅ INSERT SUCCESSFUL
2026-03-14 22:12:41 - Level2 - Find upline query: SELECT id FROM shonu_subjects WHERE owncode = '587464113615'
2026-03-14 22:12:41 - Level2 - Upline found: 113615
2026-03-14 22:12:41 - Level2 - Insert query: INSERT INTO vyavahara (
            balakedara, ketebida, prakara, purba, bartaman, ayoga, koduvavanu, tiarikala, commission_status, process_date
        ) VALUES (
            '113615', '3000', 'LVLCOMM2', '577.43493', '584.93493', '7.5', '1174020', '2026-03-14 22:12:41', 0, '2026-03-15'
        )
2026-03-14 22:12:41 - Level2 - ✅ INSERT SUCCESSFUL
2026-03-14 22:12:41 - Level3 - Find upline query: SELECT id FROM shonu_subjects WHERE owncode = '551233113608'
2026-03-14 22:12:41 - Level3 - Upline found: 113614
2026-03-14 22:12:41 - Level3 - Insert query: INSERT INTO vyavahara (
            balakedara, ketebida, prakara, purba, bartaman, ayoga, koduvavanu, tiarikala, commission_status, process_date
        ) VALUES (
            '113614', '3000', 'LVLCOMM3', '65991.02954', '65993.42954', '2.4', '1174020', '2026-03-14 22:12:41', 0, '2026-03-15'
        )
2026-03-14 22:12:41 - Level3 - ✅ INSERT SUCCESSFUL
2026-03-14 22:12:41 - Level4 - ✅ INSERT SUCCESSFUL
2026-03-14 22:12:41 - Level5 - ✅ INSERT SUCCESSFUL
2026-03-14 22:12:41 - ========== COMMISSION.PHP ENDED ==========

2026-03-14 22:14:23 - ========== COMMISSION.PHP STARTED ==========
2026-03-14 22:14:23 - Bet amount: 2000, User ID: 1174020
2026-03-14 22:14:23 - Level commissions: L1=8, L2=5, L3=1.6, L4=0.2, L5=0.1, L6=0.04
2026-03-14 22:14:23 - Codes query: SELECT code, code1, code2, code3, code4, code5 FROM shonu_subjects WHERE id = '1174020'
2026-03-14 22:14:23 - Referral codes: code=609698113616, code1=587464113615, code2=551233113608, code3=400660113602, code4=116629030908, code5=official
2026-03-14 22:14:23 - Next process date: 2026-03-15
2026-03-14 22:14:23 - Level1 - Find upline query: SELECT id FROM shonu_subjects WHERE owncode = '609698113616'
2026-03-14 22:14:23 - Level1 - Upline found: 113616
2026-03-14 22:14:23 - Level1 - Insert query: INSERT INTO vyavahara (
            balakedara, ketebida, prakara, purba, bartaman, ayoga, koduvavanu, tiarikala, commission_status, process_date
        ) VALUES (
            '113616', '2000', 'LVLCOMM1', '61375.47756', '61383.47756', '8', '1174020', '2026-03-14 22:14:23', 0, '2026-03-15'
        )
2026-03-14 22:14:23 - Level1 - ✅ INSERT SUCCESSFUL
2026-03-14 22:14:23 - Level2 - Find upline query: SELECT id FROM shonu_subjects WHERE owncode = '587464113615'
2026-03-14 22:14:23 - Level2 - Upline found: 113615
2026-03-14 22:14:23 - Level2 - Insert query: INSERT INTO vyavahara (
            balakedara, ketebida, prakara, purba, bartaman, ayoga, koduvavanu, tiarikala, commission_status, process_date
        ) VALUES (
            '113615', '2000', 'LVLCOMM2', '577.43493', '582.43493', '5', '1174020', '2026-03-14 22:14:23', 0, '2026-03-15'
        )
2026-03-14 22:14:23 - Level2 - ✅ INSERT SUCCESSFUL
2026-03-14 22:14:23 - Level3 - Find upline query: SELECT id FROM shonu_subjects WHERE owncode = '551233113608'
2026-03-14 22:14:23 - Level3 - Upline found: 113614
2026-03-14 22:14:23 - Level3 - Insert query: INSERT INTO vyavahara (
            balakedara, ketebida, prakara, purba, bartaman, ayoga, koduvavanu, tiarikala, commission_status, process_date
        ) VALUES (
            '113614', '2000', 'LVLCOMM3', '65991.02954', '65992.62954', '1.6', '1174020', '2026-03-14 22:14:23', 0, '2026-03-15'
        )
2026-03-14 22:14:23 - Level3 - ✅ INSERT SUCCESSFUL
2026-03-14 22:14:23 - Level4 - ✅ INSERT SUCCESSFUL
2026-03-14 22:14:23 - Level5 - ✅ INSERT SUCCESSFUL
2026-03-14 22:14:23 - ========== COMMISSION.PHP ENDED ==========

2026-03-14 22:14:42 - ========== COMMISSION.PHP STARTED ==========
2026-03-14 22:14:42 - Bet amount: 1000, User ID: 1174020
2026-03-14 22:14:42 - Level commissions: L1=4, L2=2.5, L3=0.8, L4=0.1, L5=0.05, L6=0.02
2026-03-14 22:14:42 - Codes query: SELECT code, code1, code2, code3, code4, code5 FROM shonu_subjects WHERE id = '1174020'
2026-03-14 22:14:42 - Referral codes: code=609698113616, code1=587464113615, code2=551233113608, code3=400660113602, code4=116629030908, code5=official
2026-03-14 22:14:42 - Next process date: 2026-03-15
2026-03-14 22:14:42 - Level1 - Find upline query: SELECT id FROM shonu_subjects WHERE owncode = '609698113616'
2026-03-14 22:14:42 - Level1 - Upline found: 113616
2026-03-14 22:14:42 - Level1 - Insert query: INSERT INTO vyavahara (
            balakedara, ketebida, prakara, purba, bartaman, ayoga, koduvavanu, tiarikala, commission_status, process_date
        ) VALUES (
            '113616', '1000', 'LVLCOMM1', '61375.47756', '61379.47756', '4', '1174020', '2026-03-14 22:14:42', 0, '2026-03-15'
        )
2026-03-14 22:14:42 - Level1 - ✅ INSERT SUCCESSFUL
2026-03-14 22:14:42 - Level2 - Find upline query: SELECT id FROM shonu_subjects WHERE owncode = '587464113615'
2026-03-14 22:14:42 - Level2 - Upline found: 113615
2026-03-14 22:14:42 - Level2 - Insert query: INSERT INTO vyavahara (
            balakedara, ketebida, prakara, purba, bartaman, ayoga, koduvavanu, tiarikala, commission_status, process_date
        ) VALUES (
            '113615', '1000', 'LVLCOMM2', '577.43493', '579.93493', '2.5', '1174020', '2026-03-14 22:14:42', 0, '2026-03-15'
        )
2026-03-14 22:14:42 - Level2 - ✅ INSERT SUCCESSFUL
2026-03-14 22:14:42 - Level3 - Find upline query: SELECT id FROM shonu_subjects WHERE owncode = '551233113608'
2026-03-14 22:14:42 - Level3 - Upline found: 113614
2026-03-14 22:14:42 - Level3 - Insert query: INSERT INTO vyavahara (
            balakedara, ketebida, prakara, purba, bartaman, ayoga, koduvavanu, tiarikala, commission_status, process_date
        ) VALUES (
            '113614', '1000', 'LVLCOMM3', '65991.02954', '65991.82954', '0.8', '1174020', '2026-03-14 22:14:42', 0, '2026-03-15'
        )
2026-03-14 22:14:42 - Level3 - ✅ INSERT SUCCESSFUL
2026-03-14 22:14:42 - Level4 - ✅ INSERT SUCCESSFUL
2026-03-14 22:14:42 - Level5 - ✅ INSERT SUCCESSFUL
2026-03-14 22:14:42 - ========== COMMISSION.PHP ENDED ==========

2026-03-14 22:15:10 - ========== COMMISSION.PHP STARTED ==========
2026-03-14 22:15:10 - Bet amount: 2000, User ID: 1174020
2026-03-14 22:15:10 - Level commissions: L1=8, L2=5, L3=1.6, L4=0.2, L5=0.1, L6=0.04
2026-03-14 22:15:10 - Codes query: SELECT code, code1, code2, code3, code4, code5 FROM shonu_subjects WHERE id = '1174020'
2026-03-14 22:15:10 - Referral codes: code=609698113616, code1=587464113615, code2=551233113608, code3=400660113602, code4=116629030908, code5=official
2026-03-14 22:15:10 - Next process date: 2026-03-15
2026-03-14 22:15:10 - Level1 - Find upline query: SELECT id FROM shonu_subjects WHERE owncode = '609698113616'
2026-03-14 22:15:10 - Level1 - Upline found: 113616
2026-03-14 22:15:10 - Level1 - Insert query: INSERT INTO vyavahara (
            balakedara, ketebida, prakara, purba, bartaman, ayoga, koduvavanu, tiarikala, commission_status, process_date
        ) VALUES (
            '113616', '2000', 'LVLCOMM1', '61375.47756', '61383.47756', '8', '1174020', '2026-03-14 22:15:10', 0, '2026-03-15'
        )
2026-03-14 22:15:10 - Level1 - ✅ INSERT SUCCESSFUL
2026-03-14 22:15:10 - Level2 - Find upline query: SELECT id FROM shonu_subjects WHERE owncode = '587464113615'
2026-03-14 22:15:10 - Level2 - Upline found: 113615
2026-03-14 22:15:10 - Level2 - Insert query: INSERT INTO vyavahara (
            balakedara, ketebida, prakara, purba, bartaman, ayoga, koduvavanu, tiarikala, commission_status, process_date
        ) VALUES (
            '113615', '2000', 'LVLCOMM2', '577.43493', '582.43493', '5', '1174020', '2026-03-14 22:15:10', 0, '2026-03-15'
        )
2026-03-14 22:15:10 - Level2 - ✅ INSERT SUCCESSFUL
2026-03-14 22:15:10 - Level3 - Find upline query: SELECT id FROM shonu_subjects WHERE owncode = '551233113608'
2026-03-14 22:15:10 - Level3 - Upline found: 113614
2026-03-14 22:15:10 - Level3 - Insert query: INSERT INTO vyavahara (
            balakedara, ketebida, prakara, purba, bartaman, ayoga, koduvavanu, tiarikala, commission_status, process_date
        ) VALUES (
            '113614', '2000', 'LVLCOMM3', '65991.02954', '65992.62954', '1.6', '1174020', '2026-03-14 22:15:10', 0, '2026-03-15'
        )
2026-03-14 22:15:10 - Level3 - ✅ INSERT SUCCESSFUL
2026-03-14 22:15:10 - Level4 - ✅ INSERT SUCCESSFUL
2026-03-14 22:15:10 - Level5 - ✅ INSERT SUCCESSFUL
2026-03-14 22:15:10 - ========== COMMISSION.PHP ENDED ==========

2026-03-14 22:17:49 - ========== COMMISSION.PHP STARTED ==========
2026-03-14 22:17:49 - Bet amount: 1000, User ID: 1174020
2026-03-14 22:17:49 - Level commissions: L1=4, L2=2.5, L3=0.8, L4=0.1, L5=0.05, L6=0.02
2026-03-14 22:17:49 - Codes query: SELECT code, code1, code2, code3, code4, code5 FROM shonu_subjects WHERE id = '1174020'
2026-03-14 22:17:49 - Referral codes: code=609698113616, code1=587464113615, code2=551233113608, code3=400660113602, code4=116629030908, code5=official
2026-03-14 22:17:49 - Next process date: 2026-03-15
2026-03-14 22:17:49 - Level1 - Find upline query: SELECT id FROM shonu_subjects WHERE owncode = '609698113616'
2026-03-14 22:17:49 - Level1 - Upline found: 113616
2026-03-14 22:17:49 - Level1 - Insert query: INSERT INTO vyavahara (
            balakedara, ketebida, prakara, purba, bartaman, ayoga, koduvavanu, tiarikala, commission_status, process_date
        ) VALUES (
            '113616', '1000', 'LVLCOMM1', '61375.47756', '61379.47756', '4', '1174020', '2026-03-14 22:17:49', 0, '2026-03-15'
        )
2026-03-14 22:17:49 - Level1 - ✅ INSERT SUCCESSFUL
2026-03-14 22:17:49 - Level2 - Find upline query: SELECT id FROM shonu_subjects WHERE owncode = '587464113615'
2026-03-14 22:17:49 - Level2 - Upline found: 113615
2026-03-14 22:17:49 - Level2 - Insert query: INSERT INTO vyavahara (
            balakedara, ketebida, prakara, purba, bartaman, ayoga, koduvavanu, tiarikala, commission_status, process_date
        ) VALUES (
            '113615', '1000', 'LVLCOMM2', '577.43493', '579.93493', '2.5', '1174020', '2026-03-14 22:17:49', 0, '2026-03-15'
        )
2026-03-14 22:17:49 - Level2 - ✅ INSERT SUCCESSFUL
2026-03-14 22:17:49 - Level3 - Find upline query: SELECT id FROM shonu_subjects WHERE owncode = '551233113608'
2026-03-14 22:17:49 - Level3 - Upline found: 113614
2026-03-14 22:17:49 - Level3 - Insert query: INSERT INTO vyavahara (
            balakedara, ketebida, prakara, purba, bartaman, ayoga, koduvavanu, tiarikala, commission_status, process_date
        ) VALUES (
            '113614', '1000', 'LVLCOMM3', '65991.02954', '65991.82954', '0.8', '1174020', '2026-03-14 22:17:49', 0, '2026-03-15'
        )
2026-03-14 22:17:49 - Level3 - ✅ INSERT SUCCESSFUL
2026-03-14 22:17:49 - Level4 - ✅ INSERT SUCCESSFUL
2026-03-14 22:17:49 - Level5 - ✅ INSERT SUCCESSFUL
2026-03-14 22:17:49 - ========== COMMISSION.PHP ENDED ==========

2026-03-14 22:18:14 - ========== COMMISSION.PHP STARTED ==========
2026-03-14 22:18:14 - Bet amount: 1000, User ID: 1174020
2026-03-14 22:18:14 - Level commissions: L1=4, L2=2.5, L3=0.8, L4=0.1, L5=0.05, L6=0.02
2026-03-14 22:18:14 - Codes query: SELECT code, code1, code2, code3, code4, code5 FROM shonu_subjects WHERE id = '1174020'
2026-03-14 22:18:14 - Referral codes: code=609698113616, code1=587464113615, code2=551233113608, code3=400660113602, code4=116629030908, code5=official
2026-03-14 22:18:14 - Next process date: 2026-03-15
2026-03-14 22:18:14 - Level1 - Find upline query: SELECT id FROM shonu_subjects WHERE owncode = '609698113616'
2026-03-14 22:18:14 - Level1 - Upline found: 113616
2026-03-14 22:18:14 - Level1 - Insert query: INSERT INTO vyavahara (
            balakedara, ketebida, prakara, purba, bartaman, ayoga, koduvavanu, tiarikala, commission_status, process_date
        ) VALUES (
            '113616', '1000', 'LVLCOMM1', '61375.47756', '61379.47756', '4', '1174020', '2026-03-14 22:18:14', 0, '2026-03-15'
        )
2026-03-14 22:18:14 - Level1 - ✅ INSERT SUCCESSFUL
2026-03-14 22:18:14 - Level2 - Find upline query: SELECT id FROM shonu_subjects WHERE owncode = '587464113615'
2026-03-14 22:18:14 - Level2 - Upline found: 113615
2026-03-14 22:18:14 - Level2 - Insert query: INSERT INTO vyavahara (
            balakedara, ketebida, prakara, purba, bartaman, ayoga, koduvavanu, tiarikala, commission_status, process_date
        ) VALUES (
            '113615', '1000', 'LVLCOMM2', '577.43493', '579.93493', '2.5', '1174020', '2026-03-14 22:18:14', 0, '2026-03-15'
        )
2026-03-14 22:18:14 - Level2 - ✅ INSERT SUCCESSFUL
2026-03-14 22:18:14 - Level3 - Find upline query: SELECT id FROM shonu_subjects WHERE owncode = '551233113608'
2026-03-14 22:18:14 - Level3 - Upline found: 113614
2026-03-14 22:18:14 - Level3 - Insert query: INSERT INTO vyavahara (
            balakedara, ketebida, prakara, purba, bartaman, ayoga, koduvavanu, tiarikala, commission_status, process_date
        ) VALUES (
            '113614', '1000', 'LVLCOMM3', '65991.02954', '65991.82954', '0.8', '1174020', '2026-03-14 22:18:14', 0, '2026-03-15'
        )
2026-03-14 22:18:14 - Level3 - ✅ INSERT SUCCESSFUL
2026-03-14 22:18:14 - Level4 - ✅ INSERT SUCCESSFUL
2026-03-14 22:18:14 - Level5 - ✅ INSERT SUCCESSFUL
2026-03-14 22:18:14 - ========== COMMISSION.PHP ENDED ==========

2026-03-14 22:20:37 - ========== COMMISSION.PHP STARTED ==========
2026-03-14 22:20:37 - Bet amount: 1000, User ID: 1174020
2026-03-14 22:20:37 - Level commissions: L1=4, L2=2.5, L3=0.8, L4=0.1, L5=0.05, L6=0.02
2026-03-14 22:20:37 - Codes query: SELECT code, code1, code2, code3, code4, code5 FROM shonu_subjects WHERE id = '1174020'
2026-03-14 22:20:37 - Referral codes: code=609698113616, code1=587464113615, code2=551233113608, code3=400660113602, code4=116629030908, code5=official
2026-03-14 22:20:37 - Next process date: 2026-03-15
2026-03-14 22:20:37 - Level1 - Find upline query: SELECT id FROM shonu_subjects WHERE owncode = '609698113616'
2026-03-14 22:20:37 - Level1 - Upline found: 113616
2026-03-14 22:20:37 - Level1 - Insert query: INSERT INTO vyavahara (
            balakedara, ketebida, prakara, purba, bartaman, ayoga, koduvavanu, tiarikala, commission_status, process_date
        ) VALUES (
            '113616', '1000', 'LVLCOMM1', '61375.47756', '61379.47756', '4', '1174020', '2026-03-14 22:20:37', 0, '2026-03-15'
        )
2026-03-14 22:20:37 - Level1 - ✅ INSERT SUCCESSFUL
2026-03-14 22:20:37 - Level2 - Find upline query: SELECT id FROM shonu_subjects WHERE owncode = '587464113615'
2026-03-14 22:20:37 - Level2 - Upline found: 113615
2026-03-14 22:20:37 - Level2 - Insert query: INSERT INTO vyavahara (
            balakedara, ketebida, prakara, purba, bartaman, ayoga, koduvavanu, tiarikala, commission_status, process_date
        ) VALUES (
            '113615', '1000', 'LVLCOMM2', '577.43493', '579.93493', '2.5', '1174020', '2026-03-14 22:20:37', 0, '2026-03-15'
        )
2026-03-14 22:20:37 - Level2 - ✅ INSERT SUCCESSFUL
2026-03-14 22:20:37 - Level3 - Find upline query: SELECT id FROM shonu_subjects WHERE owncode = '551233113608'
2026-03-14 22:20:37 - Level3 - Upline found: 113614
2026-03-14 22:20:37 - Level3 - Insert query: INSERT INTO vyavahara (
            balakedara, ketebida, prakara, purba, bartaman, ayoga, koduvavanu, tiarikala, commission_status, process_date
        ) VALUES (
            '113614', '1000', 'LVLCOMM3', '65991.02954', '65991.82954', '0.8', '1174020', '2026-03-14 22:20:37', 0, '2026-03-15'
        )
2026-03-14 22:20:37 - Level3 - ✅ INSERT SUCCESSFUL
2026-03-14 22:20:37 - Level4 - ✅ INSERT SUCCESSFUL
2026-03-14 22:20:37 - Level5 - ✅ INSERT SUCCESSFUL
2026-03-14 22:20:37 - ========== COMMISSION.PHP ENDED ==========

2026-03-14 22:22:23 - ========== COMMISSION.PHP STARTED ==========
2026-03-14 22:22:23 - Bet amount: 1000, User ID: 1174020
2026-03-14 22:22:23 - Level commissions: L1=4, L2=2.5, L3=0.8, L4=0.1, L5=0.05, L6=0.02
2026-03-14 22:22:23 - Codes query: SELECT code, code1, code2, code3, code4, code5 FROM shonu_subjects WHERE id = '1174020'
2026-03-14 22:22:23 - Referral codes: code=609698113616, code1=587464113615, code2=551233113608, code3=400660113602, code4=116629030908, code5=official
2026-03-14 22:22:23 - Next process date: 2026-03-15
2026-03-14 22:22:23 - Level1 - Find upline query: SELECT id FROM shonu_subjects WHERE owncode = '609698113616'
2026-03-14 22:22:23 - Level1 - Upline found: 113616
2026-03-14 22:22:23 - Level1 - Insert query: INSERT INTO vyavahara (
            balakedara, ketebida, prakara, purba, bartaman, ayoga, koduvavanu, tiarikala, commission_status, process_date
        ) VALUES (
            '113616', '1000', 'LVLCOMM1', '61375.47756', '61379.47756', '4', '1174020', '2026-03-14 22:22:23', 0, '2026-03-15'
        )
2026-03-14 22:22:23 - Level1 - ✅ INSERT SUCCESSFUL
2026-03-14 22:22:23 - Level2 - Find upline query: SELECT id FROM shonu_subjects WHERE owncode = '587464113615'
2026-03-14 22:22:23 - Level2 - Upline found: 113615
2026-03-14 22:22:23 - Level2 - Insert query: INSERT INTO vyavahara (
            balakedara, ketebida, prakara, purba, bartaman, ayoga, koduvavanu, tiarikala, commission_status, process_date
        ) VALUES (
            '113615', '1000', 'LVLCOMM2', '577.43493', '579.93493', '2.5', '1174020', '2026-03-14 22:22:23', 0, '2026-03-15'
        )
2026-03-14 22:22:23 - Level2 - ✅ INSERT SUCCESSFUL
2026-03-14 22:22:23 - Level3 - Find upline query: SELECT id FROM shonu_subjects WHERE owncode = '551233113608'
2026-03-14 22:22:23 - Level3 - Upline found: 113614
2026-03-14 22:22:23 - Level3 - Insert query: INSERT INTO vyavahara (
            balakedara, ketebida, prakara, purba, bartaman, ayoga, koduvavanu, tiarikala, commission_status, process_date
        ) VALUES (
            '113614', '1000', 'LVLCOMM3', '65991.02954', '65991.82954', '0.8', '1174020', '2026-03-14 22:22:23', 0, '2026-03-15'
        )
2026-03-14 22:22:23 - Level3 - ✅ INSERT SUCCESSFUL
2026-03-14 22:22:23 - Level4 - ✅ INSERT SUCCESSFUL
2026-03-14 22:22:23 - Level5 - ✅ INSERT SUCCESSFUL
2026-03-14 22:22:23 - ========== COMMISSION.PHP ENDED ==========

2026-03-14 22:23:38 - ========== COMMISSION.PHP STARTED ==========
2026-03-14 22:23:38 - Bet amount: 1000, User ID: 1174020
2026-03-14 22:23:38 - Level commissions: L1=4, L2=2.5, L3=0.8, L4=0.1, L5=0.05, L6=0.02
2026-03-14 22:23:38 - Codes query: SELECT code, code1, code2, code3, code4, code5 FROM shonu_subjects WHERE id = '1174020'
2026-03-14 22:23:38 - Referral codes: code=609698113616, code1=587464113615, code2=551233113608, code3=400660113602, code4=116629030908, code5=official
2026-03-14 22:23:38 - Next process date: 2026-03-15
2026-03-14 22:23:38 - Level1 - Find upline query: SELECT id FROM shonu_subjects WHERE owncode = '609698113616'
2026-03-14 22:23:38 - Level1 - Upline found: 113616
2026-03-14 22:23:38 - Level1 - Insert query: INSERT INTO vyavahara (
            balakedara, ketebida, prakara, purba, bartaman, ayoga, koduvavanu, tiarikala, commission_status, process_date
        ) VALUES (
            '113616', '1000', 'LVLCOMM1', '61375.47756', '61379.47756', '4', '1174020', '2026-03-14 22:23:38', 0, '2026-03-15'
        )
2026-03-14 22:23:38 - Level1 - ✅ INSERT SUCCESSFUL
2026-03-14 22:23:38 - Level2 - Find upline query: SELECT id FROM shonu_subjects WHERE owncode = '587464113615'
2026-03-14 22:23:38 - Level2 - Upline found: 113615
2026-03-14 22:23:38 - Level2 - Insert query: INSERT INTO vyavahara (
            balakedara, ketebida, prakara, purba, bartaman, ayoga, koduvavanu, tiarikala, commission_status, process_date
        ) VALUES (
            '113615', '1000', 'LVLCOMM2', '577.43493', '579.93493', '2.5', '1174020', '2026-03-14 22:23:38', 0, '2026-03-15'
        )
2026-03-14 22:23:38 - Level2 - ✅ INSERT SUCCESSFUL
2026-03-14 22:23:38 - Level3 - Find upline query: SELECT id FROM shonu_subjects WHERE owncode = '551233113608'
2026-03-14 22:23:38 - Level3 - Upline found: 113614
2026-03-14 22:23:38 - Level3 - Insert query: INSERT INTO vyavahara (
            balakedara, ketebida, prakara, purba, bartaman, ayoga, koduvavanu, tiarikala, commission_status, process_date
        ) VALUES (
            '113614', '1000', 'LVLCOMM3', '65991.02954', '65991.82954', '0.8', '1174020', '2026-03-14 22:23:38', 0, '2026-03-15'
        )
2026-03-14 22:23:38 - Level3 - ✅ INSERT SUCCESSFUL
2026-03-14 22:23:38 - Level4 - ✅ INSERT SUCCESSFUL
2026-03-14 22:23:38 - Level5 - ✅ INSERT SUCCESSFUL
2026-03-14 22:23:38 - ========== COMMISSION.PHP ENDED ==========

2026-03-14 22:24:12 - ========== COMMISSION.PHP STARTED ==========
2026-03-14 22:24:12 - Bet amount: 2000, User ID: 1174020
2026-03-14 22:24:12 - Level commissions: L1=8, L2=5, L3=1.6, L4=0.2, L5=0.1, L6=0.04
2026-03-14 22:24:12 - Codes query: SELECT code, code1, code2, code3, code4, code5 FROM shonu_subjects WHERE id = '1174020'
2026-03-14 22:24:12 - Referral codes: code=609698113616, code1=587464113615, code2=551233113608, code3=400660113602, code4=116629030908, code5=official
2026-03-14 22:24:12 - Next process date: 2026-03-15
2026-03-14 22:24:12 - Level1 - Find upline query: SELECT id FROM shonu_subjects WHERE owncode = '609698113616'
2026-03-14 22:24:12 - Level1 - Upline found: 113616
2026-03-14 22:24:12 - Level1 - Insert query: INSERT INTO vyavahara (
            balakedara, ketebida, prakara, purba, bartaman, ayoga, koduvavanu, tiarikala, commission_status, process_date
        ) VALUES (
            '113616', '2000', 'LVLCOMM1', '61375.47756', '61383.47756', '8', '1174020', '2026-03-14 22:24:12', 0, '2026-03-15'
        )
2026-03-14 22:24:12 - Level1 - ✅ INSERT SUCCESSFUL
2026-03-14 22:24:12 - Level2 - Find upline query: SELECT id FROM shonu_subjects WHERE owncode = '587464113615'
2026-03-14 22:24:12 - Level2 - Upline found: 113615
2026-03-14 22:24:12 - Level2 - Insert query: INSERT INTO vyavahara (
            balakedara, ketebida, prakara, purba, bartaman, ayoga, koduvavanu, tiarikala, commission_status, process_date
        ) VALUES (
            '113615', '2000', 'LVLCOMM2', '577.43493', '582.43493', '5', '1174020', '2026-03-14 22:24:12', 0, '2026-03-15'
        )
2026-03-14 22:24:12 - Level2 - ✅ INSERT SUCCESSFUL
2026-03-14 22:24:12 - Level3 - Find upline query: SELECT id FROM shonu_subjects WHERE owncode = '551233113608'
2026-03-14 22:24:12 - Level3 - Upline found: 113614
2026-03-14 22:24:12 - Level3 - Insert query: INSERT INTO vyavahara (
            balakedara, ketebida, prakara, purba, bartaman, ayoga, koduvavanu, tiarikala, commission_status, process_date
        ) VALUES (
            '113614', '2000', 'LVLCOMM3', '65991.02954', '65992.62954', '1.6', '1174020', '2026-03-14 22:24:12', 0, '2026-03-15'
        )
2026-03-14 22:24:12 - Level3 - ✅ INSERT SUCCESSFUL
2026-03-14 22:24:12 - Level4 - ✅ INSERT SUCCESSFUL
2026-03-14 22:24:12 - Level5 - ✅ INSERT SUCCESSFUL
2026-03-14 22:24:12 - ========== COMMISSION.PHP ENDED ==========

2026-03-14 22:26:40 - ========== COMMISSION.PHP STARTED ==========
2026-03-14 22:26:40 - Bet amount: 1000, User ID: 1174020
2026-03-14 22:26:40 - Level commissions: L1=4, L2=2.5, L3=0.8, L4=0.1, L5=0.05, L6=0.02
2026-03-14 22:26:40 - Codes query: SELECT code, code1, code2, code3, code4, code5 FROM shonu_subjects WHERE id = '1174020'
2026-03-14 22:26:40 - Referral codes: code=609698113616, code1=587464113615, code2=551233113608, code3=400660113602, code4=116629030908, code5=official
2026-03-14 22:26:40 - Next process date: 2026-03-15
2026-03-14 22:26:40 - Level1 - Find upline query: SELECT id FROM shonu_subjects WHERE owncode = '609698113616'
2026-03-14 22:26:40 - Level1 - Upline found: 113616
2026-03-14 22:26:40 - Level1 - Insert query: INSERT INTO vyavahara (
            balakedara, ketebida, prakara, purba, bartaman, ayoga, koduvavanu, tiarikala, commission_status, process_date
        ) VALUES (
            '113616', '1000', 'LVLCOMM1', '61375.47756', '61379.47756', '4', '1174020', '2026-03-14 22:26:40', 0, '2026-03-15'
        )
2026-03-14 22:26:40 - Level1 - ✅ INSERT SUCCESSFUL
2026-03-14 22:26:40 - Level2 - Find upline query: SELECT id FROM shonu_subjects WHERE owncode = '587464113615'
2026-03-14 22:26:40 - Level2 - Upline found: 113615
2026-03-14 22:26:40 - Level2 - Insert query: INSERT INTO vyavahara (
            balakedara, ketebida, prakara, purba, bartaman, ayoga, koduvavanu, tiarikala, commission_status, process_date
        ) VALUES (
            '113615', '1000', 'LVLCOMM2', '577.43493', '579.93493', '2.5', '1174020', '2026-03-14 22:26:40', 0, '2026-03-15'
        )
2026-03-14 22:26:40 - Level2 - ✅ INSERT SUCCESSFUL
2026-03-14 22:26:40 - Level3 - Find upline query: SELECT id FROM shonu_subjects WHERE owncode = '551233113608'
2026-03-14 22:26:40 - Level3 - Upline found: 113614
2026-03-14 22:26:40 - Level3 - Insert query: INSERT INTO vyavahara (
            balakedara, ketebida, prakara, purba, bartaman, ayoga, koduvavanu, tiarikala, commission_status, process_date
        ) VALUES (
            '113614', '1000', 'LVLCOMM3', '65991.02954', '65991.82954', '0.8', '1174020', '2026-03-14 22:26:40', 0, '2026-03-15'
        )
2026-03-14 22:26:40 - Level3 - ✅ INSERT SUCCESSFUL
2026-03-14 22:26:40 - Level4 - ✅ INSERT SUCCESSFUL
2026-03-14 22:26:40 - Level5 - ✅ INSERT SUCCESSFUL
2026-03-14 22:26:40 - ========== COMMISSION.PHP ENDED ==========

2026-03-14 22:27:14 - ========== COMMISSION.PHP STARTED ==========
2026-03-14 22:27:14 - Bet amount: 2000, User ID: 1174020
2026-03-14 22:27:14 - Level commissions: L1=8, L2=5, L3=1.6, L4=0.2, L5=0.1, L6=0.04
2026-03-14 22:27:14 - Codes query: SELECT code, code1, code2, code3, code4, code5 FROM shonu_subjects WHERE id = '1174020'
2026-03-14 22:27:14 - Referral codes: code=609698113616, code1=587464113615, code2=551233113608, code3=400660113602, code4=116629030908, code5=official
2026-03-14 22:27:14 - Next process date: 2026-03-15
2026-03-14 22:27:14 - Level1 - Find upline query: SELECT id FROM shonu_subjects WHERE owncode = '609698113616'
2026-03-14 22:27:14 - Level1 - Upline found: 113616
2026-03-14 22:27:14 - Level1 - Insert query: INSERT INTO vyavahara (
            balakedara, ketebida, prakara, purba, bartaman, ayoga, koduvavanu, tiarikala, commission_status, process_date
        ) VALUES (
            '113616', '2000', 'LVLCOMM1', '61375.47756', '61383.47756', '8', '1174020', '2026-03-14 22:27:14', 0, '2026-03-15'
        )
2026-03-14 22:27:14 - Level1 - ✅ INSERT SUCCESSFUL
2026-03-14 22:27:14 - Level2 - Find upline query: SELECT id FROM shonu_subjects WHERE owncode = '587464113615'
2026-03-14 22:27:14 - Level2 - Upline found: 113615
2026-03-14 22:27:14 - Level2 - Insert query: INSERT INTO vyavahara (
            balakedara, ketebida, prakara, purba, bartaman, ayoga, koduvavanu, tiarikala, commission_status, process_date
        ) VALUES (
            '113615', '2000', 'LVLCOMM2', '577.43493', '582.43493', '5', '1174020', '2026-03-14 22:27:14', 0, '2026-03-15'
        )
2026-03-14 22:27:14 - Level2 - ✅ INSERT SUCCESSFUL
2026-03-14 22:27:14 - Level3 - Find upline query: SELECT id FROM shonu_subjects WHERE owncode = '551233113608'
2026-03-14 22:27:14 - Level3 - Upline found: 113614
2026-03-14 22:27:14 - Level3 - Insert query: INSERT INTO vyavahara (
            balakedara, ketebida, prakara, purba, bartaman, ayoga, koduvavanu, tiarikala, commission_status, process_date
        ) VALUES (
            '113614', '2000', 'LVLCOMM3', '65991.02954', '65992.62954', '1.6', '1174020', '2026-03-14 22:27:14', 0, '2026-03-15'
        )
2026-03-14 22:27:14 - Level3 - ✅ INSERT SUCCESSFUL
2026-03-14 22:27:14 - Level4 - ✅ INSERT SUCCESSFUL
2026-03-14 22:27:14 - Level5 - ✅ INSERT SUCCESSFUL
2026-03-14 22:27:14 - ========== COMMISSION.PHP ENDED ==========

2026-03-14 22:29:45 - ========== COMMISSION.PHP STARTED ==========
2026-03-14 22:29:45 - Bet amount: 4000, User ID: 1174020
2026-03-14 22:29:45 - Level commissions: L1=16, L2=10, L3=3.2, L4=0.4, L5=0.2, L6=0.08
2026-03-14 22:29:45 - Codes query: SELECT code, code1, code2, code3, code4, code5 FROM shonu_subjects WHERE id = '1174020'
2026-03-14 22:29:45 - Referral codes: code=609698113616, code1=587464113615, code2=551233113608, code3=400660113602, code4=116629030908, code5=official
2026-03-14 22:29:45 - Next process date: 2026-03-15
2026-03-14 22:29:45 - Level1 - Find upline query: SELECT id FROM shonu_subjects WHERE owncode = '609698113616'
2026-03-14 22:29:45 - Level1 - Upline found: 113616
2026-03-14 22:29:45 - Level1 - Insert query: INSERT INTO vyavahara (
            balakedara, ketebida, prakara, purba, bartaman, ayoga, koduvavanu, tiarikala, commission_status, process_date
        ) VALUES (
            '113616', '4000', 'LVLCOMM1', '61375.47756', '61391.47756', '16', '1174020', '2026-03-14 22:29:45', 0, '2026-03-15'
        )
2026-03-14 22:29:45 - Level1 - ✅ INSERT SUCCESSFUL
2026-03-14 22:29:45 - Level2 - Find upline query: SELECT id FROM shonu_subjects WHERE owncode = '587464113615'
2026-03-14 22:29:45 - Level2 - Upline found: 113615
2026-03-14 22:29:45 - Level2 - Insert query: INSERT INTO vyavahara (
            balakedara, ketebida, prakara, purba, bartaman, ayoga, koduvavanu, tiarikala, commission_status, process_date
        ) VALUES (
            '113615', '4000', 'LVLCOMM2', '577.43493', '587.43493', '10', '1174020', '2026-03-14 22:29:45', 0, '2026-03-15'
        )
2026-03-14 22:29:45 - Level2 - ✅ INSERT SUCCESSFUL
2026-03-14 22:29:45 - Level3 - Find upline query: SELECT id FROM shonu_subjects WHERE owncode = '551233113608'
2026-03-14 22:29:45 - Level3 - Upline found: 113614
2026-03-14 22:29:45 - Level3 - Insert query: INSERT INTO vyavahara (
            balakedara, ketebida, prakara, purba, bartaman, ayoga, koduvavanu, tiarikala, commission_status, process_date
        ) VALUES (
            '113614', '4000', 'LVLCOMM3', '65991.02954', '65994.22954', '3.2', '1174020', '2026-03-14 22:29:45', 0, '2026-03-15'
        )
2026-03-14 22:29:45 - Level3 - ✅ INSERT SUCCESSFUL
2026-03-14 22:29:45 - Level4 - ✅ INSERT SUCCESSFUL
2026-03-14 22:29:45 - Level5 - ✅ INSERT SUCCESSFUL
2026-03-14 22:29:45 - ========== COMMISSION.PHP ENDED ==========

2026-03-14 22:30:13 - ========== COMMISSION.PHP STARTED ==========
2026-03-14 22:30:13 - Bet amount: 1000, User ID: 1174020
2026-03-14 22:30:13 - Level commissions: L1=4, L2=2.5, L3=0.8, L4=0.1, L5=0.05, L6=0.02
2026-03-14 22:30:13 - Codes query: SELECT code, code1, code2, code3, code4, code5 FROM shonu_subjects WHERE id = '1174020'
2026-03-14 22:30:13 - Referral codes: code=609698113616, code1=587464113615, code2=551233113608, code3=400660113602, code4=116629030908, code5=official
2026-03-14 22:30:13 - Next process date: 2026-03-15
2026-03-14 22:30:13 - Level1 - Find upline query: SELECT id FROM shonu_subjects WHERE owncode = '609698113616'
2026-03-14 22:30:13 - Level1 - Upline found: 113616
2026-03-14 22:30:13 - Level1 - Insert query: INSERT INTO vyavahara (
            balakedara, ketebida, prakara, purba, bartaman, ayoga, koduvavanu, tiarikala, commission_status, process_date
        ) VALUES (
            '113616', '1000', 'LVLCOMM1', '61375.47756', '61379.47756', '4', '1174020', '2026-03-14 22:30:13', 0, '2026-03-15'
        )
2026-03-14 22:30:13 - Level1 - ✅ INSERT SUCCESSFUL
2026-03-14 22:30:13 - Level2 - Find upline query: SELECT id FROM shonu_subjects WHERE owncode = '587464113615'
2026-03-14 22:30:13 - Level2 - Upline found: 113615
2026-03-14 22:30:13 - Level2 - Insert query: INSERT INTO vyavahara (
            balakedara, ketebida, prakara, purba, bartaman, ayoga, koduvavanu, tiarikala, commission_status, process_date
        ) VALUES (
            '113615', '1000', 'LVLCOMM2', '577.43493', '579.93493', '2.5', '1174020', '2026-03-14 22:30:13', 0, '2026-03-15'
        )
2026-03-14 22:30:13 - Level2 - ✅ INSERT SUCCESSFUL
2026-03-14 22:30:13 - Level3 - Find upline query: SELECT id FROM shonu_subjects WHERE owncode = '551233113608'
2026-03-14 22:30:13 - Level3 - Upline found: 113614
2026-03-14 22:30:13 - Level3 - Insert query: INSERT INTO vyavahara (
            balakedara, ketebida, prakara, purba, bartaman, ayoga, koduvavanu, tiarikala, commission_status, process_date
        ) VALUES (
            '113614', '1000', 'LVLCOMM3', '65991.02954', '65991.82954', '0.8', '1174020', '2026-03-14 22:30:13', 0, '2026-03-15'
        )
2026-03-14 22:30:13 - Level3 - ✅ INSERT SUCCESSFUL
2026-03-14 22:30:13 - Level4 - ✅ INSERT SUCCESSFUL
2026-03-14 22:30:13 - Level5 - ✅ INSERT SUCCESSFUL
2026-03-14 22:30:13 - ========== COMMISSION.PHP ENDED ==========

2026-03-14 22:31:19 - ========== COMMISSION.PHP STARTED ==========
2026-03-14 22:31:19 - Bet amount: 1000, User ID: 1174020
2026-03-14 22:31:19 - Level commissions: L1=4, L2=2.5, L3=0.8, L4=0.1, L5=0.05, L6=0.02
2026-03-14 22:31:19 - Codes query: SELECT code, code1, code2, code3, code4, code5 FROM shonu_subjects WHERE id = '1174020'
2026-03-14 22:31:19 - Referral codes: code=609698113616, code1=587464113615, code2=551233113608, code3=400660113602, code4=116629030908, code5=official
2026-03-14 22:31:19 - Next process date: 2026-03-15
2026-03-14 22:31:19 - Level1 - Find upline query: SELECT id FROM shonu_subjects WHERE owncode = '609698113616'
2026-03-14 22:31:19 - Level1 - Upline found: 113616
2026-03-14 22:31:19 - Level1 - Insert query: INSERT INTO vyavahara (
            balakedara, ketebida, prakara, purba, bartaman, ayoga, koduvavanu, tiarikala, commission_status, process_date
        ) VALUES (
            '113616', '1000', 'LVLCOMM1', '61375.47756', '61379.47756', '4', '1174020', '2026-03-14 22:31:19', 0, '2026-03-15'
        )
2026-03-14 22:31:19 - Level1 - ✅ INSERT SUCCESSFUL
2026-03-14 22:31:19 - Level2 - Find upline query: SELECT id FROM shonu_subjects WHERE owncode = '587464113615'
2026-03-14 22:31:19 - Level2 - Upline found: 113615
2026-03-14 22:31:19 - Level2 - Insert query: INSERT INTO vyavahara (
            balakedara, ketebida, prakara, purba, bartaman, ayoga, koduvavanu, tiarikala, commission_status, process_date
        ) VALUES (
            '113615', '1000', 'LVLCOMM2', '577.43493', '579.93493', '2.5', '1174020', '2026-03-14 22:31:19', 0, '2026-03-15'
        )
2026-03-14 22:31:19 - Level2 - ✅ INSERT SUCCESSFUL
2026-03-14 22:31:19 - Level3 - Find upline query: SELECT id FROM shonu_subjects WHERE owncode = '551233113608'
2026-03-14 22:31:19 - Level3 - Upline found: 113614
2026-03-14 22:31:19 - Level3 - Insert query: INSERT INTO vyavahara (
            balakedara, ketebida, prakara, purba, bartaman, ayoga, koduvavanu, tiarikala, commission_status, process_date
        ) VALUES (
            '113614', '1000', 'LVLCOMM3', '65991.02954', '65991.82954', '0.8', '1174020', '2026-03-14 22:31:19', 0, '2026-03-15'
        )
2026-03-14 22:31:19 - Level3 - ✅ INSERT SUCCESSFUL
2026-03-14 22:31:19 - Level4 - ✅ INSERT SUCCESSFUL
2026-03-14 22:31:19 - Level5 - ✅ INSERT SUCCESSFUL
2026-03-14 22:31:19 - ========== COMMISSION.PHP ENDED ==========

2026-03-14 22:31:43 - ========== COMMISSION.PHP STARTED ==========
2026-03-14 22:31:43 - Bet amount: 5000, User ID: 1174020
2026-03-14 22:31:43 - Level commissions: L1=20, L2=12.5, L3=4, L4=0.5, L5=0.25, L6=0.1
2026-03-14 22:31:43 - Codes query: SELECT code, code1, code2, code3, code4, code5 FROM shonu_subjects WHERE id = '1174020'
2026-03-14 22:31:43 - Referral codes: code=609698113616, code1=587464113615, code2=551233113608, code3=400660113602, code4=116629030908, code5=official
2026-03-14 22:31:43 - Next process date: 2026-03-15
2026-03-14 22:31:43 - Level1 - Find upline query: SELECT id FROM shonu_subjects WHERE owncode = '609698113616'
2026-03-14 22:31:43 - Level1 - Upline found: 113616
2026-03-14 22:31:43 - Level1 - Insert query: INSERT INTO vyavahara (
            balakedara, ketebida, prakara, purba, bartaman, ayoga, koduvavanu, tiarikala, commission_status, process_date
        ) VALUES (
            '113616', '5000', 'LVLCOMM1', '61375.47756', '61395.47756', '20', '1174020', '2026-03-14 22:31:43', 0, '2026-03-15'
        )
2026-03-14 22:31:43 - Level1 - ✅ INSERT SUCCESSFUL
2026-03-14 22:31:43 - Level2 - Find upline query: SELECT id FROM shonu_subjects WHERE owncode = '587464113615'
2026-03-14 22:31:43 - Level2 - Upline found: 113615
2026-03-14 22:31:43 - Level2 - Insert query: INSERT INTO vyavahara (
            balakedara, ketebida, prakara, purba, bartaman, ayoga, koduvavanu, tiarikala, commission_status, process_date
        ) VALUES (
            '113615', '5000', 'LVLCOMM2', '577.43493', '589.93493', '12.5', '1174020', '2026-03-14 22:31:43', 0, '2026-03-15'
        )
2026-03-14 22:31:43 - Level2 - ✅ INSERT SUCCESSFUL
2026-03-14 22:31:43 - Level3 - Find upline query: SELECT id FROM shonu_subjects WHERE owncode = '551233113608'
2026-03-14 22:31:43 - Level3 - Upline found: 113614
2026-03-14 22:31:43 - Level3 - Insert query: INSERT INTO vyavahara (
            balakedara, ketebida, prakara, purba, bartaman, ayoga, koduvavanu, tiarikala, commission_status, process_date
        ) VALUES (
            '113614', '5000', 'LVLCOMM3', '65991.02954', '65995.02954', '4', '1174020', '2026-03-14 22:31:43', 0, '2026-03-15'
        )
2026-03-14 22:31:43 - Level3 - ✅ INSERT SUCCESSFUL
2026-03-14 22:31:43 - Level4 - ✅ INSERT SUCCESSFUL
2026-03-14 22:31:43 - Level5 - ✅ INSERT SUCCESSFUL
2026-03-14 22:31:43 - ========== COMMISSION.PHP ENDED ==========

2026-03-14 22:32:54 - ========== COMMISSION.PHP STARTED ==========
2026-03-14 22:32:54 - Bet amount: 2000, User ID: 1174020
2026-03-14 22:32:54 - Level commissions: L1=8, L2=5, L3=1.6, L4=0.2, L5=0.1, L6=0.04
2026-03-14 22:32:54 - Codes query: SELECT code, code1, code2, code3, code4, code5 FROM shonu_subjects WHERE id = '1174020'
2026-03-14 22:32:54 - Referral codes: code=609698113616, code1=587464113615, code2=551233113608, code3=400660113602, code4=116629030908, code5=official
2026-03-14 22:32:54 - Next process date: 2026-03-15
2026-03-14 22:32:54 - Level1 - Find upline query: SELECT id FROM shonu_subjects WHERE owncode = '609698113616'
2026-03-14 22:32:54 - Level1 - Upline found: 113616
2026-03-14 22:32:54 - Level1 - Insert query: INSERT INTO vyavahara (
            balakedara, ketebida, prakara, purba, bartaman, ayoga, koduvavanu, tiarikala, commission_status, process_date
        ) VALUES (
            '113616', '2000', 'LVLCOMM1', '61375.47756', '61383.47756', '8', '1174020', '2026-03-14 22:32:54', 0, '2026-03-15'
        )
2026-03-14 22:32:54 - Level1 - ✅ INSERT SUCCESSFUL
2026-03-14 22:32:54 - Level2 - Find upline query: SELECT id FROM shonu_subjects WHERE owncode = '587464113615'
2026-03-14 22:32:54 - Level2 - Upline found: 113615
2026-03-14 22:32:54 - Level2 - Insert query: INSERT INTO vyavahara (
            balakedara, ketebida, prakara, purba, bartaman, ayoga, koduvavanu, tiarikala, commission_status, process_date
        ) VALUES (
            '113615', '2000', 'LVLCOMM2', '577.43493', '582.43493', '5', '1174020', '2026-03-14 22:32:54', 0, '2026-03-15'
        )
2026-03-14 22:32:54 - Level2 - ✅ INSERT SUCCESSFUL
2026-03-14 22:32:54 - Level3 - Find upline query: SELECT id FROM shonu_subjects WHERE owncode = '551233113608'
2026-03-14 22:32:54 - Level3 - Upline found: 113614
2026-03-14 22:32:54 - Level3 - Insert query: INSERT INTO vyavahara (
            balakedara, ketebida, prakara, purba, bartaman, ayoga, koduvavanu, tiarikala, commission_status, process_date
        ) VALUES (
            '113614', '2000', 'LVLCOMM3', '65991.02954', '65992.62954', '1.6', '1174020', '2026-03-14 22:32:54', 0, '2026-03-15'
        )
2026-03-14 22:32:54 - Level3 - ✅ INSERT SUCCESSFUL
2026-03-14 22:32:54 - Level4 - ✅ INSERT SUCCESSFUL
2026-03-14 22:32:54 - Level5 - ✅ INSERT SUCCESSFUL
2026-03-14 22:32:54 - ========== COMMISSION.PHP ENDED ==========

2026-03-14 22:33:18 - ========== COMMISSION.PHP STARTED ==========
2026-03-14 22:33:18 - Bet amount: 1000, User ID: 1174020
2026-03-14 22:33:18 - Level commissions: L1=4, L2=2.5, L3=0.8, L4=0.1, L5=0.05, L6=0.02
2026-03-14 22:33:18 - Codes query: SELECT code, code1, code2, code3, code4, code5 FROM shonu_subjects WHERE id = '1174020'
2026-03-14 22:33:18 - Referral codes: code=609698113616, code1=587464113615, code2=551233113608, code3=400660113602, code4=116629030908, code5=official
2026-03-14 22:33:18 - Next process date: 2026-03-15
2026-03-14 22:33:18 - Level1 - Find upline query: SELECT id FROM shonu_subjects WHERE owncode = '609698113616'
2026-03-14 22:33:18 - Level1 - Upline found: 113616
2026-03-14 22:33:18 - Level1 - Insert query: INSERT INTO vyavahara (
            balakedara, ketebida, prakara, purba, bartaman, ayoga, koduvavanu, tiarikala, commission_status, process_date
        ) VALUES (
            '113616', '1000', 'LVLCOMM1', '61375.47756', '61379.47756', '4', '1174020', '2026-03-14 22:33:18', 0, '2026-03-15'
        )
2026-03-14 22:33:18 - Level1 - ✅ INSERT SUCCESSFUL
2026-03-14 22:33:18 - Level2 - Find upline query: SELECT id FROM shonu_subjects WHERE owncode = '587464113615'
2026-03-14 22:33:18 - Level2 - Upline found: 113615
2026-03-14 22:33:18 - Level2 - Insert query: INSERT INTO vyavahara (
            balakedara, ketebida, prakara, purba, bartaman, ayoga, koduvavanu, tiarikala, commission_status, process_date
        ) VALUES (
            '113615', '1000', 'LVLCOMM2', '577.43493', '579.93493', '2.5', '1174020', '2026-03-14 22:33:18', 0, '2026-03-15'
        )
2026-03-14 22:33:18 - Level2 - ✅ INSERT SUCCESSFUL
2026-03-14 22:33:18 - Level3 - Find upline query: SELECT id FROM shonu_subjects WHERE owncode = '551233113608'
2026-03-14 22:33:18 - Level3 - Upline found: 113614
2026-03-14 22:33:18 - Level3 - Insert query: INSERT INTO vyavahara (
            balakedara, ketebida, prakara, purba, bartaman, ayoga, koduvavanu, tiarikala, commission_status, process_date
        ) VALUES (
            '113614', '1000', 'LVLCOMM3', '65991.02954', '65991.82954', '0.8', '1174020', '2026-03-14 22:33:18', 0, '2026-03-15'
        )
2026-03-14 22:33:18 - Level3 - ✅ INSERT SUCCESSFUL
2026-03-14 22:33:18 - Level4 - ✅ INSERT SUCCESSFUL
2026-03-14 22:33:18 - Level5 - ✅ INSERT SUCCESSFUL
2026-03-14 22:33:18 - ========== COMMISSION.PHP ENDED ==========

2026-03-14 22:36:22 - ========== COMMISSION.PHP STARTED ==========
2026-03-14 22:36:22 - Bet amount: 4000, User ID: 1174020
2026-03-14 22:36:22 - Level commissions: L1=16, L2=10, L3=3.2, L4=0.4, L5=0.2, L6=0.08
2026-03-14 22:36:22 - Codes query: SELECT code, code1, code2, code3, code4, code5 FROM shonu_subjects WHERE id = '1174020'
2026-03-14 22:36:22 - Referral codes: code=609698113616, code1=587464113615, code2=551233113608, code3=400660113602, code4=116629030908, code5=official
2026-03-14 22:36:22 - Next process date: 2026-03-15
2026-03-14 22:36:22 - Level1 - Find upline query: SELECT id FROM shonu_subjects WHERE owncode = '609698113616'
2026-03-14 22:36:22 - Level1 - Upline found: 113616
2026-03-14 22:36:22 - Level1 - Insert query: INSERT INTO vyavahara (
            balakedara, ketebida, prakara, purba, bartaman, ayoga, koduvavanu, tiarikala, commission_status, process_date
        ) VALUES (
            '113616', '4000', 'LVLCOMM1', '61375.47756', '61391.47756', '16', '1174020', '2026-03-14 22:36:22', 0, '2026-03-15'
        )
2026-03-14 22:36:22 - Level1 - ✅ INSERT SUCCESSFUL
2026-03-14 22:36:22 - Level2 - Find upline query: SELECT id FROM shonu_subjects WHERE owncode = '587464113615'
2026-03-14 22:36:22 - Level2 - Upline found: 113615
2026-03-14 22:36:22 - Level2 - Insert query: INSERT INTO vyavahara (
            balakedara, ketebida, prakara, purba, bartaman, ayoga, koduvavanu, tiarikala, commission_status, process_date
        ) VALUES (
            '113615', '4000', 'LVLCOMM2', '577.43493', '587.43493', '10', '1174020', '2026-03-14 22:36:22', 0, '2026-03-15'
        )
2026-03-14 22:36:22 - Level2 - ✅ INSERT SUCCESSFUL
2026-03-14 22:36:22 - Level3 - Find upline query: SELECT id FROM shonu_subjects WHERE owncode = '551233113608'
2026-03-14 22:36:22 - Level3 - Upline found: 113614
2026-03-14 22:36:22 - Level3 - Insert query: INSERT INTO vyavahara (
            balakedara, ketebida, prakara, purba, bartaman, ayoga, koduvavanu, tiarikala, commission_status, process_date
        ) VALUES (
            '113614', '4000', 'LVLCOMM3', '65991.02954', '65994.22954', '3.2', '1174020', '2026-03-14 22:36:22', 0, '2026-03-15'
        )
2026-03-14 22:36:22 - Level3 - ✅ INSERT SUCCESSFUL
2026-03-14 22:36:22 - Level4 - ✅ INSERT SUCCESSFUL
2026-03-14 22:36:22 - Level5 - ✅ INSERT SUCCESSFUL
2026-03-14 22:36:22 - ========== COMMISSION.PHP ENDED ==========

2026-03-14 23:22:28 - ========== COMMISSION.PHP STARTED ==========
2026-03-14 23:22:28 - Bet amount: 100, User ID: 1176073
2026-03-14 23:22:28 - Level commissions: L1=0.4, L2=0.25, L3=0.08, L4=0.01, L5=0.005, L6=0.002
2026-03-14 23:22:28 - Codes query: SELECT code, code1, code2, code3, code4, code5 FROM shonu_subjects WHERE id = '1176073'
2026-03-14 23:22:28 - Referral codes: code=7384791175875, code1=400660113602, code2=116629030908, code3=official, code4=, code5=
2026-03-14 23:22:28 - Next process date: 2026-03-15
2026-03-14 23:22:28 - Level1 - Find upline query: SELECT id FROM shonu_subjects WHERE owncode = '7384791175875'
2026-03-14 23:22:28 - Level1 - Upline found: 1175875
2026-03-14 23:22:28 - Level1 - Insert query: INSERT INTO vyavahara (
            balakedara, ketebida, prakara, purba, bartaman, ayoga, koduvavanu, tiarikala, commission_status, process_date
        ) VALUES (
            '1175875', '100', 'LVLCOMM1', '866', '866.4', '0.4', '1176073', '2026-03-14 23:22:28', 0, '2026-03-15'
        )
2026-03-14 23:22:28 - Level1 - ✅ INSERT SUCCESSFUL
2026-03-14 23:22:28 - Level2 - Find upline query: SELECT id FROM shonu_subjects WHERE owncode = '400660113602'
2026-03-14 23:22:28 - Level2 - Upline found: 113607
2026-03-14 23:22:28 - Level2 - Insert query: INSERT INTO vyavahara (
            balakedara, ketebida, prakara, purba, bartaman, ayoga, koduvavanu, tiarikala, commission_status, process_date
        ) VALUES (
            '113607', '100', 'LVLCOMM2', '19200981.17274', '19200981.42274', '0.25', '1176073', '2026-03-14 23:22:28', 0, '2026-03-15'
        )
2026-03-14 23:22:28 - Level2 - ✅ INSERT SUCCESSFUL
2026-03-14 23:22:28 - Level3 - Find upline query: SELECT id FROM shonu_subjects WHERE owncode = '116629030908'
2026-03-14 23:22:28 - Level3 - Upline found: 113033
2026-03-14 23:22:28 - Level3 - Insert query: INSERT INTO vyavahara (
            balakedara, ketebida, prakara, purba, bartaman, ayoga, koduvavanu, tiarikala, commission_status, process_date
        ) VALUES (
            '113033', '100', 'LVLCOMM3', '10539.65049', '10539.73049', '0.08', '1176073', '2026-03-14 23:22:28', 0, '2026-03-15'
        )
2026-03-14 23:22:28 - Level3 - ✅ INSERT SUCCESSFUL
2026-03-14 23:22:28 - ========== COMMISSION.PHP ENDED ==========

2026-03-14 23:23:14 - ========== COMMISSION.PHP STARTED ==========
2026-03-14 23:23:14 - Bet amount: 100, User ID: 1176073
2026-03-14 23:23:14 - Level commissions: L1=0.4, L2=0.25, L3=0.08, L4=0.01, L5=0.005, L6=0.002
2026-03-14 23:23:14 - Codes query: SELECT code, code1, code2, code3, code4, code5 FROM shonu_subjects WHERE id = '1176073'
2026-03-14 23:23:14 - Referral codes: code=7384791175875, code1=400660113602, code2=116629030908, code3=official, code4=, code5=
2026-03-14 23:23:14 - Next process date: 2026-03-15
2026-03-14 23:23:14 - Level1 - Find upline query: SELECT id FROM shonu_subjects WHERE owncode = '7384791175875'
2026-03-14 23:23:14 - Level1 - Upline found: 1175875
2026-03-14 23:23:14 - Level1 - Insert query: INSERT INTO vyavahara (
            balakedara, ketebida, prakara, purba, bartaman, ayoga, koduvavanu, tiarikala, commission_status, process_date
        ) VALUES (
            '1175875', '100', 'LVLCOMM1', '866', '866.4', '0.4', '1176073', '2026-03-14 23:23:14', 0, '2026-03-15'
        )
2026-03-14 23:23:14 - Level1 - ✅ INSERT SUCCESSFUL
2026-03-14 23:23:14 - Level2 - Find upline query: SELECT id FROM shonu_subjects WHERE owncode = '400660113602'
2026-03-14 23:23:14 - Level2 - Upline found: 113607
2026-03-14 23:23:14 - Level2 - Insert query: INSERT INTO vyavahara (
            balakedara, ketebida, prakara, purba, bartaman, ayoga, koduvavanu, tiarikala, commission_status, process_date
        ) VALUES (
            '113607', '100', 'LVLCOMM2', '19200981.17274', '19200981.42274', '0.25', '1176073', '2026-03-14 23:23:14', 0, '2026-03-15'
        )
2026-03-14 23:23:14 - Level2 - ✅ INSERT SUCCESSFUL
2026-03-14 23:23:14 - Level3 - Find upline query: SELECT id FROM shonu_subjects WHERE owncode = '116629030908'
2026-03-14 23:23:14 - Level3 - Upline found: 113033
2026-03-14 23:23:14 - Level3 - Insert query: INSERT INTO vyavahara (
            balakedara, ketebida, prakara, purba, bartaman, ayoga, koduvavanu, tiarikala, commission_status, process_date
        ) VALUES (
            '113033', '100', 'LVLCOMM3', '10539.65049', '10539.73049', '0.08', '1176073', '2026-03-14 23:23:14', 0, '2026-03-15'
        )
2026-03-14 23:23:14 - Level3 - ✅ INSERT SUCCESSFUL
2026-03-14 23:23:14 - ========== COMMISSION.PHP ENDED ==========

2026-03-14 23:23:51 - ========== COMMISSION.PHP STARTED ==========
2026-03-14 23:23:51 - Bet amount: 100, User ID: 1176073
2026-03-14 23:23:51 - Level commissions: L1=0.4, L2=0.25, L3=0.08, L4=0.01, L5=0.005, L6=0.002
2026-03-14 23:23:51 - Codes query: SELECT code, code1, code2, code3, code4, code5 FROM shonu_subjects WHERE id = '1176073'
2026-03-14 23:23:51 - Referral codes: code=7384791175875, code1=400660113602, code2=116629030908, code3=official, code4=, code5=
2026-03-14 23:23:51 - Next process date: 2026-03-15
2026-03-14 23:23:51 - Level1 - Find upline query: SELECT id FROM shonu_subjects WHERE owncode = '7384791175875'
2026-03-14 23:23:51 - Level1 - Upline found: 1175875
2026-03-14 23:23:51 - Level1 - Insert query: INSERT INTO vyavahara (
            balakedara, ketebida, prakara, purba, bartaman, ayoga, koduvavanu, tiarikala, commission_status, process_date
        ) VALUES (
            '1175875', '100', 'LVLCOMM1', '866', '866.4', '0.4', '1176073', '2026-03-14 23:23:51', 0, '2026-03-15'
        )
2026-03-14 23:23:51 - Level1 - ✅ INSERT SUCCESSFUL
2026-03-14 23:23:51 - Level2 - Find upline query: SELECT id FROM shonu_subjects WHERE owncode = '400660113602'
2026-03-14 23:23:51 - Level2 - Upline found: 113607
2026-03-14 23:23:51 - Level2 - Insert query: INSERT INTO vyavahara (
            balakedara, ketebida, prakara, purba, bartaman, ayoga, koduvavanu, tiarikala, commission_status, process_date
        ) VALUES (
            '113607', '100', 'LVLCOMM2', '19200981.17274', '19200981.42274', '0.25', '1176073', '2026-03-14 23:23:51', 0, '2026-03-15'
        )
2026-03-14 23:23:51 - Level2 - ✅ INSERT SUCCESSFUL
2026-03-14 23:23:51 - Level3 - Find upline query: SELECT id FROM shonu_subjects WHERE owncode = '116629030908'
2026-03-14 23:23:51 - Level3 - Upline found: 113033
2026-03-14 23:23:51 - Level3 - Insert query: INSERT INTO vyavahara (
            balakedara, ketebida, prakara, purba, bartaman, ayoga, koduvavanu, tiarikala, commission_status, process_date
        ) VALUES (
            '113033', '100', 'LVLCOMM3', '10539.65049', '10539.73049', '0.08', '1176073', '2026-03-14 23:23:51', 0, '2026-03-15'
        )
2026-03-14 23:23:51 - Level3 - ✅ INSERT SUCCESSFUL
2026-03-14 23:23:51 - ========== COMMISSION.PHP ENDED ==========

2026-03-14 23:24:11 - ========== COMMISSION.PHP STARTED ==========
2026-03-14 23:24:11 - Bet amount: 200, User ID: 1176073
2026-03-14 23:24:11 - Level commissions: L1=0.8, L2=0.5, L3=0.16, L4=0.02, L5=0.01, L6=0.004
2026-03-14 23:24:11 - Codes query: SELECT code, code1, code2, code3, code4, code5 FROM shonu_subjects WHERE id = '1176073'
2026-03-14 23:24:11 - Referral codes: code=7384791175875, code1=400660113602, code2=116629030908, code3=official, code4=, code5=
2026-03-14 23:24:11 - Next process date: 2026-03-15
2026-03-14 23:24:11 - Level1 - Find upline query: SELECT id FROM shonu_subjects WHERE owncode = '7384791175875'
2026-03-14 23:24:11 - Level1 - Upline found: 1175875
2026-03-14 23:24:11 - Level1 - Insert query: INSERT INTO vyavahara (
            balakedara, ketebida, prakara, purba, bartaman, ayoga, koduvavanu, tiarikala, commission_status, process_date
        ) VALUES (
            '1175875', '200', 'LVLCOMM1', '866', '866.8', '0.8', '1176073', '2026-03-14 23:24:11', 0, '2026-03-15'
        )
2026-03-14 23:24:11 - Level1 - ✅ INSERT SUCCESSFUL
2026-03-14 23:24:11 - Level2 - Find upline query: SELECT id FROM shonu_subjects WHERE owncode = '400660113602'
2026-03-14 23:24:11 - Level2 - Upline found: 113607
2026-03-14 23:24:11 - Level2 - Insert query: INSERT INTO vyavahara (
            balakedara, ketebida, prakara, purba, bartaman, ayoga, koduvavanu, tiarikala, commission_status, process_date
        ) VALUES (
            '113607', '200', 'LVLCOMM2', '19200981.17274', '19200981.67274', '0.5', '1176073', '2026-03-14 23:24:11', 0, '2026-03-15'
        )
2026-03-14 23:24:11 - Level2 - ✅ INSERT SUCCESSFUL
2026-03-14 23:24:11 - Level3 - Find upline query: SELECT id FROM shonu_subjects WHERE owncode = '116629030908'
2026-03-14 23:24:11 - Level3 - Upline found: 113033
2026-03-14 23:24:11 - Level3 - Insert query: INSERT INTO vyavahara (
            balakedara, ketebida, prakara, purba, bartaman, ayoga, koduvavanu, tiarikala, commission_status, process_date
        ) VALUES (
            '113033', '200', 'LVLCOMM3', '10539.65049', '10539.81049', '0.16', '1176073', '2026-03-14 23:24:11', 0, '2026-03-15'
        )
2026-03-14 23:24:11 - Level3 - ✅ INSERT SUCCESSFUL
2026-03-14 23:24:11 - ========== COMMISSION.PHP ENDED ==========

2026-03-14 23:24:43 - ========== COMMISSION.PHP STARTED ==========
2026-03-14 23:24:43 - Bet amount: 300, User ID: 1176073
2026-03-14 23:24:43 - Level commissions: L1=1.2, L2=0.75, L3=0.24, L4=0.03, L5=0.015, L6=0.006
2026-03-14 23:24:43 - Codes query: SELECT code, code1, code2, code3, code4, code5 FROM shonu_subjects WHERE id = '1176073'
2026-03-14 23:24:43 - Referral codes: code=7384791175875, code1=400660113602, code2=116629030908, code3=official, code4=, code5=
2026-03-14 23:24:43 - Next process date: 2026-03-15
2026-03-14 23:24:43 - Level1 - Find upline query: SELECT id FROM shonu_subjects WHERE owncode = '7384791175875'
2026-03-14 23:24:43 - Level1 - Upline found: 1175875
2026-03-14 23:24:43 - Level1 - Insert query: INSERT INTO vyavahara (
            balakedara, ketebida, prakara, purba, bartaman, ayoga, koduvavanu, tiarikala, commission_status, process_date
        ) VALUES (
            '1175875', '300', 'LVLCOMM1', '866', '867.2', '1.2', '1176073', '2026-03-14 23:24:43', 0, '2026-03-15'
        )
2026-03-14 23:24:43 - Level1 - ✅ INSERT SUCCESSFUL
2026-03-14 23:24:43 - Level2 - Find upline query: SELECT id FROM shonu_subjects WHERE owncode = '400660113602'
2026-03-14 23:24:43 - Level2 - Upline found: 113607
2026-03-14 23:24:43 - Level2 - Insert query: INSERT INTO vyavahara (
            balakedara, ketebida, prakara, purba, bartaman, ayoga, koduvavanu, tiarikala, commission_status, process_date
        ) VALUES (
            '113607', '300', 'LVLCOMM2', '19200981.17274', '19200981.92274', '0.75', '1176073', '2026-03-14 23:24:43', 0, '2026-03-15'
        )
2026-03-14 23:24:43 - Level2 - ✅ INSERT SUCCESSFUL
2026-03-14 23:24:43 - Level3 - Find upline query: SELECT id FROM shonu_subjects WHERE owncode = '116629030908'
2026-03-14 23:24:43 - Level3 - Upline found: 113033
2026-03-14 23:24:43 - Level3 - Insert query: INSERT INTO vyavahara (
            balakedara, ketebida, prakara, purba, bartaman, ayoga, koduvavanu, tiarikala, commission_status, process_date
        ) VALUES (
            '113033', '300', 'LVLCOMM3', '10539.65049', '10539.89049', '0.24', '1176073', '2026-03-14 23:24:43', 0, '2026-03-15'
        )
2026-03-14 23:24:43 - Level3 - ✅ INSERT SUCCESSFUL
2026-03-14 23:24:43 - ========== COMMISSION.PHP ENDED ==========

2026-03-14 23:25:14 - ========== COMMISSION.PHP STARTED ==========
2026-03-14 23:25:14 - Bet amount: 200, User ID: 1176073
2026-03-14 23:25:14 - Level commissions: L1=0.8, L2=0.5, L3=0.16, L4=0.02, L5=0.01, L6=0.004
2026-03-14 23:25:14 - Codes query: SELECT code, code1, code2, code3, code4, code5 FROM shonu_subjects WHERE id = '1176073'
2026-03-14 23:25:14 - Referral codes: code=7384791175875, code1=400660113602, code2=116629030908, code3=official, code4=, code5=
2026-03-14 23:25:14 - Next process date: 2026-03-15
2026-03-14 23:25:14 - Level1 - Find upline query: SELECT id FROM shonu_subjects WHERE owncode = '7384791175875'
2026-03-14 23:25:14 - Level1 - Upline found: 1175875
2026-03-14 23:25:14 - Level1 - Insert query: INSERT INTO vyavahara (
            balakedara, ketebida, prakara, purba, bartaman, ayoga, koduvavanu, tiarikala, commission_status, process_date
        ) VALUES (
            '1175875', '200', 'LVLCOMM1', '866', '866.8', '0.8', '1176073', '2026-03-14 23:25:14', 0, '2026-03-15'
        )
2026-03-14 23:25:14 - Level1 - ✅ INSERT SUCCESSFUL
2026-03-14 23:25:14 - Level2 - Find upline query: SELECT id FROM shonu_subjects WHERE owncode = '400660113602'
2026-03-14 23:25:14 - Level2 - Upline found: 113607
2026-03-14 23:25:14 - Level2 - Insert query: INSERT INTO vyavahara (
            balakedara, ketebida, prakara, purba, bartaman, ayoga, koduvavanu, tiarikala, commission_status, process_date
        ) VALUES (
            '113607', '200', 'LVLCOMM2', '19200981.17274', '19200981.67274', '0.5', '1176073', '2026-03-14 23:25:14', 0, '2026-03-15'
        )
2026-03-14 23:25:14 - Level2 - ✅ INSERT SUCCESSFUL
2026-03-14 23:25:14 - Level3 - Find upline query: SELECT id FROM shonu_subjects WHERE owncode = '116629030908'
2026-03-14 23:25:14 - Level3 - Upline found: 113033
2026-03-14 23:25:14 - Level3 - Insert query: INSERT INTO vyavahara (
            balakedara, ketebida, prakara, purba, bartaman, ayoga, koduvavanu, tiarikala, commission_status, process_date
        ) VALUES (
            '113033', '200', 'LVLCOMM3', '10539.65049', '10539.81049', '0.16', '1176073', '2026-03-14 23:25:14', 0, '2026-03-15'
        )
2026-03-14 23:25:14 - Level3 - ✅ INSERT SUCCESSFUL
2026-03-14 23:25:14 - ========== COMMISSION.PHP ENDED ==========

2026-03-14 23:25:46 - ========== COMMISSION.PHP STARTED ==========
2026-03-14 23:25:46 - Bet amount: 200, User ID: 1176073
2026-03-14 23:25:46 - Level commissions: L1=0.8, L2=0.5, L3=0.16, L4=0.02, L5=0.01, L6=0.004
2026-03-14 23:25:46 - Codes query: SELECT code, code1, code2, code3, code4, code5 FROM shonu_subjects WHERE id = '1176073'
2026-03-14 23:25:46 - Referral codes: code=7384791175875, code1=400660113602, code2=116629030908, code3=official, code4=, code5=
2026-03-14 23:25:46 - Next process date: 2026-03-15
2026-03-14 23:25:46 - Level1 - Find upline query: SELECT id FROM shonu_subjects WHERE owncode = '7384791175875'
2026-03-14 23:25:46 - Level1 - Upline found: 1175875
2026-03-14 23:25:46 - Level1 - Insert query: INSERT INTO vyavahara (
            balakedara, ketebida, prakara, purba, bartaman, ayoga, koduvavanu, tiarikala, commission_status, process_date
        ) VALUES (
            '1175875', '200', 'LVLCOMM1', '866', '866.8', '0.8', '1176073', '2026-03-14 23:25:46', 0, '2026-03-15'
        )
2026-03-14 23:25:46 - Level1 - ✅ INSERT SUCCESSFUL
2026-03-14 23:25:46 - Level2 - Find upline query: SELECT id FROM shonu_subjects WHERE owncode = '400660113602'
2026-03-14 23:25:46 - Level2 - Upline found: 113607
2026-03-14 23:25:46 - Level2 - Insert query: INSERT INTO vyavahara (
            balakedara, ketebida, prakara, purba, bartaman, ayoga, koduvavanu, tiarikala, commission_status, process_date
        ) VALUES (
            '113607', '200', 'LVLCOMM2', '19200981.17274', '19200981.67274', '0.5', '1176073', '2026-03-14 23:25:46', 0, '2026-03-15'
        )
2026-03-14 23:25:46 - Level2 - ✅ INSERT SUCCESSFUL
2026-03-14 23:25:46 - Level3 - Find upline query: SELECT id FROM shonu_subjects WHERE owncode = '116629030908'
2026-03-14 23:25:46 - Level3 - Upline found: 113033
2026-03-14 23:25:46 - Level3 - Insert query: INSERT INTO vyavahara (
            balakedara, ketebida, prakara, purba, bartaman, ayoga, koduvavanu, tiarikala, commission_status, process_date
        ) VALUES (
            '113033', '200', 'LVLCOMM3', '10539.65049', '10539.81049', '0.16', '1176073', '2026-03-14 23:25:46', 0, '2026-03-15'
        )
2026-03-14 23:25:46 - Level3 - ✅ INSERT SUCCESSFUL
2026-03-14 23:25:46 - ========== COMMISSION.PHP ENDED ==========

2026-03-14 23:26:14 - ========== COMMISSION.PHP STARTED ==========
2026-03-14 23:26:14 - Bet amount: 500, User ID: 1176073
2026-03-14 23:26:14 - Level commissions: L1=2, L2=1.25, L3=0.4, L4=0.05, L5=0.025, L6=0.01
2026-03-14 23:26:14 - Codes query: SELECT code, code1, code2, code3, code4, code5 FROM shonu_subjects WHERE id = '1176073'
2026-03-14 23:26:14 - Referral codes: code=7384791175875, code1=400660113602, code2=116629030908, code3=official, code4=, code5=
2026-03-14 23:26:14 - Next process date: 2026-03-15
2026-03-14 23:26:14 - Level1 - Find upline query: SELECT id FROM shonu_subjects WHERE owncode = '7384791175875'
2026-03-14 23:26:14 - Level1 - Upline found: 1175875
2026-03-14 23:26:14 - Level1 - Insert query: INSERT INTO vyavahara (
            balakedara, ketebida, prakara, purba, bartaman, ayoga, koduvavanu, tiarikala, commission_status, process_date
        ) VALUES (
            '1175875', '500', 'LVLCOMM1', '866', '868', '2', '1176073', '2026-03-14 23:26:14', 0, '2026-03-15'
        )
2026-03-14 23:26:14 - Level1 - ✅ INSERT SUCCESSFUL
2026-03-14 23:26:14 - Level2 - Find upline query: SELECT id FROM shonu_subjects WHERE owncode = '400660113602'
2026-03-14 23:26:14 - Level2 - Upline found: 113607
2026-03-14 23:26:14 - Level2 - Insert query: INSERT INTO vyavahara (
            balakedara, ketebida, prakara, purba, bartaman, ayoga, koduvavanu, tiarikala, commission_status, process_date
        ) VALUES (
            '113607', '500', 'LVLCOMM2', '19200981.17274', '19200982.42274', '1.25', '1176073', '2026-03-14 23:26:14', 0, '2026-03-15'
        )
2026-03-14 23:26:14 - Level2 - ✅ INSERT SUCCESSFUL
2026-03-14 23:26:14 - Level3 - Find upline query: SELECT id FROM shonu_subjects WHERE owncode = '116629030908'
2026-03-14 23:26:14 - Level3 - Upline found: 113033
2026-03-14 23:26:14 - Level3 - Insert query: INSERT INTO vyavahara (
            balakedara, ketebida, prakara, purba, bartaman, ayoga, koduvavanu, tiarikala, commission_status, process_date
        ) VALUES (
            '113033', '500', 'LVLCOMM3', '10539.65049', '10540.05049', '0.4', '1176073', '2026-03-14 23:26:14', 0, '2026-03-15'
        )
2026-03-14 23:26:14 - Level3 - ✅ INSERT SUCCESSFUL
2026-03-14 23:26:14 - ========== COMMISSION.PHP ENDED ==========

2026-03-14 23:26:50 - ========== COMMISSION.PHP STARTED ==========
2026-03-14 23:26:50 - Bet amount: 500, User ID: 1176073
2026-03-14 23:26:50 - Level commissions: L1=2, L2=1.25, L3=0.4, L4=0.05, L5=0.025, L6=0.01
2026-03-14 23:26:50 - Codes query: SELECT code, code1, code2, code3, code4, code5 FROM shonu_subjects WHERE id = '1176073'
2026-03-14 23:26:50 - Referral codes: code=7384791175875, code1=400660113602, code2=116629030908, code3=official, code4=, code5=
2026-03-14 23:26:50 - Next process date: 2026-03-15
2026-03-14 23:26:50 - Level1 - Find upline query: SELECT id FROM shonu_subjects WHERE owncode = '7384791175875'
2026-03-14 23:26:50 - Level1 - Upline found: 1175875
2026-03-14 23:26:50 - Level1 - Insert query: INSERT INTO vyavahara (
            balakedara, ketebida, prakara, purba, bartaman, ayoga, koduvavanu, tiarikala, commission_status, process_date
        ) VALUES (
            '1175875', '500', 'LVLCOMM1', '866', '868', '2', '1176073', '2026-03-14 23:26:50', 0, '2026-03-15'
        )
2026-03-14 23:26:50 - Level1 - ✅ INSERT SUCCESSFUL
2026-03-14 23:26:50 - Level2 - Find upline query: SELECT id FROM shonu_subjects WHERE owncode = '400660113602'
2026-03-14 23:26:50 - Level2 - Upline found: 113607
2026-03-14 23:26:50 - Level2 - Insert query: INSERT INTO vyavahara (
            balakedara, ketebida, prakara, purba, bartaman, ayoga, koduvavanu, tiarikala, commission_status, process_date
        ) VALUES (
            '113607', '500', 'LVLCOMM2', '19200981.17274', '19200982.42274', '1.25', '1176073', '2026-03-14 23:26:50', 0, '2026-03-15'
        )
2026-03-14 23:26:50 - Level2 - ✅ INSERT SUCCESSFUL
2026-03-14 23:26:50 - Level3 - Find upline query: SELECT id FROM shonu_subjects WHERE owncode = '116629030908'
2026-03-14 23:26:50 - Level3 - Upline found: 113033
2026-03-14 23:26:50 - Level3 - Insert query: INSERT INTO vyavahara (
            balakedara, ketebida, prakara, purba, bartaman, ayoga, koduvavanu, tiarikala, commission_status, process_date
        ) VALUES (
            '113033', '500', 'LVLCOMM3', '10539.65049', '10540.05049', '0.4', '1176073', '2026-03-14 23:26:50', 0, '2026-03-15'
        )
2026-03-14 23:26:50 - Level3 - ✅ INSERT SUCCESSFUL
2026-03-14 23:26:50 - ========== COMMISSION.PHP ENDED ==========

2026-03-14 23:27:12 - ========== COMMISSION.PHP STARTED ==========
2026-03-14 23:27:12 - Bet amount: 1000, User ID: 1176073
2026-03-14 23:27:12 - Level commissions: L1=4, L2=2.5, L3=0.8, L4=0.1, L5=0.05, L6=0.02
2026-03-14 23:27:12 - Codes query: SELECT code, code1, code2, code3, code4, code5 FROM shonu_subjects WHERE id = '1176073'
2026-03-14 23:27:12 - Referral codes: code=7384791175875, code1=400660113602, code2=116629030908, code3=official, code4=, code5=
2026-03-14 23:27:12 - Next process date: 2026-03-15
2026-03-14 23:27:12 - Level1 - Find upline query: SELECT id FROM shonu_subjects WHERE owncode = '7384791175875'
2026-03-14 23:27:12 - Level1 - Upline found: 1175875
2026-03-14 23:27:12 - Level1 - Insert query: INSERT INTO vyavahara (
            balakedara, ketebida, prakara, purba, bartaman, ayoga, koduvavanu, tiarikala, commission_status, process_date
        ) VALUES (
            '1175875', '1000', 'LVLCOMM1', '866', '870', '4', '1176073', '2026-03-14 23:27:12', 0, '2026-03-15'
        )
2026-03-14 23:27:12 - Level1 - ✅ INSERT SUCCESSFUL
2026-03-14 23:27:12 - Level2 - Find upline query: SELECT id FROM shonu_subjects WHERE owncode = '400660113602'
2026-03-14 23:27:12 - Level2 - Upline found: 113607
2026-03-14 23:27:12 - Level2 - Insert query: INSERT INTO vyavahara (
            balakedara, ketebida, prakara, purba, bartaman, ayoga, koduvavanu, tiarikala, commission_status, process_date
        ) VALUES (
            '113607', '1000', 'LVLCOMM2', '19200981.17274', '19200983.67274', '2.5', '1176073', '2026-03-14 23:27:12', 0, '2026-03-15'
        )
2026-03-14 23:27:12 - Level2 - ✅ INSERT SUCCESSFUL
2026-03-14 23:27:12 - Level3 - Find upline query: SELECT id FROM shonu_subjects WHERE owncode = '116629030908'
2026-03-14 23:27:12 - Level3 - Upline found: 113033
2026-03-14 23:27:12 - Level3 - Insert query: INSERT INTO vyavahara (
            balakedara, ketebida, prakara, purba, bartaman, ayoga, koduvavanu, tiarikala, commission_status, process_date
        ) VALUES (
            '113033', '1000', 'LVLCOMM3', '10539.65049', '10540.45049', '0.8', '1176073', '2026-03-14 23:27:12', 0, '2026-03-15'
        )
2026-03-14 23:27:12 - Level3 - ✅ INSERT SUCCESSFUL
2026-03-14 23:27:12 - ========== COMMISSION.PHP ENDED ==========

2026-03-14 23:27:44 - ========== COMMISSION.PHP STARTED ==========
2026-03-14 23:27:44 - Bet amount: 200, User ID: 1176073
2026-03-14 23:27:44 - Level commissions: L1=0.8, L2=0.5, L3=0.16, L4=0.02, L5=0.01, L6=0.004
2026-03-14 23:27:44 - Codes query: SELECT code, code1, code2, code3, code4, code5 FROM shonu_subjects WHERE id = '1176073'
2026-03-14 23:27:44 - Referral codes: code=7384791175875, code1=400660113602, code2=116629030908, code3=official, code4=, code5=
2026-03-14 23:27:44 - Next process date: 2026-03-15
2026-03-14 23:27:44 - Level1 - Find upline query: SELECT id FROM shonu_subjects WHERE owncode = '7384791175875'
2026-03-14 23:27:44 - Level1 - Upline found: 1175875
2026-03-14 23:27:44 - Level1 - Insert query: INSERT INTO vyavahara (
            balakedara, ketebida, prakara, purba, bartaman, ayoga, koduvavanu, tiarikala, commission_status, process_date
        ) VALUES (
            '1175875', '200', 'LVLCOMM1', '866', '866.8', '0.8', '1176073', '2026-03-14 23:27:44', 0, '2026-03-15'
        )
2026-03-14 23:27:44 - Level1 - ✅ INSERT SUCCESSFUL
2026-03-14 23:27:44 - Level2 - Find upline query: SELECT id FROM shonu_subjects WHERE owncode = '400660113602'
2026-03-14 23:27:44 - Level2 - Upline found: 113607
2026-03-14 23:27:44 - Level2 - Insert query: INSERT INTO vyavahara (
            balakedara, ketebida, prakara, purba, bartaman, ayoga, koduvavanu, tiarikala, commission_status, process_date
        ) VALUES (
            '113607', '200', 'LVLCOMM2', '19200981.17274', '19200981.67274', '0.5', '1176073', '2026-03-14 23:27:44', 0, '2026-03-15'
        )
2026-03-14 23:27:44 - Level2 - ✅ INSERT SUCCESSFUL
2026-03-14 23:27:44 - Level3 - Find upline query: SELECT id FROM shonu_subjects WHERE owncode = '116629030908'
2026-03-14 23:27:44 - Level3 - Upline found: 113033
2026-03-14 23:27:44 - Level3 - Insert query: INSERT INTO vyavahara (
            balakedara, ketebida, prakara, purba, bartaman, ayoga, koduvavanu, tiarikala, commission_status, process_date
        ) VALUES (
            '113033', '200', 'LVLCOMM3', '10539.65049', '10539.81049', '0.16', '1176073', '2026-03-14 23:27:44', 0, '2026-03-15'
        )
2026-03-14 23:27:44 - Level3 - ✅ INSERT SUCCESSFUL
2026-03-14 23:27:44 - ========== COMMISSION.PHP ENDED ==========

2026-03-14 23:28:14 - ========== COMMISSION.PHP STARTED ==========
2026-03-14 23:28:14 - Bet amount: 500, User ID: 1176073
2026-03-14 23:28:14 - Level commissions: L1=2, L2=1.25, L3=0.4, L4=0.05, L5=0.025, L6=0.01
2026-03-14 23:28:14 - Codes query: SELECT code, code1, code2, code3, code4, code5 FROM shonu_subjects WHERE id = '1176073'
2026-03-14 23:28:14 - Referral codes: code=7384791175875, code1=400660113602, code2=116629030908, code3=official, code4=, code5=
2026-03-14 23:28:14 - Next process date: 2026-03-15
2026-03-14 23:28:14 - Level1 - Find upline query: SELECT id FROM shonu_subjects WHERE owncode = '7384791175875'
2026-03-14 23:28:14 - Level1 - Upline found: 1175875
2026-03-14 23:28:14 - Level1 - Insert query: INSERT INTO vyavahara (
            balakedara, ketebida, prakara, purba, bartaman, ayoga, koduvavanu, tiarikala, commission_status, process_date
        ) VALUES (
            '1175875', '500', 'LVLCOMM1', '866', '868', '2', '1176073', '2026-03-14 23:28:14', 0, '2026-03-15'
        )
2026-03-14 23:28:14 - Level1 - ✅ INSERT SUCCESSFUL
2026-03-14 23:28:14 - Level2 - Find upline query: SELECT id FROM shonu_subjects WHERE owncode = '400660113602'
2026-03-14 23:28:14 - Level2 - Upline found: 113607
2026-03-14 23:28:14 - Level2 - Insert query: INSERT INTO vyavahara (
            balakedara, ketebida, prakara, purba, bartaman, ayoga, koduvavanu, tiarikala, commission_status, process_date
        ) VALUES (
            '113607', '500', 'LVLCOMM2', '19200981.17274', '19200982.42274', '1.25', '1176073', '2026-03-14 23:28:14', 0, '2026-03-15'
        )
2026-03-14 23:28:14 - Level2 - ✅ INSERT SUCCESSFUL
2026-03-14 23:28:14 - Level3 - Find upline query: SELECT id FROM shonu_subjects WHERE owncode = '116629030908'
2026-03-14 23:28:14 - Level3 - Upline found: 113033
2026-03-14 23:28:14 - Level3 - Insert query: INSERT INTO vyavahara (
            balakedara, ketebida, prakara, purba, bartaman, ayoga, koduvavanu, tiarikala, commission_status, process_date
        ) VALUES (
            '113033', '500', 'LVLCOMM3', '10539.65049', '10540.05049', '0.4', '1176073', '2026-03-14 23:28:14', 0, '2026-03-15'
        )
2026-03-14 23:28:14 - Level3 - ✅ INSERT SUCCESSFUL
2026-03-14 23:28:14 - ========== COMMISSION.PHP ENDED ==========

2026-03-14 23:28:44 - ========== COMMISSION.PHP STARTED ==========
2026-03-14 23:28:44 - Bet amount: 500, User ID: 1176073
2026-03-14 23:28:44 - Level commissions: L1=2, L2=1.25, L3=0.4, L4=0.05, L5=0.025, L6=0.01
2026-03-14 23:28:44 - Codes query: SELECT code, code1, code2, code3, code4, code5 FROM shonu_subjects WHERE id = '1176073'
2026-03-14 23:28:44 - Referral codes: code=7384791175875, code1=400660113602, code2=116629030908, code3=official, code4=, code5=
2026-03-14 23:28:44 - Next process date: 2026-03-15
2026-03-14 23:28:44 - Level1 - Find upline query: SELECT id FROM shonu_subjects WHERE owncode = '7384791175875'
2026-03-14 23:28:44 - Level1 - Upline found: 1175875
2026-03-14 23:28:44 - Level1 - Insert query: INSERT INTO vyavahara (
            balakedara, ketebida, prakara, purba, bartaman, ayoga, koduvavanu, tiarikala, commission_status, process_date
        ) VALUES (
            '1175875', '500', 'LVLCOMM1', '866', '868', '2', '1176073', '2026-03-14 23:28:44', 0, '2026-03-15'
        )
2026-03-14 23:28:44 - Level1 - ✅ INSERT SUCCESSFUL
2026-03-14 23:28:44 - Level2 - Find upline query: SELECT id FROM shonu_subjects WHERE owncode = '400660113602'
2026-03-14 23:28:44 - Level2 - Upline found: 113607
2026-03-14 23:28:44 - Level2 - Insert query: INSERT INTO vyavahara (
            balakedara, ketebida, prakara, purba, bartaman, ayoga, koduvavanu, tiarikala, commission_status, process_date
        ) VALUES (
            '113607', '500', 'LVLCOMM2', '19200981.17274', '19200982.42274', '1.25', '1176073', '2026-03-14 23:28:44', 0, '2026-03-15'
        )
2026-03-14 23:28:44 - Level2 - ✅ INSERT SUCCESSFUL
2026-03-14 23:28:44 - Level3 - Find upline query: SELECT id FROM shonu_subjects WHERE owncode = '116629030908'
2026-03-14 23:28:44 - Level3 - Upline found: 113033
2026-03-14 23:28:44 - Level3 - Insert query: INSERT INTO vyavahara (
            balakedara, ketebida, prakara, purba, bartaman, ayoga, koduvavanu, tiarikala, commission_status, process_date
        ) VALUES (
            '113033', '500', 'LVLCOMM3', '10539.65049', '10540.05049', '0.4', '1176073', '2026-03-14 23:28:44', 0, '2026-03-15'
        )
2026-03-14 23:28:44 - Level3 - ✅ INSERT SUCCESSFUL
2026-03-14 23:28:44 - ========== COMMISSION.PHP ENDED ==========

2026-03-14 23:29:20 - ========== COMMISSION.PHP STARTED ==========
2026-03-14 23:29:20 - Bet amount: 1000, User ID: 1176073
2026-03-14 23:29:20 - Level commissions: L1=4, L2=2.5, L3=0.8, L4=0.1, L5=0.05, L6=0.02
2026-03-14 23:29:20 - Codes query: SELECT code, code1, code2, code3, code4, code5 FROM shonu_subjects WHERE id = '1176073'
2026-03-14 23:29:20 - Referral codes: code=7384791175875, code1=400660113602, code2=116629030908, code3=official, code4=, code5=
2026-03-14 23:29:20 - Next process date: 2026-03-15
2026-03-14 23:29:20 - Level1 - Find upline query: SELECT id FROM shonu_subjects WHERE owncode = '7384791175875'
2026-03-14 23:29:20 - Level1 - Upline found: 1175875
2026-03-14 23:29:20 - Level1 - Insert query: INSERT INTO vyavahara (
            balakedara, ketebida, prakara, purba, bartaman, ayoga, koduvavanu, tiarikala, commission_status, process_date
        ) VALUES (
            '1175875', '1000', 'LVLCOMM1', '866', '870', '4', '1176073', '2026-03-14 23:29:20', 0, '2026-03-15'
        )
2026-03-14 23:29:20 - Level1 - ✅ INSERT SUCCESSFUL
2026-03-14 23:29:20 - Level2 - Find upline query: SELECT id FROM shonu_subjects WHERE owncode = '400660113602'
2026-03-14 23:29:20 - Level2 - Upline found: 113607
2026-03-14 23:29:20 - Level2 - Insert query: INSERT INTO vyavahara (
            balakedara, ketebida, prakara, purba, bartaman, ayoga, koduvavanu, tiarikala, commission_status, process_date
        ) VALUES (
            '113607', '1000', 'LVLCOMM2', '19200981.17274', '19200983.67274', '2.5', '1176073', '2026-03-14 23:29:20', 0, '2026-03-15'
        )
2026-03-14 23:29:20 - Level2 - ✅ INSERT SUCCESSFUL
2026-03-14 23:29:20 - Level3 - Find upline query: SELECT id FROM shonu_subjects WHERE owncode = '116629030908'
2026-03-14 23:29:20 - Level3 - Upline found: 113033
2026-03-14 23:29:20 - Level3 - Insert query: INSERT INTO vyavahara (
            balakedara, ketebida, prakara, purba, bartaman, ayoga, koduvavanu, tiarikala, commission_status, process_date
        ) VALUES (
            '113033', '1000', 'LVLCOMM3', '10539.65049', '10540.45049', '0.8', '1176073', '2026-03-14 23:29:20', 0, '2026-03-15'
        )
2026-03-14 23:29:20 - Level3 - ✅ INSERT SUCCESSFUL
2026-03-14 23:29:20 - ========== COMMISSION.PHP ENDED ==========

2026-03-14 23:29:47 - ========== COMMISSION.PHP STARTED ==========
2026-03-14 23:29:47 - Bet amount: 500, User ID: 1176073
2026-03-14 23:29:47 - Level commissions: L1=2, L2=1.25, L3=0.4, L4=0.05, L5=0.025, L6=0.01
2026-03-14 23:29:47 - Codes query: SELECT code, code1, code2, code3, code4, code5 FROM shonu_subjects WHERE id = '1176073'
2026-03-14 23:29:47 - Referral codes: code=7384791175875, code1=400660113602, code2=116629030908, code3=official, code4=, code5=
2026-03-14 23:29:47 - Next process date: 2026-03-15
2026-03-14 23:29:47 - Level1 - Find upline query: SELECT id FROM shonu_subjects WHERE owncode = '7384791175875'
2026-03-14 23:29:47 - Level1 - Upline found: 1175875
2026-03-14 23:29:47 - Level1 - Insert query: INSERT INTO vyavahara (
            balakedara, ketebida, prakara, purba, bartaman, ayoga, koduvavanu, tiarikala, commission_status, process_date
        ) VALUES (
            '1175875', '500', 'LVLCOMM1', '866', '868', '2', '1176073', '2026-03-14 23:29:47', 0, '2026-03-15'
        )
2026-03-14 23:29:47 - Level1 - ✅ INSERT SUCCESSFUL
2026-03-14 23:29:47 - Level2 - Find upline query: SELECT id FROM shonu_subjects WHERE owncode = '400660113602'
2026-03-14 23:29:47 - Level2 - Upline found: 113607
2026-03-14 23:29:47 - Level2 - Insert query: INSERT INTO vyavahara (
            balakedara, ketebida, prakara, purba, bartaman, ayoga, koduvavanu, tiarikala, commission_status, process_date
        ) VALUES (
            '113607', '500', 'LVLCOMM2', '19200981.17274', '19200982.42274', '1.25', '1176073', '2026-03-14 23:29:47', 0, '2026-03-15'
        )
2026-03-14 23:29:47 - Level2 - ✅ INSERT SUCCESSFUL
2026-03-14 23:29:47 - Level3 - Find upline query: SELECT id FROM shonu_subjects WHERE owncode = '116629030908'
2026-03-14 23:29:47 - Level3 - Upline found: 113033
2026-03-14 23:29:47 - Level3 - Insert query: INSERT INTO vyavahara (
            balakedara, ketebida, prakara, purba, bartaman, ayoga, koduvavanu, tiarikala, commission_status, process_date
        ) VALUES (
            '113033', '500', 'LVLCOMM3', '10539.65049', '10540.05049', '0.4', '1176073', '2026-03-14 23:29:47', 0, '2026-03-15'
        )
2026-03-14 23:29:47 - Level3 - ✅ INSERT SUCCESSFUL
2026-03-14 23:29:47 - ========== COMMISSION.PHP ENDED ==========

2026-03-14 23:30:14 - ========== COMMISSION.PHP STARTED ==========
2026-03-14 23:30:14 - Bet amount: 1000, User ID: 1176073
2026-03-14 23:30:14 - Level commissions: L1=4, L2=2.5, L3=0.8, L4=0.1, L5=0.05, L6=0.02
2026-03-14 23:30:14 - Codes query: SELECT code, code1, code2, code3, code4, code5 FROM shonu_subjects WHERE id = '1176073'
2026-03-14 23:30:14 - Referral codes: code=7384791175875, code1=400660113602, code2=116629030908, code3=official, code4=, code5=
2026-03-14 23:30:14 - Next process date: 2026-03-15
2026-03-14 23:30:14 - Level1 - Find upline query: SELECT id FROM shonu_subjects WHERE owncode = '7384791175875'
2026-03-14 23:30:14 - Level1 - Upline found: 1175875
2026-03-14 23:30:14 - Level1 - Insert query: INSERT INTO vyavahara (
            balakedara, ketebida, prakara, purba, bartaman, ayoga, koduvavanu, tiarikala, commission_status, process_date
        ) VALUES (
            '1175875', '1000', 'LVLCOMM1', '866', '870', '4', '1176073', '2026-03-14 23:30:14', 0, '2026-03-15'
        )
2026-03-14 23:30:14 - Level1 - ✅ INSERT SUCCESSFUL
2026-03-14 23:30:14 - Level2 - Find upline query: SELECT id FROM shonu_subjects WHERE owncode = '400660113602'
2026-03-14 23:30:14 - Level2 - Upline found: 113607
2026-03-14 23:30:14 - Level2 - Insert query: INSERT INTO vyavahara (
            balakedara, ketebida, prakara, purba, bartaman, ayoga, koduvavanu, tiarikala, commission_status, process_date
        ) VALUES (
            '113607', '1000', 'LVLCOMM2', '19200981.17274', '19200983.67274', '2.5', '1176073', '2026-03-14 23:30:14', 0, '2026-03-15'
        )
2026-03-14 23:30:14 - Level2 - ✅ INSERT SUCCESSFUL
2026-03-14 23:30:14 - Level3 - Find upline query: SELECT id FROM shonu_subjects WHERE owncode = '116629030908'
2026-03-14 23:30:14 - Level3 - Upline found: 113033
2026-03-14 23:30:14 - Level3 - Insert query: INSERT INTO vyavahara (
            balakedara, ketebida, prakara, purba, bartaman, ayoga, koduvavanu, tiarikala, commission_status, process_date
        ) VALUES (
            '113033', '1000', 'LVLCOMM3', '10539.65049', '10540.45049', '0.8', '1176073', '2026-03-14 23:30:14', 0, '2026-03-15'
        )
2026-03-14 23:30:14 - Level3 - ✅ INSERT SUCCESSFUL
2026-03-14 23:30:14 - ========== COMMISSION.PHP ENDED ==========

2026-03-14 23:30:47 - ========== COMMISSION.PHP STARTED ==========
2026-03-14 23:30:47 - Bet amount: 200, User ID: 1176073
2026-03-14 23:30:47 - Level commissions: L1=0.8, L2=0.5, L3=0.16, L4=0.02, L5=0.01, L6=0.004
2026-03-14 23:30:47 - Codes query: SELECT code, code1, code2, code3, code4, code5 FROM shonu_subjects WHERE id = '1176073'
2026-03-14 23:30:47 - Referral codes: code=7384791175875, code1=400660113602, code2=116629030908, code3=official, code4=, code5=
2026-03-14 23:30:47 - Next process date: 2026-03-15
2026-03-14 23:30:47 - Level1 - Find upline query: SELECT id FROM shonu_subjects WHERE owncode = '7384791175875'
2026-03-14 23:30:47 - Level1 - Upline found: 1175875
2026-03-14 23:30:47 - Level1 - Insert query: INSERT INTO vyavahara (
            balakedara, ketebida, prakara, purba, bartaman, ayoga, koduvavanu, tiarikala, commission_status, process_date
        ) VALUES (
            '1175875', '200', 'LVLCOMM1', '866', '866.8', '0.8', '1176073', '2026-03-14 23:30:47', 0, '2026-03-15'
        )
2026-03-14 23:30:47 - Level1 - ✅ INSERT SUCCESSFUL
2026-03-14 23:30:47 - Level2 - Find upline query: SELECT id FROM shonu_subjects WHERE owncode = '400660113602'
2026-03-14 23:30:47 - Level2 - Upline found: 113607
2026-03-14 23:30:47 - Level2 - Insert query: INSERT INTO vyavahara (
            balakedara, ketebida, prakara, purba, bartaman, ayoga, koduvavanu, tiarikala, commission_status, process_date
        ) VALUES (
            '113607', '200', 'LVLCOMM2', '19200981.17274', '19200981.67274', '0.5', '1176073', '2026-03-14 23:30:47', 0, '2026-03-15'
        )
2026-03-14 23:30:47 - Level2 - ✅ INSERT SUCCESSFUL
2026-03-14 23:30:47 - Level3 - Find upline query: SELECT id FROM shonu_subjects WHERE owncode = '116629030908'
2026-03-14 23:30:47 - Level3 - Upline found: 113033
2026-03-14 23:30:47 - Level3 - Insert query: INSERT INTO vyavahara (
            balakedara, ketebida, prakara, purba, bartaman, ayoga, koduvavanu, tiarikala, commission_status, process_date
        ) VALUES (
            '113033', '200', 'LVLCOMM3', '10539.65049', '10539.81049', '0.16', '1176073', '2026-03-14 23:30:47', 0, '2026-03-15'
        )
2026-03-14 23:30:47 - Level3 - ✅ INSERT SUCCESSFUL
2026-03-14 23:30:47 - ========== COMMISSION.PHP ENDED ==========

2026-03-14 23:31:25 - ========== COMMISSION.PHP STARTED ==========
2026-03-14 23:31:25 - Bet amount: 500, User ID: 1176073
2026-03-14 23:31:25 - Level commissions: L1=2, L2=1.25, L3=0.4, L4=0.05, L5=0.025, L6=0.01
2026-03-14 23:31:25 - Codes query: SELECT code, code1, code2, code3, code4, code5 FROM shonu_subjects WHERE id = '1176073'
2026-03-14 23:31:25 - Referral codes: code=7384791175875, code1=400660113602, code2=116629030908, code3=official, code4=, code5=
2026-03-14 23:31:25 - Next process date: 2026-03-15
2026-03-14 23:31:25 - Level1 - Find upline query: SELECT id FROM shonu_subjects WHERE owncode = '7384791175875'
2026-03-14 23:31:25 - Level1 - Upline found: 1175875
2026-03-14 23:31:25 - Level1 - Insert query: INSERT INTO vyavahara (
            balakedara, ketebida, prakara, purba, bartaman, ayoga, koduvavanu, tiarikala, commission_status, process_date
        ) VALUES (
            '1175875', '500', 'LVLCOMM1', '866', '868', '2', '1176073', '2026-03-14 23:31:25', 0, '2026-03-15'
        )
2026-03-14 23:31:25 - Level1 - ✅ INSERT SUCCESSFUL
2026-03-14 23:31:25 - Level2 - Find upline query: SELECT id FROM shonu_subjects WHERE owncode = '400660113602'
2026-03-14 23:31:25 - Level2 - Upline found: 113607
2026-03-14 23:31:25 - Level2 - Insert query: INSERT INTO vyavahara (
            balakedara, ketebida, prakara, purba, bartaman, ayoga, koduvavanu, tiarikala, commission_status, process_date
        ) VALUES (
            '113607', '500', 'LVLCOMM2', '19200981.17274', '19200982.42274', '1.25', '1176073', '2026-03-14 23:31:25', 0, '2026-03-15'
        )
2026-03-14 23:31:25 - Level2 - ✅ INSERT SUCCESSFUL
2026-03-14 23:31:25 - Level3 - Find upline query: SELECT id FROM shonu_subjects WHERE owncode = '116629030908'
2026-03-14 23:31:25 - Level3 - Upline found: 113033
2026-03-14 23:31:25 - Level3 - Insert query: INSERT INTO vyavahara (
            balakedara, ketebida, prakara, purba, bartaman, ayoga, koduvavanu, tiarikala, commission_status, process_date
        ) VALUES (
            '113033', '500', 'LVLCOMM3', '10539.65049', '10540.05049', '0.4', '1176073', '2026-03-14 23:31:25', 0, '2026-03-15'
        )
2026-03-14 23:31:25 - Level3 - ✅ INSERT SUCCESSFUL
2026-03-14 23:31:25 - ========== COMMISSION.PHP ENDED ==========

2026-03-14 23:31:40 - ========== COMMISSION.PHP STARTED ==========
2026-03-14 23:31:40 - Bet amount: 1000, User ID: 1176073
2026-03-14 23:31:40 - Level commissions: L1=4, L2=2.5, L3=0.8, L4=0.1, L5=0.05, L6=0.02
2026-03-14 23:31:40 - Codes query: SELECT code, code1, code2, code3, code4, code5 FROM shonu_subjects WHERE id = '1176073'
2026-03-14 23:31:40 - Referral codes: code=7384791175875, code1=400660113602, code2=116629030908, code3=official, code4=, code5=
2026-03-14 23:31:40 - Next process date: 2026-03-15
2026-03-14 23:31:40 - Level1 - Find upline query: SELECT id FROM shonu_subjects WHERE owncode = '7384791175875'
2026-03-14 23:31:40 - Level1 - Upline found: 1175875
2026-03-14 23:31:40 - Level1 - Insert query: INSERT INTO vyavahara (
            balakedara, ketebida, prakara, purba, bartaman, ayoga, koduvavanu, tiarikala, commission_status, process_date
        ) VALUES (
            '1175875', '1000', 'LVLCOMM1', '866', '870', '4', '1176073', '2026-03-14 23:31:40', 0, '2026-03-15'
        )
2026-03-14 23:31:40 - Level1 - ✅ INSERT SUCCESSFUL
2026-03-14 23:31:40 - Level2 - Find upline query: SELECT id FROM shonu_subjects WHERE owncode = '400660113602'
2026-03-14 23:31:40 - Level2 - Upline found: 113607
2026-03-14 23:31:40 - Level2 - Insert query: INSERT INTO vyavahara (
            balakedara, ketebida, prakara, purba, bartaman, ayoga, koduvavanu, tiarikala, commission_status, process_date
        ) VALUES (
            '113607', '1000', 'LVLCOMM2', '19200981.17274', '19200983.67274', '2.5', '1176073', '2026-03-14 23:31:40', 0, '2026-03-15'
        )
2026-03-14 23:31:40 - Level2 - ✅ INSERT SUCCESSFUL
2026-03-14 23:31:40 - Level3 - Find upline query: SELECT id FROM shonu_subjects WHERE owncode = '116629030908'
2026-03-14 23:31:40 - Level3 - Upline found: 113033
2026-03-14 23:31:40 - Level3 - Insert query: INSERT INTO vyavahara (
            balakedara, ketebida, prakara, purba, bartaman, ayoga, koduvavanu, tiarikala, commission_status, process_date
        ) VALUES (
            '113033', '1000', 'LVLCOMM3', '10539.65049', '10540.45049', '0.8', '1176073', '2026-03-14 23:31:40', 0, '2026-03-15'
        )
2026-03-14 23:31:40 - Level3 - ✅ INSERT SUCCESSFUL
2026-03-14 23:31:40 - ========== COMMISSION.PHP ENDED ==========

2026-03-14 23:32:11 - ========== COMMISSION.PHP STARTED ==========
2026-03-14 23:32:11 - Bet amount: 1000, User ID: 1176073
2026-03-14 23:32:11 - Level commissions: L1=4, L2=2.5, L3=0.8, L4=0.1, L5=0.05, L6=0.02
2026-03-14 23:32:11 - Codes query: SELECT code, code1, code2, code3, code4, code5 FROM shonu_subjects WHERE id = '1176073'
2026-03-14 23:32:11 - Referral codes: code=7384791175875, code1=400660113602, code2=116629030908, code3=official, code4=, code5=
2026-03-14 23:32:11 - Next process date: 2026-03-15
2026-03-14 23:32:11 - Level1 - Find upline query: SELECT id FROM shonu_subjects WHERE owncode = '7384791175875'
2026-03-14 23:32:11 - Level1 - Upline found: 1175875
2026-03-14 23:32:11 - Level1 - Insert query: INSERT INTO vyavahara (
            balakedara, ketebida, prakara, purba, bartaman, ayoga, koduvavanu, tiarikala, commission_status, process_date
        ) VALUES (
            '1175875', '1000', 'LVLCOMM1', '866', '870', '4', '1176073', '2026-03-14 23:32:11', 0, '2026-03-15'
        )
2026-03-14 23:32:11 - Level1 - ✅ INSERT SUCCESSFUL
2026-03-14 23:32:11 - Level2 - Find upline query: SELECT id FROM shonu_subjects WHERE owncode = '400660113602'
2026-03-14 23:32:11 - Level2 - Upline found: 113607
2026-03-14 23:32:11 - Level2 - Insert query: INSERT INTO vyavahara (
            balakedara, ketebida, prakara, purba, bartaman, ayoga, koduvavanu, tiarikala, commission_status, process_date
        ) VALUES (
            '113607', '1000', 'LVLCOMM2', '19200981.17274', '19200983.67274', '2.5', '1176073', '2026-03-14 23:32:11', 0, '2026-03-15'
        )
2026-03-14 23:32:11 - Level2 - ✅ INSERT SUCCESSFUL
2026-03-14 23:32:11 - Level3 - Find upline query: SELECT id FROM shonu_subjects WHERE owncode = '116629030908'
2026-03-14 23:32:11 - Level3 - Upline found: 113033
2026-03-14 23:32:11 - Level3 - Insert query: INSERT INTO vyavahara (
            balakedara, ketebida, prakara, purba, bartaman, ayoga, koduvavanu, tiarikala, commission_status, process_date
        ) VALUES (
            '113033', '1000', 'LVLCOMM3', '10539.65049', '10540.45049', '0.8', '1176073', '2026-03-14 23:32:11', 0, '2026-03-15'
        )
2026-03-14 23:32:11 - Level3 - ✅ INSERT SUCCESSFUL
2026-03-14 23:32:11 - ========== COMMISSION.PHP ENDED ==========

2026-03-14 23:32:40 - ========== COMMISSION.PHP STARTED ==========
2026-03-14 23:32:40 - Bet amount: 1000, User ID: 1176073
2026-03-14 23:32:40 - Level commissions: L1=4, L2=2.5, L3=0.8, L4=0.1, L5=0.05, L6=0.02
2026-03-14 23:32:40 - Codes query: SELECT code, code1, code2, code3, code4, code5 FROM shonu_subjects WHERE id = '1176073'
2026-03-14 23:32:40 - Referral codes: code=7384791175875, code1=400660113602, code2=116629030908, code3=official, code4=, code5=
2026-03-14 23:32:40 - Next process date: 2026-03-15
2026-03-14 23:32:40 - Level1 - Find upline query: SELECT id FROM shonu_subjects WHERE owncode = '7384791175875'
2026-03-14 23:32:40 - Level1 - Upline found: 1175875
2026-03-14 23:32:40 - Level1 - Insert query: INSERT INTO vyavahara (
            balakedara, ketebida, prakara, purba, bartaman, ayoga, koduvavanu, tiarikala, commission_status, process_date
        ) VALUES (
            '1175875', '1000', 'LVLCOMM1', '866', '870', '4', '1176073', '2026-03-14 23:32:40', 0, '2026-03-15'
        )
2026-03-14 23:32:40 - Level1 - ✅ INSERT SUCCESSFUL
2026-03-14 23:32:40 - Level2 - Find upline query: SELECT id FROM shonu_subjects WHERE owncode = '400660113602'
2026-03-14 23:32:40 - Level2 - Upline found: 113607
2026-03-14 23:32:40 - Level2 - Insert query: INSERT INTO vyavahara (
            balakedara, ketebida, prakara, purba, bartaman, ayoga, koduvavanu, tiarikala, commission_status, process_date
        ) VALUES (
            '113607', '1000', 'LVLCOMM2', '19200981.17274', '19200983.67274', '2.5', '1176073', '2026-03-14 23:32:40', 0, '2026-03-15'
        )
2026-03-14 23:32:40 - Level2 - ✅ INSERT SUCCESSFUL
2026-03-14 23:32:40 - Level3 - Find upline query: SELECT id FROM shonu_subjects WHERE owncode = '116629030908'
2026-03-14 23:32:40 - Level3 - Upline found: 113033
2026-03-14 23:32:40 - Level3 - Insert query: INSERT INTO vyavahara (
            balakedara, ketebida, prakara, purba, bartaman, ayoga, koduvavanu, tiarikala, commission_status, process_date
        ) VALUES (
            '113033', '1000', 'LVLCOMM3', '10539.65049', '10540.45049', '0.8', '1176073', '2026-03-14 23:32:40', 0, '2026-03-15'
        )
2026-03-14 23:32:40 - Level3 - ✅ INSERT SUCCESSFUL
2026-03-14 23:32:40 - ========== COMMISSION.PHP ENDED ==========

2026-03-14 23:33:47 - ========== COMMISSION.PHP STARTED ==========
2026-03-14 23:33:47 - Bet amount: 1000, User ID: 1176073
2026-03-14 23:33:47 - Level commissions: L1=4, L2=2.5, L3=0.8, L4=0.1, L5=0.05, L6=0.02
2026-03-14 23:33:47 - Codes query: SELECT code, code1, code2, code3, code4, code5 FROM shonu_subjects WHERE id = '1176073'
2026-03-14 23:33:47 - Referral codes: code=7384791175875, code1=400660113602, code2=116629030908, code3=official, code4=, code5=
2026-03-14 23:33:47 - Next process date: 2026-03-15
2026-03-14 23:33:47 - Level1 - Find upline query: SELECT id FROM shonu_subjects WHERE owncode = '7384791175875'
2026-03-14 23:33:47 - Level1 - Upline found: 1175875
2026-03-14 23:33:47 - Level1 - Insert query: INSERT INTO vyavahara (
            balakedara, ketebida, prakara, purba, bartaman, ayoga, koduvavanu, tiarikala, commission_status, process_date
        ) VALUES (
            '1175875', '1000', 'LVLCOMM1', '866', '870', '4', '1176073', '2026-03-14 23:33:47', 0, '2026-03-15'
        )
2026-03-14 23:33:47 - Level1 - ✅ INSERT SUCCESSFUL
2026-03-14 23:33:47 - Level2 - Find upline query: SELECT id FROM shonu_subjects WHERE owncode = '400660113602'
2026-03-14 23:33:47 - Level2 - Upline found: 113607
2026-03-14 23:33:47 - Level2 - Insert query: INSERT INTO vyavahara (
            balakedara, ketebida, prakara, purba, bartaman, ayoga, koduvavanu, tiarikala, commission_status, process_date
        ) VALUES (
            '113607', '1000', 'LVLCOMM2', '19200981.17274', '19200983.67274', '2.5', '1176073', '2026-03-14 23:33:47', 0, '2026-03-15'
        )
2026-03-14 23:33:47 - Level2 - ✅ INSERT SUCCESSFUL
2026-03-14 23:33:47 - Level3 - Find upline query: SELECT id FROM shonu_subjects WHERE owncode = '116629030908'
2026-03-14 23:33:47 - Level3 - Upline found: 113033
2026-03-14 23:33:47 - Level3 - Insert query: INSERT INTO vyavahara (
            balakedara, ketebida, prakara, purba, bartaman, ayoga, koduvavanu, tiarikala, commission_status, process_date
        ) VALUES (
            '113033', '1000', 'LVLCOMM3', '10539.65049', '10540.45049', '0.8', '1176073', '2026-03-14 23:33:47', 0, '2026-03-15'
        )
2026-03-14 23:33:47 - Level3 - ✅ INSERT SUCCESSFUL
2026-03-14 23:33:47 - ========== COMMISSION.PHP ENDED ==========

2026-03-14 23:34:10 - ========== COMMISSION.PHP STARTED ==========
2026-03-14 23:34:10 - Bet amount: 2000, User ID: 1176073
2026-03-14 23:34:10 - Level commissions: L1=8, L2=5, L3=1.6, L4=0.2, L5=0.1, L6=0.04
2026-03-14 23:34:10 - Codes query: SELECT code, code1, code2, code3, code4, code5 FROM shonu_subjects WHERE id = '1176073'
2026-03-14 23:34:10 - Referral codes: code=7384791175875, code1=400660113602, code2=116629030908, code3=official, code4=, code5=
2026-03-14 23:34:10 - Next process date: 2026-03-15
2026-03-14 23:34:10 - Level1 - Find upline query: SELECT id FROM shonu_subjects WHERE owncode = '7384791175875'
2026-03-14 23:34:10 - Level1 - Upline found: 1175875
2026-03-14 23:34:10 - Level1 - Insert query: INSERT INTO vyavahara (
            balakedara, ketebida, prakara, purba, bartaman, ayoga, koduvavanu, tiarikala, commission_status, process_date
        ) VALUES (
            '1175875', '2000', 'LVLCOMM1', '866', '874', '8', '1176073', '2026-03-14 23:34:10', 0, '2026-03-15'
        )
2026-03-14 23:34:10 - Level1 - ✅ INSERT SUCCESSFUL
2026-03-14 23:34:10 - Level2 - Find upline query: SELECT id FROM shonu_subjects WHERE owncode = '400660113602'
2026-03-14 23:34:10 - Level2 - Upline found: 113607
2026-03-14 23:34:10 - Level2 - Insert query: INSERT INTO vyavahara (
            balakedara, ketebida, prakara, purba, bartaman, ayoga, koduvavanu, tiarikala, commission_status, process_date
        ) VALUES (
            '113607', '2000', 'LVLCOMM2', '19200981.17274', '19200986.17274', '5', '1176073', '2026-03-14 23:34:10', 0, '2026-03-15'
        )
2026-03-14 23:34:10 - Level2 - ✅ INSERT SUCCESSFUL
2026-03-14 23:34:10 - Level3 - Find upline query: SELECT id FROM shonu_subjects WHERE owncode = '116629030908'
2026-03-14 23:34:10 - Level3 - Upline found: 113033
2026-03-14 23:34:10 - Level3 - Insert query: INSERT INTO vyavahara (
            balakedara, ketebida, prakara, purba, bartaman, ayoga, koduvavanu, tiarikala, commission_status, process_date
        ) VALUES (
            '113033', '2000', 'LVLCOMM3', '10539.65049', '10541.25049', '1.6', '1176073', '2026-03-14 23:34:10', 0, '2026-03-15'
        )
2026-03-14 23:34:10 - Level3 - ✅ INSERT SUCCESSFUL
2026-03-14 23:34:10 - ========== COMMISSION.PHP ENDED ==========

2026-03-14 23:34:55 - ========== COMMISSION.PHP STARTED ==========
2026-03-14 23:34:55 - Bet amount: 100, User ID: 1176073
2026-03-14 23:34:55 - Level commissions: L1=0.4, L2=0.25, L3=0.08, L4=0.01, L5=0.005, L6=0.002
2026-03-14 23:34:55 - Codes query: SELECT code, code1, code2, code3, code4, code5 FROM shonu_subjects WHERE id = '1176073'
2026-03-14 23:34:55 - Referral codes: code=7384791175875, code1=400660113602, code2=116629030908, code3=official, code4=, code5=
2026-03-14 23:34:55 - Next process date: 2026-03-15
2026-03-14 23:34:55 - Level1 - Find upline query: SELECT id FROM shonu_subjects WHERE owncode = '7384791175875'
2026-03-14 23:34:55 - Level1 - Upline found: 1175875
2026-03-14 23:34:55 - Level1 - Insert query: INSERT INTO vyavahara (
            balakedara, ketebida, prakara, purba, bartaman, ayoga, koduvavanu, tiarikala, commission_status, process_date
        ) VALUES (
            '1175875', '100', 'LVLCOMM1', '866', '866.4', '0.4', '1176073', '2026-03-14 23:34:55', 0, '2026-03-15'
        )
2026-03-14 23:34:55 - Level1 - ✅ INSERT SUCCESSFUL
2026-03-14 23:34:55 - Level2 - Find upline query: SELECT id FROM shonu_subjects WHERE owncode = '400660113602'
2026-03-14 23:34:55 - Level2 - Upline found: 113607
2026-03-14 23:34:55 - Level2 - Insert query: INSERT INTO vyavahara (
            balakedara, ketebida, prakara, purba, bartaman, ayoga, koduvavanu, tiarikala, commission_status, process_date
        ) VALUES (
            '113607', '100', 'LVLCOMM2', '19200981.17274', '19200981.42274', '0.25', '1176073', '2026-03-14 23:34:55', 0, '2026-03-15'
        )
2026-03-14 23:34:55 - Level2 - ✅ INSERT SUCCESSFUL
2026-03-14 23:34:55 - Level3 - Find upline query: SELECT id FROM shonu_subjects WHERE owncode = '116629030908'
2026-03-14 23:34:55 - Level3 - Upline found: 113033
2026-03-14 23:34:55 - Level3 - Insert query: INSERT INTO vyavahara (
            balakedara, ketebida, prakara, purba, bartaman, ayoga, koduvavanu, tiarikala, commission_status, process_date
        ) VALUES (
            '113033', '100', 'LVLCOMM3', '10539.65049', '10539.73049', '0.08', '1176073', '2026-03-14 23:34:55', 0, '2026-03-15'
        )
2026-03-14 23:34:55 - Level3 - ✅ INSERT SUCCESSFUL
2026-03-14 23:34:55 - ========== COMMISSION.PHP ENDED ==========

2026-03-14 23:35:14 - ========== COMMISSION.PHP STARTED ==========
2026-03-14 23:35:14 - Bet amount: 2000, User ID: 1176073
2026-03-14 23:35:14 - Level commissions: L1=8, L2=5, L3=1.6, L4=0.2, L5=0.1, L6=0.04
2026-03-14 23:35:14 - Codes query: SELECT code, code1, code2, code3, code4, code5 FROM shonu_subjects WHERE id = '1176073'
2026-03-14 23:35:14 - Referral codes: code=7384791175875, code1=400660113602, code2=116629030908, code3=official, code4=, code5=
2026-03-14 23:35:14 - Next process date: 2026-03-15
2026-03-14 23:35:14 - Level1 - Find upline query: SELECT id FROM shonu_subjects WHERE owncode = '7384791175875'
2026-03-14 23:35:14 - Level1 - Upline found: 1175875
2026-03-14 23:35:14 - Level1 - Insert query: INSERT INTO vyavahara (
            balakedara, ketebida, prakara, purba, bartaman, ayoga, koduvavanu, tiarikala, commission_status, process_date
        ) VALUES (
            '1175875', '2000', 'LVLCOMM1', '866', '874', '8', '1176073', '2026-03-14 23:35:14', 0, '2026-03-15'
        )
2026-03-14 23:35:14 - Level1 - ✅ INSERT SUCCESSFUL
2026-03-14 23:35:14 - Level2 - Find upline query: SELECT id FROM shonu_subjects WHERE owncode = '400660113602'
2026-03-14 23:35:14 - Level2 - Upline found: 113607
2026-03-14 23:35:14 - Level2 - Insert query: INSERT INTO vyavahara (
            balakedara, ketebida, prakara, purba, bartaman, ayoga, koduvavanu, tiarikala, commission_status, process_date
        ) VALUES (
            '113607', '2000', 'LVLCOMM2', '19200981.17274', '19200986.17274', '5', '1176073', '2026-03-14 23:35:14', 0, '2026-03-15'
        )
2026-03-14 23:35:14 - Level2 - ✅ INSERT SUCCESSFUL
2026-03-14 23:35:14 - Level3 - Find upline query: SELECT id FROM shonu_subjects WHERE owncode = '116629030908'
2026-03-14 23:35:14 - Level3 - Upline found: 113033
2026-03-14 23:35:14 - Level3 - Insert query: INSERT INTO vyavahara (
            balakedara, ketebida, prakara, purba, bartaman, ayoga, koduvavanu, tiarikala, commission_status, process_date
        ) VALUES (
            '113033', '2000', 'LVLCOMM3', '10539.65049', '10541.25049', '1.6', '1176073', '2026-03-14 23:35:14', 0, '2026-03-15'
        )
2026-03-14 23:35:14 - Level3 - ✅ INSERT SUCCESSFUL
2026-03-14 23:35:14 - ========== COMMISSION.PHP ENDED ==========

2026-03-14 23:35:48 - ========== COMMISSION.PHP STARTED ==========
2026-03-14 23:35:48 - Bet amount: 1000, User ID: 1176073
2026-03-14 23:35:48 - Level commissions: L1=4, L2=2.5, L3=0.8, L4=0.1, L5=0.05, L6=0.02
2026-03-14 23:35:48 - Codes query: SELECT code, code1, code2, code3, code4, code5 FROM shonu_subjects WHERE id = '1176073'
2026-03-14 23:35:48 - Referral codes: code=7384791175875, code1=400660113602, code2=116629030908, code3=official, code4=, code5=
2026-03-14 23:35:48 - Next process date: 2026-03-15
2026-03-14 23:35:48 - Level1 - Find upline query: SELECT id FROM shonu_subjects WHERE owncode = '7384791175875'
2026-03-14 23:35:48 - Level1 - Upline found: 1175875
2026-03-14 23:35:48 - Level1 - Insert query: INSERT INTO vyavahara (
            balakedara, ketebida, prakara, purba, bartaman, ayoga, koduvavanu, tiarikala, commission_status, process_date
        ) VALUES (
            '1175875', '1000', 'LVLCOMM1', '866', '870', '4', '1176073', '2026-03-14 23:35:48', 0, '2026-03-15'
        )
2026-03-14 23:35:48 - Level1 - ✅ INSERT SUCCESSFUL
2026-03-14 23:35:48 - Level2 - Find upline query: SELECT id FROM shonu_subjects WHERE owncode = '400660113602'
2026-03-14 23:35:48 - Level2 - Upline found: 113607
2026-03-14 23:35:48 - Level2 - Insert query: INSERT INTO vyavahara (
            balakedara, ketebida, prakara, purba, bartaman, ayoga, koduvavanu, tiarikala, commission_status, process_date
        ) VALUES (
            '113607', '1000', 'LVLCOMM2', '19200981.17274', '19200983.67274', '2.5', '1176073', '2026-03-14 23:35:48', 0, '2026-03-15'
        )
2026-03-14 23:35:48 - Level2 - ✅ INSERT SUCCESSFUL
2026-03-14 23:35:48 - Level3 - Find upline query: SELECT id FROM shonu_subjects WHERE owncode = '116629030908'
2026-03-14 23:35:48 - Level3 - Upline found: 113033
2026-03-14 23:35:48 - Level3 - Insert query: INSERT INTO vyavahara (
            balakedara, ketebida, prakara, purba, bartaman, ayoga, koduvavanu, tiarikala, commission_status, process_date
        ) VALUES (
            '113033', '1000', 'LVLCOMM3', '10539.65049', '10540.45049', '0.8', '1176073', '2026-03-14 23:35:48', 0, '2026-03-15'
        )
2026-03-14 23:35:48 - Level3 - ✅ INSERT SUCCESSFUL
2026-03-14 23:35:48 - ========== COMMISSION.PHP ENDED ==========

2026-03-14 23:36:13 - ========== COMMISSION.PHP STARTED ==========
2026-03-14 23:36:13 - Bet amount: 1000, User ID: 1176073
2026-03-14 23:36:13 - Level commissions: L1=4, L2=2.5, L3=0.8, L4=0.1, L5=0.05, L6=0.02
2026-03-14 23:36:13 - Codes query: SELECT code, code1, code2, code3, code4, code5 FROM shonu_subjects WHERE id = '1176073'
2026-03-14 23:36:13 - Referral codes: code=7384791175875, code1=400660113602, code2=116629030908, code3=official, code4=, code5=
2026-03-14 23:36:13 - Next process date: 2026-03-15
2026-03-14 23:36:13 - Level1 - Find upline query: SELECT id FROM shonu_subjects WHERE owncode = '7384791175875'
2026-03-14 23:36:13 - Level1 - Upline found: 1175875
2026-03-14 23:36:13 - Level1 - Insert query: INSERT INTO vyavahara (
            balakedara, ketebida, prakara, purba, bartaman, ayoga, koduvavanu, tiarikala, commission_status, process_date
        ) VALUES (
            '1175875', '1000', 'LVLCOMM1', '866', '870', '4', '1176073', '2026-03-14 23:36:13', 0, '2026-03-15'
        )
2026-03-14 23:36:13 - Level1 - ✅ INSERT SUCCESSFUL
2026-03-14 23:36:13 - Level2 - Find upline query: SELECT id FROM shonu_subjects WHERE owncode = '400660113602'
2026-03-14 23:36:13 - Level2 - Upline found: 113607
2026-03-14 23:36:13 - Level2 - Insert query: INSERT INTO vyavahara (
            balakedara, ketebida, prakara, purba, bartaman, ayoga, koduvavanu, tiarikala, commission_status, process_date
        ) VALUES (
            '113607', '1000', 'LVLCOMM2', '19200981.17274', '19200983.67274', '2.5', '1176073', '2026-03-14 23:36:13', 0, '2026-03-15'
        )
2026-03-14 23:36:13 - Level2 - ✅ INSERT SUCCESSFUL
2026-03-14 23:36:13 - Level3 - Find upline query: SELECT id FROM shonu_subjects WHERE owncode = '116629030908'
2026-03-14 23:36:13 - Level3 - Upline found: 113033
2026-03-14 23:36:13 - Level3 - Insert query: INSERT INTO vyavahara (
            balakedara, ketebida, prakara, purba, bartaman, ayoga, koduvavanu, tiarikala, commission_status, process_date
        ) VALUES (
            '113033', '1000', 'LVLCOMM3', '10539.65049', '10540.45049', '0.8', '1176073', '2026-03-14 23:36:13', 0, '2026-03-15'
        )
2026-03-14 23:36:13 - Level3 - ✅ INSERT SUCCESSFUL
2026-03-14 23:36:13 - ========== COMMISSION.PHP ENDED ==========

2026-03-14 23:36:44 - ========== COMMISSION.PHP STARTED ==========
2026-03-14 23:36:44 - Bet amount: 2000, User ID: 1176073
2026-03-14 23:36:44 - Level commissions: L1=8, L2=5, L3=1.6, L4=0.2, L5=0.1, L6=0.04
2026-03-14 23:36:44 - Codes query: SELECT code, code1, code2, code3, code4, code5 FROM shonu_subjects WHERE id = '1176073'
2026-03-14 23:36:44 - Referral codes: code=7384791175875, code1=400660113602, code2=116629030908, code3=official, code4=, code5=
2026-03-14 23:36:44 - Next process date: 2026-03-15
2026-03-14 23:36:44 - Level1 - Find upline query: SELECT id FROM shonu_subjects WHERE owncode = '7384791175875'
2026-03-14 23:36:44 - Level1 - Upline found: 1175875
2026-03-14 23:36:44 - Level1 - Insert query: INSERT INTO vyavahara (
            balakedara, ketebida, prakara, purba, bartaman, ayoga, koduvavanu, tiarikala, commission_status, process_date
        ) VALUES (
            '1175875', '2000', 'LVLCOMM1', '866', '874', '8', '1176073', '2026-03-14 23:36:44', 0, '2026-03-15'
        )
2026-03-14 23:36:44 - Level1 - ✅ INSERT SUCCESSFUL
2026-03-14 23:36:44 - Level2 - Find upline query: SELECT id FROM shonu_subjects WHERE owncode = '400660113602'
2026-03-14 23:36:44 - Level2 - Upline found: 113607
2026-03-14 23:36:44 - Level2 - Insert query: INSERT INTO vyavahara (
            balakedara, ketebida, prakara, purba, bartaman, ayoga, koduvavanu, tiarikala, commission_status, process_date
        ) VALUES (
            '113607', '2000', 'LVLCOMM2', '19200981.17274', '19200986.17274', '5', '1176073', '2026-03-14 23:36:44', 0, '2026-03-15'
        )
2026-03-14 23:36:44 - Level2 - ✅ INSERT SUCCESSFUL
2026-03-14 23:36:44 - Level3 - Find upline query: SELECT id FROM shonu_subjects WHERE owncode = '116629030908'
2026-03-14 23:36:44 - Level3 - Upline found: 113033
2026-03-14 23:36:44 - Level3 - Insert query: INSERT INTO vyavahara (
            balakedara, ketebida, prakara, purba, bartaman, ayoga, koduvavanu, tiarikala, commission_status, process_date
        ) VALUES (
            '113033', '2000', 'LVLCOMM3', '10539.65049', '10541.25049', '1.6', '1176073', '2026-03-14 23:36:44', 0, '2026-03-15'
        )
2026-03-14 23:36:44 - Level3 - ✅ INSERT SUCCESSFUL
2026-03-14 23:36:44 - ========== COMMISSION.PHP ENDED ==========

2026-03-14 23:37:14 - ========== COMMISSION.PHP STARTED ==========
2026-03-14 23:37:14 - Bet amount: 2000, User ID: 1176073
2026-03-14 23:37:14 - Level commissions: L1=8, L2=5, L3=1.6, L4=0.2, L5=0.1, L6=0.04
2026-03-14 23:37:14 - Codes query: SELECT code, code1, code2, code3, code4, code5 FROM shonu_subjects WHERE id = '1176073'
2026-03-14 23:37:14 - Referral codes: code=7384791175875, code1=400660113602, code2=116629030908, code3=official, code4=, code5=
2026-03-14 23:37:14 - Next process date: 2026-03-15
2026-03-14 23:37:14 - Level1 - Find upline query: SELECT id FROM shonu_subjects WHERE owncode = '7384791175875'
2026-03-14 23:37:14 - Level1 - Upline found: 1175875
2026-03-14 23:37:14 - Level1 - Insert query: INSERT INTO vyavahara (
            balakedara, ketebida, prakara, purba, bartaman, ayoga, koduvavanu, tiarikala, commission_status, process_date
        ) VALUES (
            '1175875', '2000', 'LVLCOMM1', '866', '874', '8', '1176073', '2026-03-14 23:37:14', 0, '2026-03-15'
        )
2026-03-14 23:37:14 - Level1 - ✅ INSERT SUCCESSFUL
2026-03-14 23:37:14 - Level2 - Find upline query: SELECT id FROM shonu_subjects WHERE owncode = '400660113602'
2026-03-14 23:37:14 - Level2 - Upline found: 113607
2026-03-14 23:37:14 - Level2 - Insert query: INSERT INTO vyavahara (
            balakedara, ketebida, prakara, purba, bartaman, ayoga, koduvavanu, tiarikala, commission_status, process_date
        ) VALUES (
            '113607', '2000', 'LVLCOMM2', '19200981.17274', '19200986.17274', '5', '1176073', '2026-03-14 23:37:14', 0, '2026-03-15'
        )
2026-03-14 23:37:14 - Level2 - ✅ INSERT SUCCESSFUL
2026-03-14 23:37:14 - Level3 - Find upline query: SELECT id FROM shonu_subjects WHERE owncode = '116629030908'
2026-03-14 23:37:14 - Level3 - Upline found: 113033
2026-03-14 23:37:14 - Level3 - Insert query: INSERT INTO vyavahara (
            balakedara, ketebida, prakara, purba, bartaman, ayoga, koduvavanu, tiarikala, commission_status, process_date
        ) VALUES (
            '113033', '2000', 'LVLCOMM3', '10539.65049', '10541.25049', '1.6', '1176073', '2026-03-14 23:37:14', 0, '2026-03-15'
        )
2026-03-14 23:37:14 - Level3 - ✅ INSERT SUCCESSFUL
2026-03-14 23:37:14 - ========== COMMISSION.PHP ENDED ==========

2026-03-14 23:37:42 - ========== COMMISSION.PHP STARTED ==========
2026-03-14 23:37:42 - Bet amount: 2000, User ID: 1176073
2026-03-14 23:37:42 - Level commissions: L1=8, L2=5, L3=1.6, L4=0.2, L5=0.1, L6=0.04
2026-03-14 23:37:42 - Codes query: SELECT code, code1, code2, code3, code4, code5 FROM shonu_subjects WHERE id = '1176073'
2026-03-14 23:37:42 - Referral codes: code=7384791175875, code1=400660113602, code2=116629030908, code3=official, code4=, code5=
2026-03-14 23:37:42 - Next process date: 2026-03-15
2026-03-14 23:37:42 - Level1 - Find upline query: SELECT id FROM shonu_subjects WHERE owncode = '7384791175875'
2026-03-14 23:37:42 - Level1 - Upline found: 1175875
2026-03-14 23:37:42 - Level1 - Insert query: INSERT INTO vyavahara (
            balakedara, ketebida, prakara, purba, bartaman, ayoga, koduvavanu, tiarikala, commission_status, process_date
        ) VALUES (
            '1175875', '2000', 'LVLCOMM1', '866', '874', '8', '1176073', '2026-03-14 23:37:42', 0, '2026-03-15'
        )
2026-03-14 23:37:42 - Level1 - ✅ INSERT SUCCESSFUL
2026-03-14 23:37:42 - Level2 - Find upline query: SELECT id FROM shonu_subjects WHERE owncode = '400660113602'
2026-03-14 23:37:42 - Level2 - Upline found: 113607
2026-03-14 23:37:42 - Level2 - Insert query: INSERT INTO vyavahara (
            balakedara, ketebida, prakara, purba, bartaman, ayoga, koduvavanu, tiarikala, commission_status, process_date
        ) VALUES (
            '113607', '2000', 'LVLCOMM2', '19200981.17274', '19200986.17274', '5', '1176073', '2026-03-14 23:37:42', 0, '2026-03-15'
        )
2026-03-14 23:37:42 - Level2 - ✅ INSERT SUCCESSFUL
2026-03-14 23:37:42 - Level3 - Find upline query: SELECT id FROM shonu_subjects WHERE owncode = '116629030908'
2026-03-14 23:37:42 - Level3 - Upline found: 113033
2026-03-14 23:37:42 - Level3 - Insert query: INSERT INTO vyavahara (
            balakedara, ketebida, prakara, purba, bartaman, ayoga, koduvavanu, tiarikala, commission_status, process_date
        ) VALUES (
            '113033', '2000', 'LVLCOMM3', '10539.65049', '10541.25049', '1.6', '1176073', '2026-03-14 23:37:42', 0, '2026-03-15'
        )
2026-03-14 23:37:42 - Level3 - ✅ INSERT SUCCESSFUL
2026-03-14 23:37:42 - ========== COMMISSION.PHP ENDED ==========

2026-03-14 23:38:07 - ========== COMMISSION.PHP STARTED ==========
2026-03-14 23:38:07 - Bet amount: 1000, User ID: 1176073
2026-03-14 23:38:07 - Level commissions: L1=4, L2=2.5, L3=0.8, L4=0.1, L5=0.05, L6=0.02
2026-03-14 23:38:07 - Codes query: SELECT code, code1, code2, code3, code4, code5 FROM shonu_subjects WHERE id = '1176073'
2026-03-14 23:38:07 - Referral codes: code=7384791175875, code1=400660113602, code2=116629030908, code3=official, code4=, code5=
2026-03-14 23:38:07 - Next process date: 2026-03-15
2026-03-14 23:38:07 - Level1 - Find upline query: SELECT id FROM shonu_subjects WHERE owncode = '7384791175875'
2026-03-14 23:38:07 - Level1 - Upline found: 1175875
2026-03-14 23:38:07 - Level1 - Insert query: INSERT INTO vyavahara (
            balakedara, ketebida, prakara, purba, bartaman, ayoga, koduvavanu, tiarikala, commission_status, process_date
        ) VALUES (
            '1175875', '1000', 'LVLCOMM1', '866', '870', '4', '1176073', '2026-03-14 23:38:07', 0, '2026-03-15'
        )
2026-03-14 23:38:07 - Level1 - ✅ INSERT SUCCESSFUL
2026-03-14 23:38:07 - Level2 - Find upline query: SELECT id FROM shonu_subjects WHERE owncode = '400660113602'
2026-03-14 23:38:07 - Level2 - Upline found: 113607
2026-03-14 23:38:07 - Level2 - Insert query: INSERT INTO vyavahara (
            balakedara, ketebida, prakara, purba, bartaman, ayoga, koduvavanu, tiarikala, commission_status, process_date
        ) VALUES (
            '113607', '1000', 'LVLCOMM2', '19200981.17274', '19200983.67274', '2.5', '1176073', '2026-03-14 23:38:07', 0, '2026-03-15'
        )
2026-03-14 23:38:07 - Level2 - ✅ INSERT SUCCESSFUL
2026-03-14 23:38:07 - Level3 - Find upline query: SELECT id FROM shonu_subjects WHERE owncode = '116629030908'
2026-03-14 23:38:07 - Level3 - Upline found: 113033
2026-03-14 23:38:07 - Level3 - Insert query: INSERT INTO vyavahara (
            balakedara, ketebida, prakara, purba, bartaman, ayoga, koduvavanu, tiarikala, commission_status, process_date
        ) VALUES (
            '113033', '1000', 'LVLCOMM3', '10539.65049', '10540.45049', '0.8', '1176073', '2026-03-14 23:38:07', 0, '2026-03-15'
        )
2026-03-14 23:38:07 - Level3 - ✅ INSERT SUCCESSFUL
2026-03-14 23:38:07 - ========== COMMISSION.PHP ENDED ==========

2026-03-14 23:38:42 - ========== COMMISSION.PHP STARTED ==========
2026-03-14 23:38:42 - Bet amount: 1000, User ID: 1176073
2026-03-14 23:38:42 - Level commissions: L1=4, L2=2.5, L3=0.8, L4=0.1, L5=0.05, L6=0.02
2026-03-14 23:38:42 - Codes query: SELECT code, code1, code2, code3, code4, code5 FROM shonu_subjects WHERE id = '1176073'
2026-03-14 23:38:42 - Referral codes: code=7384791175875, code1=400660113602, code2=116629030908, code3=official, code4=, code5=
2026-03-14 23:38:42 - Next process date: 2026-03-15
2026-03-14 23:38:42 - Level1 - Find upline query: SELECT id FROM shonu_subjects WHERE owncode = '7384791175875'
2026-03-14 23:38:42 - Level1 - Upline found: 1175875
2026-03-14 23:38:42 - Level1 - Insert query: INSERT INTO vyavahara (
            balakedara, ketebida, prakara, purba, bartaman, ayoga, koduvavanu, tiarikala, commission_status, process_date
        ) VALUES (
            '1175875', '1000', 'LVLCOMM1', '866', '870', '4', '1176073', '2026-03-14 23:38:42', 0, '2026-03-15'
        )
2026-03-14 23:38:42 - Level1 - ✅ INSERT SUCCESSFUL
2026-03-14 23:38:42 - Level2 - Find upline query: SELECT id FROM shonu_subjects WHERE owncode = '400660113602'
2026-03-14 23:38:42 - Level2 - Upline found: 113607
2026-03-14 23:38:42 - Level2 - Insert query: INSERT INTO vyavahara (
            balakedara, ketebida, prakara, purba, bartaman, ayoga, koduvavanu, tiarikala, commission_status, process_date
        ) VALUES (
            '113607', '1000', 'LVLCOMM2', '19200981.17274', '19200983.67274', '2.5', '1176073', '2026-03-14 23:38:42', 0, '2026-03-15'
        )
2026-03-14 23:38:42 - Level2 - ✅ INSERT SUCCESSFUL
2026-03-14 23:38:42 - Level3 - Find upline query: SELECT id FROM shonu_subjects WHERE owncode = '116629030908'
2026-03-14 23:38:42 - Level3 - Upline found: 113033
2026-03-14 23:38:42 - Level3 - Insert query: INSERT INTO vyavahara (
            balakedara, ketebida, prakara, purba, bartaman, ayoga, koduvavanu, tiarikala, commission_status, process_date
        ) VALUES (
            '113033', '1000', 'LVLCOMM3', '10539.65049', '10540.45049', '0.8', '1176073', '2026-03-14 23:38:42', 0, '2026-03-15'
        )
2026-03-14 23:38:42 - Level3 - ✅ INSERT SUCCESSFUL
2026-03-14 23:38:42 - ========== COMMISSION.PHP ENDED ==========

2026-03-14 23:39:12 - ========== COMMISSION.PHP STARTED ==========
2026-03-14 23:39:12 - Bet amount: 1000, User ID: 1176073
2026-03-14 23:39:12 - Level commissions: L1=4, L2=2.5, L3=0.8, L4=0.1, L5=0.05, L6=0.02
2026-03-14 23:39:12 - Codes query: SELECT code, code1, code2, code3, code4, code5 FROM shonu_subjects WHERE id = '1176073'
2026-03-14 23:39:12 - Referral codes: code=7384791175875, code1=400660113602, code2=116629030908, code3=official, code4=, code5=
2026-03-14 23:39:12 - Next process date: 2026-03-15
2026-03-14 23:39:12 - Level1 - Find upline query: SELECT id FROM shonu_subjects WHERE owncode = '7384791175875'
2026-03-14 23:39:12 - Level1 - Upline found: 1175875
2026-03-14 23:39:12 - Level1 - Insert query: INSERT INTO vyavahara (
            balakedara, ketebida, prakara, purba, bartaman, ayoga, koduvavanu, tiarikala, commission_status, process_date
        ) VALUES (
            '1175875', '1000', 'LVLCOMM1', '866', '870', '4', '1176073', '2026-03-14 23:39:12', 0, '2026-03-15'
        )
2026-03-14 23:39:12 - Level1 - ✅ INSERT SUCCESSFUL
2026-03-14 23:39:12 - Level2 - Find upline query: SELECT id FROM shonu_subjects WHERE owncode = '400660113602'
2026-03-14 23:39:12 - Level2 - Upline found: 113607
2026-03-14 23:39:12 - Level2 - Insert query: INSERT INTO vyavahara (
            balakedara, ketebida, prakara, purba, bartaman, ayoga, koduvavanu, tiarikala, commission_status, process_date
        ) VALUES (
            '113607', '1000', 'LVLCOMM2', '19200981.17274', '19200983.67274', '2.5', '1176073', '2026-03-14 23:39:12', 0, '2026-03-15'
        )
2026-03-14 23:39:12 - Level2 - ✅ INSERT SUCCESSFUL
2026-03-14 23:39:12 - Level3 - Find upline query: SELECT id FROM shonu_subjects WHERE owncode = '116629030908'
2026-03-14 23:39:12 - Level3 - Upline found: 113033
2026-03-14 23:39:12 - Level3 - Insert query: INSERT INTO vyavahara (
            balakedara, ketebida, prakara, purba, bartaman, ayoga, koduvavanu, tiarikala, commission_status, process_date
        ) VALUES (
            '113033', '1000', 'LVLCOMM3', '10539.65049', '10540.45049', '0.8', '1176073', '2026-03-14 23:39:12', 0, '2026-03-15'
        )
2026-03-14 23:39:12 - Level3 - ✅ INSERT SUCCESSFUL
2026-03-14 23:39:12 - ========== COMMISSION.PHP ENDED ==========

2026-03-14 23:39:42 - ========== COMMISSION.PHP STARTED ==========
2026-03-14 23:39:42 - Bet amount: 1000, User ID: 1176073
2026-03-14 23:39:42 - Level commissions: L1=4, L2=2.5, L3=0.8, L4=0.1, L5=0.05, L6=0.02
2026-03-14 23:39:42 - Codes query: SELECT code, code1, code2, code3, code4, code5 FROM shonu_subjects WHERE id = '1176073'
2026-03-14 23:39:42 - Referral codes: code=7384791175875, code1=400660113602, code2=116629030908, code3=official, code4=, code5=
2026-03-14 23:39:42 - Next process date: 2026-03-15
2026-03-14 23:39:42 - Level1 - Find upline query: SELECT id FROM shonu_subjects WHERE owncode = '7384791175875'
2026-03-14 23:39:42 - Level1 - Upline found: 1175875
2026-03-14 23:39:42 - Level1 - Insert query: INSERT INTO vyavahara (
            balakedara, ketebida, prakara, purba, bartaman, ayoga, koduvavanu, tiarikala, commission_status, process_date
        ) VALUES (
            '1175875', '1000', 'LVLCOMM1', '866', '870', '4', '1176073', '2026-03-14 23:39:42', 0, '2026-03-15'
        )
2026-03-14 23:39:42 - Level1 - ✅ INSERT SUCCESSFUL
2026-03-14 23:39:42 - Level2 - Find upline query: SELECT id FROM shonu_subjects WHERE owncode = '400660113602'
2026-03-14 23:39:42 - Level2 - Upline found: 113607
2026-03-14 23:39:42 - Level2 - Insert query: INSERT INTO vyavahara (
            balakedara, ketebida, prakara, purba, bartaman, ayoga, koduvavanu, tiarikala, commission_status, process_date
        ) VALUES (
            '113607', '1000', 'LVLCOMM2', '19200981.17274', '19200983.67274', '2.5', '1176073', '2026-03-14 23:39:42', 0, '2026-03-15'
        )
2026-03-14 23:39:42 - Level2 - ✅ INSERT SUCCESSFUL
2026-03-14 23:39:42 - Level3 - Find upline query: SELECT id FROM shonu_subjects WHERE owncode = '116629030908'
2026-03-14 23:39:42 - Level3 - Upline found: 113033
2026-03-14 23:39:42 - Level3 - Insert query: INSERT INTO vyavahara (
            balakedara, ketebida, prakara, purba, bartaman, ayoga, koduvavanu, tiarikala, commission_status, process_date
        ) VALUES (
            '113033', '1000', 'LVLCOMM3', '10539.65049', '10540.45049', '0.8', '1176073', '2026-03-14 23:39:42', 0, '2026-03-15'
        )
2026-03-14 23:39:42 - Level3 - ✅ INSERT SUCCESSFUL
2026-03-14 23:39:42 - ========== COMMISSION.PHP ENDED ==========

2026-03-14 23:40:10 - ========== COMMISSION.PHP STARTED ==========
2026-03-14 23:40:10 - Bet amount: 1000, User ID: 1176073
2026-03-14 23:40:10 - Level commissions: L1=4, L2=2.5, L3=0.8, L4=0.1, L5=0.05, L6=0.02
2026-03-14 23:40:10 - Codes query: SELECT code, code1, code2, code3, code4, code5 FROM shonu_subjects WHERE id = '1176073'
2026-03-14 23:40:10 - Referral codes: code=7384791175875, code1=400660113602, code2=116629030908, code3=official, code4=, code5=
2026-03-14 23:40:10 - Next process date: 2026-03-15
2026-03-14 23:40:10 - Level1 - Find upline query: SELECT id FROM shonu_subjects WHERE owncode = '7384791175875'
2026-03-14 23:40:10 - Level1 - Upline found: 1175875
2026-03-14 23:40:10 - Level1 - Insert query: INSERT INTO vyavahara (
            balakedara, ketebida, prakara, purba, bartaman, ayoga, koduvavanu, tiarikala, commission_status, process_date
        ) VALUES (
            '1175875', '1000', 'LVLCOMM1', '866', '870', '4', '1176073', '2026-03-14 23:40:10', 0, '2026-03-15'
        )
2026-03-14 23:40:10 - Level1 - ✅ INSERT SUCCESSFUL
2026-03-14 23:40:10 - Level2 - Find upline query: SELECT id FROM shonu_subjects WHERE owncode = '400660113602'
2026-03-14 23:40:10 - Level2 - Upline found: 113607
2026-03-14 23:40:10 - Level2 - Insert query: INSERT INTO vyavahara (
            balakedara, ketebida, prakara, purba, bartaman, ayoga, koduvavanu, tiarikala, commission_status, process_date
        ) VALUES (
            '113607', '1000', 'LVLCOMM2', '19200981.17274', '19200983.67274', '2.5', '1176073', '2026-03-14 23:40:10', 0, '2026-03-15'
        )
2026-03-14 23:40:10 - Level2 - ✅ INSERT SUCCESSFUL
2026-03-14 23:40:10 - Level3 - Find upline query: SELECT id FROM shonu_subjects WHERE owncode = '116629030908'
2026-03-14 23:40:10 - Level3 - Upline found: 113033
2026-03-14 23:40:10 - Level3 - Insert query: INSERT INTO vyavahara (
            balakedara, ketebida, prakara, purba, bartaman, ayoga, koduvavanu, tiarikala, commission_status, process_date
        ) VALUES (
            '113033', '1000', 'LVLCOMM3', '10539.65049', '10540.45049', '0.8', '1176073', '2026-03-14 23:40:10', 0, '2026-03-15'
        )
2026-03-14 23:40:10 - Level3 - ✅ INSERT SUCCESSFUL
2026-03-14 23:40:10 - ========== COMMISSION.PHP ENDED ==========

2026-03-14 23:40:44 - ========== COMMISSION.PHP STARTED ==========
2026-03-14 23:40:44 - Bet amount: 1000, User ID: 1176073
2026-03-14 23:40:44 - Level commissions: L1=4, L2=2.5, L3=0.8, L4=0.1, L5=0.05, L6=0.02
2026-03-14 23:40:44 - Codes query: SELECT code, code1, code2, code3, code4, code5 FROM shonu_subjects WHERE id = '1176073'
2026-03-14 23:40:44 - Referral codes: code=7384791175875, code1=400660113602, code2=116629030908, code3=official, code4=, code5=
2026-03-14 23:40:44 - Next process date: 2026-03-15
2026-03-14 23:40:44 - Level1 - Find upline query: SELECT id FROM shonu_subjects WHERE owncode = '7384791175875'
2026-03-14 23:40:44 - Level1 - Upline found: 1175875
2026-03-14 23:40:44 - Level1 - Insert query: INSERT INTO vyavahara (
            balakedara, ketebida, prakara, purba, bartaman, ayoga, koduvavanu, tiarikala, commission_status, process_date
        ) VALUES (
            '1175875', '1000', 'LVLCOMM1', '866', '870', '4', '1176073', '2026-03-14 23:40:44', 0, '2026-03-15'
        )
2026-03-14 23:40:44 - Level1 - ✅ INSERT SUCCESSFUL
2026-03-14 23:40:44 - Level2 - Find upline query: SELECT id FROM shonu_subjects WHERE owncode = '400660113602'
2026-03-14 23:40:44 - Level2 - Upline found: 113607
2026-03-14 23:40:44 - Level2 - Insert query: INSERT INTO vyavahara (
            balakedara, ketebida, prakara, purba, bartaman, ayoga, koduvavanu, tiarikala, commission_status, process_date
        ) VALUES (
            '113607', '1000', 'LVLCOMM2', '19200981.17274', '19200983.67274', '2.5', '1176073', '2026-03-14 23:40:44', 0, '2026-03-15'
        )
2026-03-14 23:40:44 - Level2 - ✅ INSERT SUCCESSFUL
2026-03-14 23:40:44 - Level3 - Find upline query: SELECT id FROM shonu_subjects WHERE owncode = '116629030908'
2026-03-14 23:40:44 - Level3 - Upline found: 113033
2026-03-14 23:40:44 - Level3 - Insert query: INSERT INTO vyavahara (
            balakedara, ketebida, prakara, purba, bartaman, ayoga, koduvavanu, tiarikala, commission_status, process_date
        ) VALUES (
            '113033', '1000', 'LVLCOMM3', '10539.65049', '10540.45049', '0.8', '1176073', '2026-03-14 23:40:44', 0, '2026-03-15'
        )
2026-03-14 23:40:44 - Level3 - ✅ INSERT SUCCESSFUL
2026-03-14 23:40:44 - ========== COMMISSION.PHP ENDED ==========

2026-03-14 23:41:08 - ========== COMMISSION.PHP STARTED ==========
2026-03-14 23:41:08 - Bet amount: 2000, User ID: 1176073
2026-03-14 23:41:08 - Level commissions: L1=8, L2=5, L3=1.6, L4=0.2, L5=0.1, L6=0.04
2026-03-14 23:41:08 - Codes query: SELECT code, code1, code2, code3, code4, code5 FROM shonu_subjects WHERE id = '1176073'
2026-03-14 23:41:08 - Referral codes: code=7384791175875, code1=400660113602, code2=116629030908, code3=official, code4=, code5=
2026-03-14 23:41:08 - Next process date: 2026-03-15
2026-03-14 23:41:08 - Level1 - Find upline query: SELECT id FROM shonu_subjects WHERE owncode = '7384791175875'
2026-03-14 23:41:08 - Level1 - Upline found: 1175875
2026-03-14 23:41:08 - Level1 - Insert query: INSERT INTO vyavahara (
            balakedara, ketebida, prakara, purba, bartaman, ayoga, koduvavanu, tiarikala, commission_status, process_date
        ) VALUES (
            '1175875', '2000', 'LVLCOMM1', '866', '874', '8', '1176073', '2026-03-14 23:41:08', 0, '2026-03-15'
        )
2026-03-14 23:41:08 - Level1 - ✅ INSERT SUCCESSFUL
2026-03-14 23:41:08 - Level2 - Find upline query: SELECT id FROM shonu_subjects WHERE owncode = '400660113602'
2026-03-14 23:41:08 - Level2 - Upline found: 113607
2026-03-14 23:41:08 - Level2 - Insert query: INSERT INTO vyavahara (
            balakedara, ketebida, prakara, purba, bartaman, ayoga, koduvavanu, tiarikala, commission_status, process_date
        ) VALUES (
            '113607', '2000', 'LVLCOMM2', '19200981.17274', '19200986.17274', '5', '1176073', '2026-03-14 23:41:08', 0, '2026-03-15'
        )
2026-03-14 23:41:08 - Level2 - ✅ INSERT SUCCESSFUL
2026-03-14 23:41:08 - Level3 - Find upline query: SELECT id FROM shonu_subjects WHERE owncode = '116629030908'
2026-03-14 23:41:08 - Level3 - Upline found: 113033
2026-03-14 23:41:08 - Level3 - Insert query: INSERT INTO vyavahara (
            balakedara, ketebida, prakara, purba, bartaman, ayoga, koduvavanu, tiarikala, commission_status, process_date
        ) VALUES (
            '113033', '2000', 'LVLCOMM3', '10539.65049', '10541.25049', '1.6', '1176073', '2026-03-14 23:41:08', 0, '2026-03-15'
        )
2026-03-14 23:41:08 - Level3 - ✅ INSERT SUCCESSFUL
2026-03-14 23:41:08 - ========== COMMISSION.PHP ENDED ==========

2026-03-14 23:41:43 - ========== COMMISSION.PHP STARTED ==========
2026-03-14 23:41:43 - Bet amount: 2000, User ID: 1176073
2026-03-14 23:41:43 - Level commissions: L1=8, L2=5, L3=1.6, L4=0.2, L5=0.1, L6=0.04
2026-03-14 23:41:43 - Codes query: SELECT code, code1, code2, code3, code4, code5 FROM shonu_subjects WHERE id = '1176073'
2026-03-14 23:41:43 - Referral codes: code=7384791175875, code1=400660113602, code2=116629030908, code3=official, code4=, code5=
2026-03-14 23:41:43 - Next process date: 2026-03-15
2026-03-14 23:41:43 - Level1 - Find upline query: SELECT id FROM shonu_subjects WHERE owncode = '7384791175875'
2026-03-14 23:41:43 - Level1 - Upline found: 1175875
2026-03-14 23:41:43 - Level1 - Insert query: INSERT INTO vyavahara (
            balakedara, ketebida, prakara, purba, bartaman, ayoga, koduvavanu, tiarikala, commission_status, process_date
        ) VALUES (
            '1175875', '2000', 'LVLCOMM1', '866', '874', '8', '1176073', '2026-03-14 23:41:43', 0, '2026-03-15'
        )
2026-03-14 23:41:43 - Level1 - ✅ INSERT SUCCESSFUL
2026-03-14 23:41:43 - Level2 - Find upline query: SELECT id FROM shonu_subjects WHERE owncode = '400660113602'
2026-03-14 23:41:43 - Level2 - Upline found: 113607
2026-03-14 23:41:43 - Level2 - Insert query: INSERT INTO vyavahara (
            balakedara, ketebida, prakara, purba, bartaman, ayoga, koduvavanu, tiarikala, commission_status, process_date
        ) VALUES (
            '113607', '2000', 'LVLCOMM2', '19200981.17274', '19200986.17274', '5', '1176073', '2026-03-14 23:41:43', 0, '2026-03-15'
        )
2026-03-14 23:41:43 - Level2 - ✅ INSERT SUCCESSFUL
2026-03-14 23:41:43 - Level3 - Find upline query: SELECT id FROM shonu_subjects WHERE owncode = '116629030908'
2026-03-14 23:41:43 - Level3 - Upline found: 113033
2026-03-14 23:41:43 - Level3 - Insert query: INSERT INTO vyavahara (
            balakedara, ketebida, prakara, purba, bartaman, ayoga, koduvavanu, tiarikala, commission_status, process_date
        ) VALUES (
            '113033', '2000', 'LVLCOMM3', '10539.65049', '10541.25049', '1.6', '1176073', '2026-03-14 23:41:43', 0, '2026-03-15'
        )
2026-03-14 23:41:43 - Level3 - ✅ INSERT SUCCESSFUL
2026-03-14 23:41:43 - ========== COMMISSION.PHP ENDED ==========

2026-03-14 23:42:12 - ========== COMMISSION.PHP STARTED ==========
2026-03-14 23:42:12 - Bet amount: 1000, User ID: 1176073
2026-03-14 23:42:12 - Level commissions: L1=4, L2=2.5, L3=0.8, L4=0.1, L5=0.05, L6=0.02
2026-03-14 23:42:12 - Codes query: SELECT code, code1, code2, code3, code4, code5 FROM shonu_subjects WHERE id = '1176073'
2026-03-14 23:42:12 - Referral codes: code=7384791175875, code1=400660113602, code2=116629030908, code3=official, code4=, code5=
2026-03-14 23:42:12 - Next process date: 2026-03-15
2026-03-14 23:42:12 - Level1 - Find upline query: SELECT id FROM shonu_subjects WHERE owncode = '7384791175875'
2026-03-14 23:42:12 - Level1 - Upline found: 1175875
2026-03-14 23:42:12 - Level1 - Insert query: INSERT INTO vyavahara (
            balakedara, ketebida, prakara, purba, bartaman, ayoga, koduvavanu, tiarikala, commission_status, process_date
        ) VALUES (
            '1175875', '1000', 'LVLCOMM1', '866', '870', '4', '1176073', '2026-03-14 23:42:12', 0, '2026-03-15'
        )
2026-03-14 23:42:12 - Level1 - ✅ INSERT SUCCESSFUL
2026-03-14 23:42:12 - Level2 - Find upline query: SELECT id FROM shonu_subjects WHERE owncode = '400660113602'
2026-03-14 23:42:12 - Level2 - Upline found: 113607
2026-03-14 23:42:12 - Level2 - Insert query: INSERT INTO vyavahara (
            balakedara, ketebida, prakara, purba, bartaman, ayoga, koduvavanu, tiarikala, commission_status, process_date
        ) VALUES (
            '113607', '1000', 'LVLCOMM2', '19200981.17274', '19200983.67274', '2.5', '1176073', '2026-03-14 23:42:12', 0, '2026-03-15'
        )
2026-03-14 23:42:12 - Level2 - ✅ INSERT SUCCESSFUL
2026-03-14 23:42:12 - Level3 - Find upline query: SELECT id FROM shonu_subjects WHERE owncode = '116629030908'
2026-03-14 23:42:12 - Level3 - Upline found: 113033
2026-03-14 23:42:12 - Level3 - Insert query: INSERT INTO vyavahara (
            balakedara, ketebida, prakara, purba, bartaman, ayoga, koduvavanu, tiarikala, commission_status, process_date
        ) VALUES (
            '113033', '1000', 'LVLCOMM3', '10539.65049', '10540.45049', '0.8', '1176073', '2026-03-14 23:42:12', 0, '2026-03-15'
        )
2026-03-14 23:42:12 - Level3 - ✅ INSERT SUCCESSFUL
2026-03-14 23:42:12 - ========== COMMISSION.PHP ENDED ==========

2026-03-14 23:42:39 - ========== COMMISSION.PHP STARTED ==========
2026-03-14 23:42:39 - Bet amount: 2000, User ID: 1176073
2026-03-14 23:42:39 - Level commissions: L1=8, L2=5, L3=1.6, L4=0.2, L5=0.1, L6=0.04
2026-03-14 23:42:39 - Codes query: SELECT code, code1, code2, code3, code4, code5 FROM shonu_subjects WHERE id = '1176073'
2026-03-14 23:42:39 - Referral codes: code=7384791175875, code1=400660113602, code2=116629030908, code3=official, code4=, code5=
2026-03-14 23:42:39 - Next process date: 2026-03-15
2026-03-14 23:42:39 - Level1 - Find upline query: SELECT id FROM shonu_subjects WHERE owncode = '7384791175875'
2026-03-14 23:42:39 - Level1 - Upline found: 1175875
2026-03-14 23:42:39 - Level1 - Insert query: INSERT INTO vyavahara (
            balakedara, ketebida, prakara, purba, bartaman, ayoga, koduvavanu, tiarikala, commission_status, process_date
        ) VALUES (
            '1175875', '2000', 'LVLCOMM1', '866', '874', '8', '1176073', '2026-03-14 23:42:39', 0, '2026-03-15'
        )
2026-03-14 23:42:39 - Level1 - ✅ INSERT SUCCESSFUL
2026-03-14 23:42:39 - Level2 - Find upline query: SELECT id FROM shonu_subjects WHERE owncode = '400660113602'
2026-03-14 23:42:39 - Level2 - Upline found: 113607
2026-03-14 23:42:39 - Level2 - Insert query: INSERT INTO vyavahara (
            balakedara, ketebida, prakara, purba, bartaman, ayoga, koduvavanu, tiarikala, commission_status, process_date
        ) VALUES (
            '113607', '2000', 'LVLCOMM2', '19200981.17274', '19200986.17274', '5', '1176073', '2026-03-14 23:42:39', 0, '2026-03-15'
        )
2026-03-14 23:42:39 - Level2 - ✅ INSERT SUCCESSFUL
2026-03-14 23:42:39 - Level3 - Find upline query: SELECT id FROM shonu_subjects WHERE owncode = '116629030908'
2026-03-14 23:42:39 - Level3 - Upline found: 113033
2026-03-14 23:42:39 - Level3 - Insert query: INSERT INTO vyavahara (
            balakedara, ketebida, prakara, purba, bartaman, ayoga, koduvavanu, tiarikala, commission_status, process_date
        ) VALUES (
            '113033', '2000', 'LVLCOMM3', '10539.65049', '10541.25049', '1.6', '1176073', '2026-03-14 23:42:39', 0, '2026-03-15'
        )
2026-03-14 23:42:39 - Level3 - ✅ INSERT SUCCESSFUL
2026-03-14 23:42:39 - ========== COMMISSION.PHP ENDED ==========

2026-03-14 23:43:13 - ========== COMMISSION.PHP STARTED ==========
2026-03-14 23:43:13 - Bet amount: 2000, User ID: 1176073
2026-03-14 23:43:13 - Level commissions: L1=8, L2=5, L3=1.6, L4=0.2, L5=0.1, L6=0.04
2026-03-14 23:43:13 - Codes query: SELECT code, code1, code2, code3, code4, code5 FROM shonu_subjects WHERE id = '1176073'
2026-03-14 23:43:13 - Referral codes: code=7384791175875, code1=400660113602, code2=116629030908, code3=official, code4=, code5=
2026-03-14 23:43:13 - Next process date: 2026-03-15
2026-03-14 23:43:13 - Level1 - Find upline query: SELECT id FROM shonu_subjects WHERE owncode = '7384791175875'
2026-03-14 23:43:13 - Level1 - Upline found: 1175875
2026-03-14 23:43:13 - Level1 - Insert query: INSERT INTO vyavahara (
            balakedara, ketebida, prakara, purba, bartaman, ayoga, koduvavanu, tiarikala, commission_status, process_date
        ) VALUES (
            '1175875', '2000', 'LVLCOMM1', '866', '874', '8', '1176073', '2026-03-14 23:43:13', 0, '2026-03-15'
        )
2026-03-14 23:43:13 - Level1 - ✅ INSERT SUCCESSFUL
2026-03-14 23:43:13 - Level2 - Find upline query: SELECT id FROM shonu_subjects WHERE owncode = '400660113602'
2026-03-14 23:43:13 - Level2 - Upline found: 113607
2026-03-14 23:43:13 - Level2 - Insert query: INSERT INTO vyavahara (
            balakedara, ketebida, prakara, purba, bartaman, ayoga, koduvavanu, tiarikala, commission_status, process_date
        ) VALUES (
            '113607', '2000', 'LVLCOMM2', '19200981.17274', '19200986.17274', '5', '1176073', '2026-03-14 23:43:13', 0, '2026-03-15'
        )
2026-03-14 23:43:13 - Level2 - ✅ INSERT SUCCESSFUL
2026-03-14 23:43:13 - Level3 - Find upline query: SELECT id FROM shonu_subjects WHERE owncode = '116629030908'
2026-03-14 23:43:13 - Level3 - Upline found: 113033
2026-03-14 23:43:13 - Level3 - Insert query: INSERT INTO vyavahara (
            balakedara, ketebida, prakara, purba, bartaman, ayoga, koduvavanu, tiarikala, commission_status, process_date
        ) VALUES (
            '113033', '2000', 'LVLCOMM3', '10539.65049', '10541.25049', '1.6', '1176073', '2026-03-14 23:43:13', 0, '2026-03-15'
        )
2026-03-14 23:43:13 - Level3 - ✅ INSERT SUCCESSFUL
2026-03-14 23:43:13 - ========== COMMISSION.PHP ENDED ==========

2026-03-14 23:43:43 - ========== COMMISSION.PHP STARTED ==========
2026-03-14 23:43:43 - Bet amount: 1000, User ID: 1176073
2026-03-14 23:43:43 - Level commissions: L1=4, L2=2.5, L3=0.8, L4=0.1, L5=0.05, L6=0.02
2026-03-14 23:43:43 - Codes query: SELECT code, code1, code2, code3, code4, code5 FROM shonu_subjects WHERE id = '1176073'
2026-03-14 23:43:43 - Referral codes: code=7384791175875, code1=400660113602, code2=116629030908, code3=official, code4=, code5=
2026-03-14 23:43:43 - Next process date: 2026-03-15
2026-03-14 23:43:43 - Level1 - Find upline query: SELECT id FROM shonu_subjects WHERE owncode = '7384791175875'
2026-03-14 23:43:43 - Level1 - Upline found: 1175875
2026-03-14 23:43:43 - Level1 - Insert query: INSERT INTO vyavahara (
            balakedara, ketebida, prakara, purba, bartaman, ayoga, koduvavanu, tiarikala, commission_status, process_date
        ) VALUES (
            '1175875', '1000', 'LVLCOMM1', '866', '870', '4', '1176073', '2026-03-14 23:43:43', 0, '2026-03-15'
        )
2026-03-14 23:43:43 - Level1 - ✅ INSERT SUCCESSFUL
2026-03-14 23:43:43 - Level2 - Find upline query: SELECT id FROM shonu_subjects WHERE owncode = '400660113602'
2026-03-14 23:43:43 - Level2 - Upline found: 113607
2026-03-14 23:43:43 - Level2 - Insert query: INSERT INTO vyavahara (
            balakedara, ketebida, prakara, purba, bartaman, ayoga, koduvavanu, tiarikala, commission_status, process_date
        ) VALUES (
            '113607', '1000', 'LVLCOMM2', '19200981.17274', '19200983.67274', '2.5', '1176073', '2026-03-14 23:43:43', 0, '2026-03-15'
        )
2026-03-14 23:43:43 - Level2 - ✅ INSERT SUCCESSFUL
2026-03-14 23:43:43 - Level3 - Find upline query: SELECT id FROM shonu_subjects WHERE owncode = '116629030908'
2026-03-14 23:43:43 - Level3 - Upline found: 113033
2026-03-14 23:43:43 - Level3 - Insert query: INSERT INTO vyavahara (
            balakedara, ketebida, prakara, purba, bartaman, ayoga, koduvavanu, tiarikala, commission_status, process_date
        ) VALUES (
            '113033', '1000', 'LVLCOMM3', '10539.65049', '10540.45049', '0.8', '1176073', '2026-03-14 23:43:43', 0, '2026-03-15'
        )
2026-03-14 23:43:43 - Level3 - ✅ INSERT SUCCESSFUL
2026-03-14 23:43:43 - ========== COMMISSION.PHP ENDED ==========

2026-03-14 23:44:09 - ========== COMMISSION.PHP STARTED ==========
2026-03-14 23:44:09 - Bet amount: 2000, User ID: 1176073
2026-03-14 23:44:09 - Level commissions: L1=8, L2=5, L3=1.6, L4=0.2, L5=0.1, L6=0.04
2026-03-14 23:44:09 - Codes query: SELECT code, code1, code2, code3, code4, code5 FROM shonu_subjects WHERE id = '1176073'
2026-03-14 23:44:09 - Referral codes: code=7384791175875, code1=400660113602, code2=116629030908, code3=official, code4=, code5=
2026-03-14 23:44:09 - Next process date: 2026-03-15
2026-03-14 23:44:09 - Level1 - Find upline query: SELECT id FROM shonu_subjects WHERE owncode = '7384791175875'
2026-03-14 23:44:09 - Level1 - Upline found: 1175875
2026-03-14 23:44:09 - Level1 - Insert query: INSERT INTO vyavahara (
            balakedara, ketebida, prakara, purba, bartaman, ayoga, koduvavanu, tiarikala, commission_status, process_date
        ) VALUES (
            '1175875', '2000', 'LVLCOMM1', '866', '874', '8', '1176073', '2026-03-14 23:44:09', 0, '2026-03-15'
        )
2026-03-14 23:44:09 - Level1 - ✅ INSERT SUCCESSFUL
2026-03-14 23:44:09 - Level2 - Find upline query: SELECT id FROM shonu_subjects WHERE owncode = '400660113602'
2026-03-14 23:44:09 - Level2 - Upline found: 113607
2026-03-14 23:44:09 - Level2 - Insert query: INSERT INTO vyavahara (
            balakedara, ketebida, prakara, purba, bartaman, ayoga, koduvavanu, tiarikala, commission_status, process_date
        ) VALUES (
            '113607', '2000', 'LVLCOMM2', '19200981.17274', '19200986.17274', '5', '1176073', '2026-03-14 23:44:09', 0, '2026-03-15'
        )
2026-03-14 23:44:09 - Level2 - ✅ INSERT SUCCESSFUL
2026-03-14 23:44:09 - Level3 - Find upline query: SELECT id FROM shonu_subjects WHERE owncode = '116629030908'
2026-03-14 23:44:09 - Level3 - Upline found: 113033
2026-03-14 23:44:09 - Level3 - Insert query: INSERT INTO vyavahara (
            balakedara, ketebida, prakara, purba, bartaman, ayoga, koduvavanu, tiarikala, commission_status, process_date
        ) VALUES (
            '113033', '2000', 'LVLCOMM3', '10539.65049', '10541.25049', '1.6', '1176073', '2026-03-14 23:44:09', 0, '2026-03-15'
        )
2026-03-14 23:44:09 - Level3 - ✅ INSERT SUCCESSFUL
2026-03-14 23:44:09 - ========== COMMISSION.PHP ENDED ==========

2026-03-14 23:44:48 - ========== COMMISSION.PHP STARTED ==========
2026-03-14 23:44:48 - Bet amount: 2000, User ID: 1176073
2026-03-14 23:44:48 - Level commissions: L1=8, L2=5, L3=1.6, L4=0.2, L5=0.1, L6=0.04
2026-03-14 23:44:48 - Codes query: SELECT code, code1, code2, code3, code4, code5 FROM shonu_subjects WHERE id = '1176073'
2026-03-14 23:44:48 - Referral codes: code=7384791175875, code1=400660113602, code2=116629030908, code3=official, code4=, code5=
2026-03-14 23:44:48 - Next process date: 2026-03-15
2026-03-14 23:44:48 - Level1 - Find upline query: SELECT id FROM shonu_subjects WHERE owncode = '7384791175875'
2026-03-14 23:44:48 - Level1 - Upline found: 1175875
2026-03-14 23:44:48 - Level1 - Insert query: INSERT INTO vyavahara (
            balakedara, ketebida, prakara, purba, bartaman, ayoga, koduvavanu, tiarikala, commission_status, process_date
        ) VALUES (
            '1175875', '2000', 'LVLCOMM1', '866', '874', '8', '1176073', '2026-03-14 23:44:48', 0, '2026-03-15'
        )
2026-03-14 23:44:48 - Level1 - ✅ INSERT SUCCESSFUL
2026-03-14 23:44:48 - Level2 - Find upline query: SELECT id FROM shonu_subjects WHERE owncode = '400660113602'
2026-03-14 23:44:48 - Level2 - Upline found: 113607
2026-03-14 23:44:48 - Level2 - Insert query: INSERT INTO vyavahara (
            balakedara, ketebida, prakara, purba, bartaman, ayoga, koduvavanu, tiarikala, commission_status, process_date
        ) VALUES (
            '113607', '2000', 'LVLCOMM2', '19200981.17274', '19200986.17274', '5', '1176073', '2026-03-14 23:44:48', 0, '2026-03-15'
        )
2026-03-14 23:44:48 - Level2 - ✅ INSERT SUCCESSFUL
2026-03-14 23:44:48 - Level3 - Find upline query: SELECT id FROM shonu_subjects WHERE owncode = '116629030908'
2026-03-14 23:44:48 - Level3 - Upline found: 113033
2026-03-14 23:44:48 - Level3 - Insert query: INSERT INTO vyavahara (
            balakedara, ketebida, prakara, purba, bartaman, ayoga, koduvavanu, tiarikala, commission_status, process_date
        ) VALUES (
            '113033', '2000', 'LVLCOMM3', '10539.65049', '10541.25049', '1.6', '1176073', '2026-03-14 23:44:48', 0, '2026-03-15'
        )
2026-03-14 23:44:48 - Level3 - ✅ INSERT SUCCESSFUL
2026-03-14 23:44:48 - ========== COMMISSION.PHP ENDED ==========

2026-03-14 23:45:10 - ========== COMMISSION.PHP STARTED ==========
2026-03-14 23:45:10 - Bet amount: 1000, User ID: 1176073
2026-03-14 23:45:10 - Level commissions: L1=4, L2=2.5, L3=0.8, L4=0.1, L5=0.05, L6=0.02
2026-03-14 23:45:10 - Codes query: SELECT code, code1, code2, code3, code4, code5 FROM shonu_subjects WHERE id = '1176073'
2026-03-14 23:45:10 - Referral codes: code=7384791175875, code1=400660113602, code2=116629030908, code3=official, code4=, code5=
2026-03-14 23:45:10 - Next process date: 2026-03-15
2026-03-14 23:45:10 - Level1 - Find upline query: SELECT id FROM shonu_subjects WHERE owncode = '7384791175875'
2026-03-14 23:45:10 - Level1 - Upline found: 1175875
2026-03-14 23:45:10 - Level1 - Insert query: INSERT INTO vyavahara (
            balakedara, ketebida, prakara, purba, bartaman, ayoga, koduvavanu, tiarikala, commission_status, process_date
        ) VALUES (
            '1175875', '1000', 'LVLCOMM1', '866', '870', '4', '1176073', '2026-03-14 23:45:10', 0, '2026-03-15'
        )
2026-03-14 23:45:10 - Level1 - ✅ INSERT SUCCESSFUL
2026-03-14 23:45:10 - Level2 - Find upline query: SELECT id FROM shonu_subjects WHERE owncode = '400660113602'
2026-03-14 23:45:10 - Level2 - Upline found: 113607
2026-03-14 23:45:10 - Level2 - Insert query: INSERT INTO vyavahara (
            balakedara, ketebida, prakara, purba, bartaman, ayoga, koduvavanu, tiarikala, commission_status, process_date
        ) VALUES (
            '113607', '1000', 'LVLCOMM2', '19200981.17274', '19200983.67274', '2.5', '1176073', '2026-03-14 23:45:10', 0, '2026-03-15'
        )
2026-03-14 23:45:10 - Level2 - ✅ INSERT SUCCESSFUL
2026-03-14 23:45:10 - Level3 - Find upline query: SELECT id FROM shonu_subjects WHERE owncode = '116629030908'
2026-03-14 23:45:10 - Level3 - Upline found: 113033
2026-03-14 23:45:10 - Level3 - Insert query: INSERT INTO vyavahara (
            balakedara, ketebida, prakara, purba, bartaman, ayoga, koduvavanu, tiarikala, commission_status, process_date
        ) VALUES (
            '113033', '1000', 'LVLCOMM3', '10539.65049', '10540.45049', '0.8', '1176073', '2026-03-14 23:45:10', 0, '2026-03-15'
        )
2026-03-14 23:45:10 - Level3 - ✅ INSERT SUCCESSFUL
2026-03-14 23:45:10 - ========== COMMISSION.PHP ENDED ==========

2026-03-14 23:45:44 - ========== COMMISSION.PHP STARTED ==========
2026-03-14 23:45:44 - Bet amount: 2000, User ID: 1176073
2026-03-14 23:45:44 - Level commissions: L1=8, L2=5, L3=1.6, L4=0.2, L5=0.1, L6=0.04
2026-03-14 23:45:44 - Codes query: SELECT code, code1, code2, code3, code4, code5 FROM shonu_subjects WHERE id = '1176073'
2026-03-14 23:45:44 - Referral codes: code=7384791175875, code1=400660113602, code2=116629030908, code3=official, code4=, code5=
2026-03-14 23:45:44 - Next process date: 2026-03-15
2026-03-14 23:45:44 - Level1 - Find upline query: SELECT id FROM shonu_subjects WHERE owncode = '7384791175875'
2026-03-14 23:45:44 - Level1 - Upline found: 1175875
2026-03-14 23:45:44 - Level1 - Insert query: INSERT INTO vyavahara (
            balakedara, ketebida, prakara, purba, bartaman, ayoga, koduvavanu, tiarikala, commission_status, process_date
        ) VALUES (
            '1175875', '2000', 'LVLCOMM1', '866', '874', '8', '1176073', '2026-03-14 23:45:44', 0, '2026-03-15'
        )
2026-03-14 23:45:44 - Level1 - ✅ INSERT SUCCESSFUL
2026-03-14 23:45:44 - Level2 - Find upline query: SELECT id FROM shonu_subjects WHERE owncode = '400660113602'
2026-03-14 23:45:44 - Level2 - Upline found: 113607
2026-03-14 23:45:44 - Level2 - Insert query: INSERT INTO vyavahara (
            balakedara, ketebida, prakara, purba, bartaman, ayoga, koduvavanu, tiarikala, commission_status, process_date
        ) VALUES (
            '113607', '2000', 'LVLCOMM2', '19200981.17274', '19200986.17274', '5', '1176073', '2026-03-14 23:45:44', 0, '2026-03-15'
        )
2026-03-14 23:45:44 - Level2 - ✅ INSERT SUCCESSFUL
2026-03-14 23:45:44 - Level3 - Find upline query: SELECT id FROM shonu_subjects WHERE owncode = '116629030908'
2026-03-14 23:45:44 - Level3 - Upline found: 113033
2026-03-14 23:45:44 - Level3 - Insert query: INSERT INTO vyavahara (
            balakedara, ketebida, prakara, purba, bartaman, ayoga, koduvavanu, tiarikala, commission_status, process_date
        ) VALUES (
            '113033', '2000', 'LVLCOMM3', '10539.65049', '10541.25049', '1.6', '1176073', '2026-03-14 23:45:44', 0, '2026-03-15'
        )
2026-03-14 23:45:44 - Level3 - ✅ INSERT SUCCESSFUL
2026-03-14 23:45:44 - ========== COMMISSION.PHP ENDED ==========

2026-03-14 23:46:22 - ========== COMMISSION.PHP STARTED ==========
2026-03-14 23:46:22 - Bet amount: 3000, User ID: 1176073
2026-03-14 23:46:22 - Level commissions: L1=12, L2=7.5, L3=2.4, L4=0.3, L5=0.15, L6=0.06
2026-03-14 23:46:22 - Codes query: SELECT code, code1, code2, code3, code4, code5 FROM shonu_subjects WHERE id = '1176073'
2026-03-14 23:46:22 - Referral codes: code=7384791175875, code1=400660113602, code2=116629030908, code3=official, code4=, code5=
2026-03-14 23:46:22 - Next process date: 2026-03-15
2026-03-14 23:46:22 - Level1 - Find upline query: SELECT id FROM shonu_subjects WHERE owncode = '7384791175875'
2026-03-14 23:46:22 - Level1 - Upline found: 1175875
2026-03-14 23:46:22 - Level1 - Insert query: INSERT INTO vyavahara (
            balakedara, ketebida, prakara, purba, bartaman, ayoga, koduvavanu, tiarikala, commission_status, process_date
        ) VALUES (
            '1175875', '3000', 'LVLCOMM1', '866', '878', '12', '1176073', '2026-03-14 23:46:22', 0, '2026-03-15'
        )
2026-03-14 23:46:22 - Level1 - ✅ INSERT SUCCESSFUL
2026-03-14 23:46:22 - Level2 - Find upline query: SELECT id FROM shonu_subjects WHERE owncode = '400660113602'
2026-03-14 23:46:22 - Level2 - Upline found: 113607
2026-03-14 23:46:22 - Level2 - Insert query: INSERT INTO vyavahara (
            balakedara, ketebida, prakara, purba, bartaman, ayoga, koduvavanu, tiarikala, commission_status, process_date
        ) VALUES (
            '113607', '3000', 'LVLCOMM2', '19200981.17274', '19200988.67274', '7.5', '1176073', '2026-03-14 23:46:22', 0, '2026-03-15'
        )
2026-03-14 23:46:22 - Level2 - ✅ INSERT SUCCESSFUL
2026-03-14 23:46:22 - Level3 - Find upline query: SELECT id FROM shonu_subjects WHERE owncode = '116629030908'
2026-03-14 23:46:22 - Level3 - Upline found: 113033
2026-03-14 23:46:22 - Level3 - Insert query: INSERT INTO vyavahara (
            balakedara, ketebida, prakara, purba, bartaman, ayoga, koduvavanu, tiarikala, commission_status, process_date
        ) VALUES (
            '113033', '3000', 'LVLCOMM3', '10539.65049', '10542.05049', '2.4', '1176073', '2026-03-14 23:46:22', 0, '2026-03-15'
        )
2026-03-14 23:46:22 - Level3 - ✅ INSERT SUCCESSFUL
2026-03-14 23:46:22 - ========== COMMISSION.PHP ENDED ==========

2026-03-14 23:46:41 - ========== COMMISSION.PHP STARTED ==========
2026-03-14 23:46:41 - Bet amount: 1000, User ID: 1176073
2026-03-14 23:46:41 - Level commissions: L1=4, L2=2.5, L3=0.8, L4=0.1, L5=0.05, L6=0.02
2026-03-14 23:46:41 - Codes query: SELECT code, code1, code2, code3, code4, code5 FROM shonu_subjects WHERE id = '1176073'
2026-03-14 23:46:41 - Referral codes: code=7384791175875, code1=400660113602, code2=116629030908, code3=official, code4=, code5=
2026-03-14 23:46:41 - Next process date: 2026-03-15
2026-03-14 23:46:41 - Level1 - Find upline query: SELECT id FROM shonu_subjects WHERE owncode = '7384791175875'
2026-03-14 23:46:41 - Level1 - Upline found: 1175875
2026-03-14 23:46:41 - Level1 - Insert query: INSERT INTO vyavahara (
            balakedara, ketebida, prakara, purba, bartaman, ayoga, koduvavanu, tiarikala, commission_status, process_date
        ) VALUES (
            '1175875', '1000', 'LVLCOMM1', '866', '870', '4', '1176073', '2026-03-14 23:46:41', 0, '2026-03-15'
        )
2026-03-14 23:46:41 - Level1 - ✅ INSERT SUCCESSFUL
2026-03-14 23:46:41 - Level2 - Find upline query: SELECT id FROM shonu_subjects WHERE owncode = '400660113602'
2026-03-14 23:46:41 - Level2 - Upline found: 113607
2026-03-14 23:46:41 - Level2 - Insert query: INSERT INTO vyavahara (
            balakedara, ketebida, prakara, purba, bartaman, ayoga, koduvavanu, tiarikala, commission_status, process_date
        ) VALUES (
            '113607', '1000', 'LVLCOMM2', '19200981.17274', '19200983.67274', '2.5', '1176073', '2026-03-14 23:46:41', 0, '2026-03-15'
        )
2026-03-14 23:46:41 - Level2 - ✅ INSERT SUCCESSFUL
2026-03-14 23:46:41 - Level3 - Find upline query: SELECT id FROM shonu_subjects WHERE owncode = '116629030908'
2026-03-14 23:46:41 - Level3 - Upline found: 113033
2026-03-14 23:46:41 - Level3 - Insert query: INSERT INTO vyavahara (
            balakedara, ketebida, prakara, purba, bartaman, ayoga, koduvavanu, tiarikala, commission_status, process_date
        ) VALUES (
            '113033', '1000', 'LVLCOMM3', '10539.65049', '10540.45049', '0.8', '1176073', '2026-03-14 23:46:41', 0, '2026-03-15'
        )
2026-03-14 23:46:41 - Level3 - ✅ INSERT SUCCESSFUL
2026-03-14 23:46:41 - ========== COMMISSION.PHP ENDED ==========

2026-03-14 23:47:14 - ========== COMMISSION.PHP STARTED ==========
2026-03-14 23:47:14 - Bet amount: 2000, User ID: 1176073
2026-03-14 23:47:14 - Level commissions: L1=8, L2=5, L3=1.6, L4=0.2, L5=0.1, L6=0.04
2026-03-14 23:47:14 - Codes query: SELECT code, code1, code2, code3, code4, code5 FROM shonu_subjects WHERE id = '1176073'
2026-03-14 23:47:14 - Referral codes: code=7384791175875, code1=400660113602, code2=116629030908, code3=official, code4=, code5=
2026-03-14 23:47:14 - Next process date: 2026-03-15
2026-03-14 23:47:14 - Level1 - Find upline query: SELECT id FROM shonu_subjects WHERE owncode = '7384791175875'
2026-03-14 23:47:14 - Level1 - Upline found: 1175875
2026-03-14 23:47:14 - Level1 - Insert query: INSERT INTO vyavahara (
            balakedara, ketebida, prakara, purba, bartaman, ayoga, koduvavanu, tiarikala, commission_status, process_date
        ) VALUES (
            '1175875', '2000', 'LVLCOMM1', '866', '874', '8', '1176073', '2026-03-14 23:47:14', 0, '2026-03-15'
        )
2026-03-14 23:47:14 - Level1 - ✅ INSERT SUCCESSFUL
2026-03-14 23:47:14 - Level2 - Find upline query: SELECT id FROM shonu_subjects WHERE owncode = '400660113602'
2026-03-14 23:47:14 - Level2 - Upline found: 113607
2026-03-14 23:47:14 - Level2 - Insert query: INSERT INTO vyavahara (
            balakedara, ketebida, prakara, purba, bartaman, ayoga, koduvavanu, tiarikala, commission_status, process_date
        ) VALUES (
            '113607', '2000', 'LVLCOMM2', '19200981.17274', '19200986.17274', '5', '1176073', '2026-03-14 23:47:14', 0, '2026-03-15'
        )
2026-03-14 23:47:14 - Level2 - ✅ INSERT SUCCESSFUL
2026-03-14 23:47:14 - Level3 - Find upline query: SELECT id FROM shonu_subjects WHERE owncode = '116629030908'
2026-03-14 23:47:14 - Level3 - Upline found: 113033
2026-03-14 23:47:14 - Level3 - Insert query: INSERT INTO vyavahara (
            balakedara, ketebida, prakara, purba, bartaman, ayoga, koduvavanu, tiarikala, commission_status, process_date
        ) VALUES (
            '113033', '2000', 'LVLCOMM3', '10539.65049', '10541.25049', '1.6', '1176073', '2026-03-14 23:47:14', 0, '2026-03-15'
        )
2026-03-14 23:47:14 - Level3 - ✅ INSERT SUCCESSFUL
2026-03-14 23:47:14 - ========== COMMISSION.PHP ENDED ==========

2026-03-14 23:47:41 - ========== COMMISSION.PHP STARTED ==========
2026-03-14 23:47:41 - Bet amount: 5000, User ID: 1176073
2026-03-14 23:47:41 - Level commissions: L1=20, L2=12.5, L3=4, L4=0.5, L5=0.25, L6=0.1
2026-03-14 23:47:41 - Codes query: SELECT code, code1, code2, code3, code4, code5 FROM shonu_subjects WHERE id = '1176073'
2026-03-14 23:47:41 - Referral codes: code=7384791175875, code1=400660113602, code2=116629030908, code3=official, code4=, code5=
2026-03-14 23:47:41 - Next process date: 2026-03-15
2026-03-14 23:47:41 - Level1 - Find upline query: SELECT id FROM shonu_subjects WHERE owncode = '7384791175875'
2026-03-14 23:47:41 - Level1 - Upline found: 1175875
2026-03-14 23:47:41 - Level1 - Insert query: INSERT INTO vyavahara (
            balakedara, ketebida, prakara, purba, bartaman, ayoga, koduvavanu, tiarikala, commission_status, process_date
        ) VALUES (
            '1175875', '5000', 'LVLCOMM1', '866', '886', '20', '1176073', '2026-03-14 23:47:41', 0, '2026-03-15'
        )
2026-03-14 23:47:41 - Level1 - ✅ INSERT SUCCESSFUL
2026-03-14 23:47:41 - Level2 - Find upline query: SELECT id FROM shonu_subjects WHERE owncode = '400660113602'
2026-03-14 23:47:41 - Level2 - Upline found: 113607
2026-03-14 23:47:41 - Level2 - Insert query: INSERT INTO vyavahara (
            balakedara, ketebida, prakara, purba, bartaman, ayoga, koduvavanu, tiarikala, commission_status, process_date
        ) VALUES (
            '113607', '5000', 'LVLCOMM2', '19200981.17274', '19200993.67274', '12.5', '1176073', '2026-03-14 23:47:41', 0, '2026-03-15'
        )
2026-03-14 23:47:41 - Level2 - ✅ INSERT SUCCESSFUL
2026-03-14 23:47:41 - Level3 - Find upline query: SELECT id FROM shonu_subjects WHERE owncode = '116629030908'
2026-03-14 23:47:41 - Level3 - Upline found: 113033
2026-03-14 23:47:41 - Level3 - Insert query: INSERT INTO vyavahara (
            balakedara, ketebida, prakara, purba, bartaman, ayoga, koduvavanu, tiarikala, commission_status, process_date
        ) VALUES (
            '113033', '5000', 'LVLCOMM3', '10539.65049', '10543.65049', '4', '1176073', '2026-03-14 23:47:41', 0, '2026-03-15'
        )
2026-03-14 23:47:41 - Level3 - ✅ INSERT SUCCESSFUL
2026-03-14 23:47:41 - ========== COMMISSION.PHP ENDED ==========

2026-03-14 23:48:19 - ========== COMMISSION.PHP STARTED ==========
2026-03-14 23:48:19 - Bet amount: 2000, User ID: 1176073
2026-03-14 23:48:19 - Level commissions: L1=8, L2=5, L3=1.6, L4=0.2, L5=0.1, L6=0.04
2026-03-14 23:48:19 - Codes query: SELECT code, code1, code2, code3, code4, code5 FROM shonu_subjects WHERE id = '1176073'
2026-03-14 23:48:19 - Referral codes: code=7384791175875, code1=400660113602, code2=116629030908, code3=official, code4=, code5=
2026-03-14 23:48:19 - Next process date: 2026-03-15
2026-03-14 23:48:19 - Level1 - Find upline query: SELECT id FROM shonu_subjects WHERE owncode = '7384791175875'
2026-03-14 23:48:19 - Level1 - Upline found: 1175875
2026-03-14 23:48:19 - Level1 - Insert query: INSERT INTO vyavahara (
            balakedara, ketebida, prakara, purba, bartaman, ayoga, koduvavanu, tiarikala, commission_status, process_date
        ) VALUES (
            '1175875', '2000', 'LVLCOMM1', '866', '874', '8', '1176073', '2026-03-14 23:48:19', 0, '2026-03-15'
        )
2026-03-14 23:48:19 - Level1 - ✅ INSERT SUCCESSFUL
2026-03-14 23:48:19 - Level2 - Find upline query: SELECT id FROM shonu_subjects WHERE owncode = '400660113602'
2026-03-14 23:48:19 - Level2 - Upline found: 113607
2026-03-14 23:48:19 - Level2 - Insert query: INSERT INTO vyavahara (
            balakedara, ketebida, prakara, purba, bartaman, ayoga, koduvavanu, tiarikala, commission_status, process_date
        ) VALUES (
            '113607', '2000', 'LVLCOMM2', '19200981.17274', '19200986.17274', '5', '1176073', '2026-03-14 23:48:19', 0, '2026-03-15'
        )
2026-03-14 23:48:19 - Level2 - ✅ INSERT SUCCESSFUL
2026-03-14 23:48:19 - Level3 - Find upline query: SELECT id FROM shonu_subjects WHERE owncode = '116629030908'
2026-03-14 23:48:19 - Level3 - Upline found: 113033
2026-03-14 23:48:19 - Level3 - Insert query: INSERT INTO vyavahara (
            balakedara, ketebida, prakara, purba, bartaman, ayoga, koduvavanu, tiarikala, commission_status, process_date
        ) VALUES (
            '113033', '2000', 'LVLCOMM3', '10539.65049', '10541.25049', '1.6', '1176073', '2026-03-14 23:48:19', 0, '2026-03-15'
        )
2026-03-14 23:48:19 - Level3 - ✅ INSERT SUCCESSFUL
2026-03-14 23:48:19 - ========== COMMISSION.PHP ENDED ==========

2026-03-14 23:48:46 - ========== COMMISSION.PHP STARTED ==========
2026-03-14 23:48:46 - Bet amount: 4000, User ID: 1176073
2026-03-14 23:48:46 - Level commissions: L1=16, L2=10, L3=3.2, L4=0.4, L5=0.2, L6=0.08
2026-03-14 23:48:46 - Codes query: SELECT code, code1, code2, code3, code4, code5 FROM shonu_subjects WHERE id = '1176073'
2026-03-14 23:48:46 - Referral codes: code=7384791175875, code1=400660113602, code2=116629030908, code3=official, code4=, code5=
2026-03-14 23:48:46 - Next process date: 2026-03-15
2026-03-14 23:48:46 - Level1 - Find upline query: SELECT id FROM shonu_subjects WHERE owncode = '7384791175875'
2026-03-14 23:48:46 - Level1 - Upline found: 1175875
2026-03-14 23:48:46 - Level1 - Insert query: INSERT INTO vyavahara (
            balakedara, ketebida, prakara, purba, bartaman, ayoga, koduvavanu, tiarikala, commission_status, process_date
        ) VALUES (
            '1175875', '4000', 'LVLCOMM1', '866', '882', '16', '1176073', '2026-03-14 23:48:46', 0, '2026-03-15'
        )
2026-03-14 23:48:46 - Level1 - ✅ INSERT SUCCESSFUL
2026-03-14 23:48:46 - Level2 - Find upline query: SELECT id FROM shonu_subjects WHERE owncode = '400660113602'
2026-03-14 23:48:46 - Level2 - Upline found: 113607
2026-03-14 23:48:46 - Level2 - Insert query: INSERT INTO vyavahara (
            balakedara, ketebida, prakara, purba, bartaman, ayoga, koduvavanu, tiarikala, commission_status, process_date
        ) VALUES (
            '113607', '4000', 'LVLCOMM2', '19200981.17274', '19200991.17274', '10', '1176073', '2026-03-14 23:48:46', 0, '2026-03-15'
        )
2026-03-14 23:48:46 - Level2 - ✅ INSERT SUCCESSFUL
2026-03-14 23:48:46 - Level3 - Find upline query: SELECT id FROM shonu_subjects WHERE owncode = '116629030908'
2026-03-14 23:48:46 - Level3 - Upline found: 113033
2026-03-14 23:48:46 - Level3 - Insert query: INSERT INTO vyavahara (
            balakedara, ketebida, prakara, purba, bartaman, ayoga, koduvavanu, tiarikala, commission_status, process_date
        ) VALUES (
            '113033', '4000', 'LVLCOMM3', '10539.65049', '10542.85049', '3.2', '1176073', '2026-03-14 23:48:46', 0, '2026-03-15'
        )
2026-03-14 23:48:46 - Level3 - ✅ INSERT SUCCESSFUL
2026-03-14 23:48:46 - ========== COMMISSION.PHP ENDED ==========

2026-03-14 23:49:12 - ========== COMMISSION.PHP STARTED ==========
2026-03-14 23:49:12 - Bet amount: 2000, User ID: 1176073
2026-03-14 23:49:12 - Level commissions: L1=8, L2=5, L3=1.6, L4=0.2, L5=0.1, L6=0.04
2026-03-14 23:49:12 - Codes query: SELECT code, code1, code2, code3, code4, code5 FROM shonu_subjects WHERE id = '1176073'
2026-03-14 23:49:12 - Referral codes: code=7384791175875, code1=400660113602, code2=116629030908, code3=official, code4=, code5=
2026-03-14 23:49:12 - Next process date: 2026-03-15
2026-03-14 23:49:12 - Level1 - Find upline query: SELECT id FROM shonu_subjects WHERE owncode = '7384791175875'
2026-03-14 23:49:12 - Level1 - Upline found: 1175875
2026-03-14 23:49:12 - Level1 - Insert query: INSERT INTO vyavahara (
            balakedara, ketebida, prakara, purba, bartaman, ayoga, koduvavanu, tiarikala, commission_status, process_date
        ) VALUES (
            '1175875', '2000', 'LVLCOMM1', '866', '874', '8', '1176073', '2026-03-14 23:49:12', 0, '2026-03-15'
        )
2026-03-14 23:49:12 - Level1 - ✅ INSERT SUCCESSFUL
2026-03-14 23:49:12 - Level2 - Find upline query: SELECT id FROM shonu_subjects WHERE owncode = '400660113602'
2026-03-14 23:49:12 - Level2 - Upline found: 113607
2026-03-14 23:49:12 - Level2 - Insert query: INSERT INTO vyavahara (
            balakedara, ketebida, prakara, purba, bartaman, ayoga, koduvavanu, tiarikala, commission_status, process_date
        ) VALUES (
            '113607', '2000', 'LVLCOMM2', '19200981.17274', '19200986.17274', '5', '1176073', '2026-03-14 23:49:12', 0, '2026-03-15'
        )
2026-03-14 23:49:12 - Level2 - ✅ INSERT SUCCESSFUL
2026-03-14 23:49:12 - Level3 - Find upline query: SELECT id FROM shonu_subjects WHERE owncode = '116629030908'
2026-03-14 23:49:12 - Level3 - Upline found: 113033
2026-03-14 23:49:12 - Level3 - Insert query: INSERT INTO vyavahara (
            balakedara, ketebida, prakara, purba, bartaman, ayoga, koduvavanu, tiarikala, commission_status, process_date
        ) VALUES (
            '113033', '2000', 'LVLCOMM3', '10539.65049', '10541.25049', '1.6', '1176073', '2026-03-14 23:49:12', 0, '2026-03-15'
        )
2026-03-14 23:49:12 - Level3 - ✅ INSERT SUCCESSFUL
2026-03-14 23:49:12 - ========== COMMISSION.PHP ENDED ==========

2026-03-14 23:49:45 - ========== COMMISSION.PHP STARTED ==========
2026-03-14 23:49:45 - Bet amount: 2000, User ID: 1176073
2026-03-14 23:49:45 - Level commissions: L1=8, L2=5, L3=1.6, L4=0.2, L5=0.1, L6=0.04
2026-03-14 23:49:45 - Codes query: SELECT code, code1, code2, code3, code4, code5 FROM shonu_subjects WHERE id = '1176073'
2026-03-14 23:49:45 - Referral codes: code=7384791175875, code1=400660113602, code2=116629030908, code3=official, code4=, code5=
2026-03-14 23:49:45 - Next process date: 2026-03-15
2026-03-14 23:49:45 - Level1 - Find upline query: SELECT id FROM shonu_subjects WHERE owncode = '7384791175875'
2026-03-14 23:49:45 - Level1 - Upline found: 1175875
2026-03-14 23:49:45 - Level1 - Insert query: INSERT INTO vyavahara (
            balakedara, ketebida, prakara, purba, bartaman, ayoga, koduvavanu, tiarikala, commission_status, process_date
        ) VALUES (
            '1175875', '2000', 'LVLCOMM1', '866', '874', '8', '1176073', '2026-03-14 23:49:45', 0, '2026-03-15'
        )
2026-03-14 23:49:45 - Level1 - ✅ INSERT SUCCESSFUL
2026-03-14 23:49:45 - Level2 - Find upline query: SELECT id FROM shonu_subjects WHERE owncode = '400660113602'
2026-03-14 23:49:45 - Level2 - Upline found: 113607
2026-03-14 23:49:45 - Level2 - Insert query: INSERT INTO vyavahara (
            balakedara, ketebida, prakara, purba, bartaman, ayoga, koduvavanu, tiarikala, commission_status, process_date
        ) VALUES (
            '113607', '2000', 'LVLCOMM2', '19200981.17274', '19200986.17274', '5', '1176073', '2026-03-14 23:49:45', 0, '2026-03-15'
        )
2026-03-14 23:49:45 - Level2 - ✅ INSERT SUCCESSFUL
2026-03-14 23:49:45 - Level3 - Find upline query: SELECT id FROM shonu_subjects WHERE owncode = '116629030908'
2026-03-14 23:49:45 - Level3 - Upline found: 113033
2026-03-14 23:49:45 - Level3 - Insert query: INSERT INTO vyavahara (
            balakedara, ketebida, prakara, purba, bartaman, ayoga, koduvavanu, tiarikala, commission_status, process_date
        ) VALUES (
            '113033', '2000', 'LVLCOMM3', '10539.65049', '10541.25049', '1.6', '1176073', '2026-03-14 23:49:45', 0, '2026-03-15'
        )
2026-03-14 23:49:45 - Level3 - ✅ INSERT SUCCESSFUL
2026-03-14 23:49:45 - ========== COMMISSION.PHP ENDED ==========

2026-03-14 23:50:10 - ========== COMMISSION.PHP STARTED ==========
2026-03-14 23:50:10 - Bet amount: 5000, User ID: 1176073
2026-03-14 23:50:10 - Level commissions: L1=20, L2=12.5, L3=4, L4=0.5, L5=0.25, L6=0.1
2026-03-14 23:50:10 - Codes query: SELECT code, code1, code2, code3, code4, code5 FROM shonu_subjects WHERE id = '1176073'
2026-03-14 23:50:10 - Referral codes: code=7384791175875, code1=400660113602, code2=116629030908, code3=official, code4=, code5=
2026-03-14 23:50:10 - Next process date: 2026-03-15
2026-03-14 23:50:10 - Level1 - Find upline query: SELECT id FROM shonu_subjects WHERE owncode = '7384791175875'
2026-03-14 23:50:10 - Level1 - Upline found: 1175875
2026-03-14 23:50:10 - Level1 - Insert query: INSERT INTO vyavahara (
            balakedara, ketebida, prakara, purba, bartaman, ayoga, koduvavanu, tiarikala, commission_status, process_date
        ) VALUES (
            '1175875', '5000', 'LVLCOMM1', '866', '886', '20', '1176073', '2026-03-14 23:50:10', 0, '2026-03-15'
        )
2026-03-14 23:50:10 - Level1 - ✅ INSERT SUCCESSFUL
2026-03-14 23:50:10 - Level2 - Find upline query: SELECT id FROM shonu_subjects WHERE owncode = '400660113602'
2026-03-14 23:50:10 - Level2 - Upline found: 113607
2026-03-14 23:50:10 - Level2 - Insert query: INSERT INTO vyavahara (
            balakedara, ketebida, prakara, purba, bartaman, ayoga, koduvavanu, tiarikala, commission_status, process_date
        ) VALUES (
            '113607', '5000', 'LVLCOMM2', '19200981.17274', '19200993.67274', '12.5', '1176073', '2026-03-14 23:50:10', 0, '2026-03-15'
        )
2026-03-14 23:50:10 - Level2 - ✅ INSERT SUCCESSFUL
2026-03-14 23:50:10 - Level3 - Find upline query: SELECT id FROM shonu_subjects WHERE owncode = '116629030908'
2026-03-14 23:50:10 - Level3 - Upline found: 113033
2026-03-14 23:50:10 - Level3 - Insert query: INSERT INTO vyavahara (
            balakedara, ketebida, prakara, purba, bartaman, ayoga, koduvavanu, tiarikala, commission_status, process_date
        ) VALUES (
            '113033', '5000', 'LVLCOMM3', '10539.65049', '10543.65049', '4', '1176073', '2026-03-14 23:50:10', 0, '2026-03-15'
        )
2026-03-14 23:50:10 - Level3 - ✅ INSERT SUCCESSFUL
2026-03-14 23:50:10 - ========== COMMISSION.PHP ENDED ==========

2026-03-14 23:52:18 - ========== COMMISSION.PHP STARTED ==========
2026-03-14 23:52:18 - Bet amount: 1000, User ID: 1176073
2026-03-14 23:52:18 - Level commissions: L1=4, L2=2.5, L3=0.8, L4=0.1, L5=0.05, L6=0.02
2026-03-14 23:52:18 - Codes query: SELECT code, code1, code2, code3, code4, code5 FROM shonu_subjects WHERE id = '1176073'
2026-03-14 23:52:18 - Referral codes: code=7384791175875, code1=400660113602, code2=116629030908, code3=official, code4=, code5=
2026-03-14 23:52:18 - Next process date: 2026-03-15
2026-03-14 23:52:18 - Level1 - Find upline query: SELECT id FROM shonu_subjects WHERE owncode = '7384791175875'
2026-03-14 23:52:18 - Level1 - Upline found: 1175875
2026-03-14 23:52:18 - Level1 - Insert query: INSERT INTO vyavahara (
            balakedara, ketebida, prakara, purba, bartaman, ayoga, koduvavanu, tiarikala, commission_status, process_date
        ) VALUES (
            '1175875', '1000', 'LVLCOMM1', '866', '870', '4', '1176073', '2026-03-14 23:52:18', 0, '2026-03-15'
        )
2026-03-14 23:52:18 - Level1 - ✅ INSERT SUCCESSFUL
2026-03-14 23:52:18 - Level2 - Find upline query: SELECT id FROM shonu_subjects WHERE owncode = '400660113602'
2026-03-14 23:52:18 - Level2 - Upline found: 113607
2026-03-14 23:52:18 - Level2 - Insert query: INSERT INTO vyavahara (
            balakedara, ketebida, prakara, purba, bartaman, ayoga, koduvavanu, tiarikala, commission_status, process_date
        ) VALUES (
            '113607', '1000', 'LVLCOMM2', '19200981.17274', '19200983.67274', '2.5', '1176073', '2026-03-14 23:52:18', 0, '2026-03-15'
        )
2026-03-14 23:52:18 - Level2 - ✅ INSERT SUCCESSFUL
2026-03-14 23:52:18 - Level3 - Find upline query: SELECT id FROM shonu_subjects WHERE owncode = '116629030908'
2026-03-14 23:52:18 - Level3 - Upline found: 113033
2026-03-14 23:52:18 - Level3 - Insert query: INSERT INTO vyavahara (
            balakedara, ketebida, prakara, purba, bartaman, ayoga, koduvavanu, tiarikala, commission_status, process_date
        ) VALUES (
            '113033', '1000', 'LVLCOMM3', '10539.65049', '10540.45049', '0.8', '1176073', '2026-03-14 23:52:18', 0, '2026-03-15'
        )
2026-03-14 23:52:18 - Level3 - ✅ INSERT SUCCESSFUL
2026-03-14 23:52:18 - ========== COMMISSION.PHP ENDED ==========

2026-03-14 23:52:43 - ========== COMMISSION.PHP STARTED ==========
2026-03-14 23:52:43 - Bet amount: 1000, User ID: 1176073
2026-03-14 23:52:43 - Level commissions: L1=4, L2=2.5, L3=0.8, L4=0.1, L5=0.05, L6=0.02
2026-03-14 23:52:43 - Codes query: SELECT code, code1, code2, code3, code4, code5 FROM shonu_subjects WHERE id = '1176073'
2026-03-14 23:52:43 - Referral codes: code=7384791175875, code1=400660113602, code2=116629030908, code3=official, code4=, code5=
2026-03-14 23:52:43 - Next process date: 2026-03-15
2026-03-14 23:52:43 - Level1 - Find upline query: SELECT id FROM shonu_subjects WHERE owncode = '7384791175875'
2026-03-14 23:52:43 - Level1 - Upline found: 1175875
2026-03-14 23:52:43 - Level1 - Insert query: INSERT INTO vyavahara (
            balakedara, ketebida, prakara, purba, bartaman, ayoga, koduvavanu, tiarikala, commission_status, process_date
        ) VALUES (
            '1175875', '1000', 'LVLCOMM1', '866', '870', '4', '1176073', '2026-03-14 23:52:43', 0, '2026-03-15'
        )
2026-03-14 23:52:43 - Level1 - ✅ INSERT SUCCESSFUL
2026-03-14 23:52:43 - Level2 - Find upline query: SELECT id FROM shonu_subjects WHERE owncode = '400660113602'
2026-03-14 23:52:43 - Level2 - Upline found: 113607
2026-03-14 23:52:43 - Level2 - Insert query: INSERT INTO vyavahara (
            balakedara, ketebida, prakara, purba, bartaman, ayoga, koduvavanu, tiarikala, commission_status, process_date
        ) VALUES (
            '113607', '1000', 'LVLCOMM2', '19200981.17274', '19200983.67274', '2.5', '1176073', '2026-03-14 23:52:43', 0, '2026-03-15'
        )
2026-03-14 23:52:43 - Level2 - ✅ INSERT SUCCESSFUL
2026-03-14 23:52:43 - Level3 - Find upline query: SELECT id FROM shonu_subjects WHERE owncode = '116629030908'
2026-03-14 23:52:43 - Level3 - Upline found: 113033
2026-03-14 23:52:43 - Level3 - Insert query: INSERT INTO vyavahara (
            balakedara, ketebida, prakara, purba, bartaman, ayoga, koduvavanu, tiarikala, commission_status, process_date
        ) VALUES (
            '113033', '1000', 'LVLCOMM3', '10539.65049', '10540.45049', '0.8', '1176073', '2026-03-14 23:52:43', 0, '2026-03-15'
        )
2026-03-14 23:52:43 - Level3 - ✅ INSERT SUCCESSFUL
2026-03-14 23:52:43 - ========== COMMISSION.PHP ENDED ==========

2026-03-14 23:52:54 - ========== COMMISSION.PHP STARTED ==========
2026-03-14 23:52:54 - Bet amount: 1000, User ID: 1176073
2026-03-14 23:52:54 - Level commissions: L1=4, L2=2.5, L3=0.8, L4=0.1, L5=0.05, L6=0.02
2026-03-14 23:52:54 - Codes query: SELECT code, code1, code2, code3, code4, code5 FROM shonu_subjects WHERE id = '1176073'
2026-03-14 23:52:54 - Referral codes: code=7384791175875, code1=400660113602, code2=116629030908, code3=official, code4=, code5=
2026-03-14 23:52:54 - Next process date: 2026-03-15
2026-03-14 23:52:54 - Level1 - Find upline query: SELECT id FROM shonu_subjects WHERE owncode = '7384791175875'
2026-03-14 23:52:54 - Level1 - Upline found: 1175875
2026-03-14 23:52:54 - Level1 - Insert query: INSERT INTO vyavahara (
            balakedara, ketebida, prakara, purba, bartaman, ayoga, koduvavanu, tiarikala, commission_status, process_date
        ) VALUES (
            '1175875', '1000', 'LVLCOMM1', '866', '870', '4', '1176073', '2026-03-14 23:52:54', 0, '2026-03-15'
        )
2026-03-14 23:52:54 - Level1 - ✅ INSERT SUCCESSFUL
2026-03-14 23:52:54 - Level2 - Find upline query: SELECT id FROM shonu_subjects WHERE owncode = '400660113602'
2026-03-14 23:52:54 - Level2 - Upline found: 113607
2026-03-14 23:52:54 - Level2 - Insert query: INSERT INTO vyavahara (
            balakedara, ketebida, prakara, purba, bartaman, ayoga, koduvavanu, tiarikala, commission_status, process_date
        ) VALUES (
            '113607', '1000', 'LVLCOMM2', '19200981.17274', '19200983.67274', '2.5', '1176073', '2026-03-14 23:52:54', 0, '2026-03-15'
        )
2026-03-14 23:52:54 - Level2 - ✅ INSERT SUCCESSFUL
2026-03-14 23:52:54 - Level3 - Find upline query: SELECT id FROM shonu_subjects WHERE owncode = '116629030908'
2026-03-14 23:52:54 - Level3 - Upline found: 113033
2026-03-14 23:52:54 - Level3 - Insert query: INSERT INTO vyavahara (
            balakedara, ketebida, prakara, purba, bartaman, ayoga, koduvavanu, tiarikala, commission_status, process_date
        ) VALUES (
            '113033', '1000', 'LVLCOMM3', '10539.65049', '10540.45049', '0.8', '1176073', '2026-03-14 23:52:54', 0, '2026-03-15'
        )
2026-03-14 23:52:54 - Level3 - ✅ INSERT SUCCESSFUL
2026-03-14 23:52:54 - ========== COMMISSION.PHP ENDED ==========

2026-03-14 23:53:45 - ========== COMMISSION.PHP STARTED ==========
2026-03-14 23:53:45 - Bet amount: 1000, User ID: 1176073
2026-03-14 23:53:45 - Level commissions: L1=4, L2=2.5, L3=0.8, L4=0.1, L5=0.05, L6=0.02
2026-03-14 23:53:45 - Codes query: SELECT code, code1, code2, code3, code4, code5 FROM shonu_subjects WHERE id = '1176073'
2026-03-14 23:53:45 - Referral codes: code=7384791175875, code1=400660113602, code2=116629030908, code3=official, code4=, code5=
2026-03-14 23:53:45 - Next process date: 2026-03-15
2026-03-14 23:53:45 - Level1 - Find upline query: SELECT id FROM shonu_subjects WHERE owncode = '7384791175875'
2026-03-14 23:53:45 - Level1 - Upline found: 1175875
2026-03-14 23:53:45 - Level1 - Insert query: INSERT INTO vyavahara (
            balakedara, ketebida, prakara, purba, bartaman, ayoga, koduvavanu, tiarikala, commission_status, process_date
        ) VALUES (
            '1175875', '1000', 'LVLCOMM1', '866', '870', '4', '1176073', '2026-03-14 23:53:45', 0, '2026-03-15'
        )
2026-03-14 23:53:45 - Level1 - ✅ INSERT SUCCESSFUL
2026-03-14 23:53:45 - Level2 - Find upline query: SELECT id FROM shonu_subjects WHERE owncode = '400660113602'
2026-03-14 23:53:45 - Level2 - Upline found: 113607
2026-03-14 23:53:45 - Level2 - Insert query: INSERT INTO vyavahara (
            balakedara, ketebida, prakara, purba, bartaman, ayoga, koduvavanu, tiarikala, commission_status, process_date
        ) VALUES (
            '113607', '1000', 'LVLCOMM2', '19200981.17274', '19200983.67274', '2.5', '1176073', '2026-03-14 23:53:45', 0, '2026-03-15'
        )
2026-03-14 23:53:45 - Level2 - ✅ INSERT SUCCESSFUL
2026-03-14 23:53:45 - Level3 - Find upline query: SELECT id FROM shonu_subjects WHERE owncode = '116629030908'
2026-03-14 23:53:45 - Level3 - Upline found: 113033
2026-03-14 23:53:45 - Level3 - Insert query: INSERT INTO vyavahara (
            balakedara, ketebida, prakara, purba, bartaman, ayoga, koduvavanu, tiarikala, commission_status, process_date
        ) VALUES (
            '113033', '1000', 'LVLCOMM3', '10539.65049', '10540.45049', '0.8', '1176073', '2026-03-14 23:53:45', 0, '2026-03-15'
        )
2026-03-14 23:53:45 - Level3 - ✅ INSERT SUCCESSFUL
2026-03-14 23:53:45 - ========== COMMISSION.PHP ENDED ==========

2026-03-14 23:54:14 - ========== COMMISSION.PHP STARTED ==========
2026-03-14 23:54:14 - Bet amount: 2000, User ID: 1176073
2026-03-14 23:54:14 - Level commissions: L1=8, L2=5, L3=1.6, L4=0.2, L5=0.1, L6=0.04
2026-03-14 23:54:14 - Codes query: SELECT code, code1, code2, code3, code4, code5 FROM shonu_subjects WHERE id = '1176073'
2026-03-14 23:54:14 - Referral codes: code=7384791175875, code1=400660113602, code2=116629030908, code3=official, code4=, code5=
2026-03-14 23:54:14 - Next process date: 2026-03-15
2026-03-14 23:54:14 - Level1 - Find upline query: SELECT id FROM shonu_subjects WHERE owncode = '7384791175875'
2026-03-14 23:54:14 - Level1 - Upline found: 1175875
2026-03-14 23:54:14 - Level1 - Insert query: INSERT INTO vyavahara (
            balakedara, ketebida, prakara, purba, bartaman, ayoga, koduvavanu, tiarikala, commission_status, process_date
        ) VALUES (
            '1175875', '2000', 'LVLCOMM1', '866', '874', '8', '1176073', '2026-03-14 23:54:14', 0, '2026-03-15'
        )
2026-03-14 23:54:14 - Level1 - ✅ INSERT SUCCESSFUL
2026-03-14 23:54:14 - Level2 - Find upline query: SELECT id FROM shonu_subjects WHERE owncode = '400660113602'
2026-03-14 23:54:14 - Level2 - Upline found: 113607
2026-03-14 23:54:14 - Level2 - Insert query: INSERT INTO vyavahara (
            balakedara, ketebida, prakara, purba, bartaman, ayoga, koduvavanu, tiarikala, commission_status, process_date
        ) VALUES (
            '113607', '2000', 'LVLCOMM2', '19200981.17274', '19200986.17274', '5', '1176073', '2026-03-14 23:54:14', 0, '2026-03-15'
        )
2026-03-14 23:54:14 - Level2 - ✅ INSERT SUCCESSFUL
2026-03-14 23:54:14 - Level3 - Find upline query: SELECT id FROM shonu_subjects WHERE owncode = '116629030908'
2026-03-14 23:54:14 - Level3 - Upline found: 113033
2026-03-14 23:54:14 - Level3 - Insert query: INSERT INTO vyavahara (
            balakedara, ketebida, prakara, purba, bartaman, ayoga, koduvavanu, tiarikala, commission_status, process_date
        ) VALUES (
            '113033', '2000', 'LVLCOMM3', '10539.65049', '10541.25049', '1.6', '1176073', '2026-03-14 23:54:14', 0, '2026-03-15'
        )
2026-03-14 23:54:14 - Level3 - ✅ INSERT SUCCESSFUL
2026-03-14 23:54:14 - ========== COMMISSION.PHP ENDED ==========

2026-03-14 23:54:41 - ========== COMMISSION.PHP STARTED ==========
2026-03-14 23:54:41 - Bet amount: 5000, User ID: 1176073
2026-03-14 23:54:41 - Level commissions: L1=20, L2=12.5, L3=4, L4=0.5, L5=0.25, L6=0.1
2026-03-14 23:54:41 - Codes query: SELECT code, code1, code2, code3, code4, code5 FROM shonu_subjects WHERE id = '1176073'
2026-03-14 23:54:41 - Referral codes: code=7384791175875, code1=400660113602, code2=116629030908, code3=official, code4=, code5=
2026-03-14 23:54:41 - Next process date: 2026-03-15
2026-03-14 23:54:41 - Level1 - Find upline query: SELECT id FROM shonu_subjects WHERE owncode = '7384791175875'
2026-03-14 23:54:41 - Level1 - Upline found: 1175875
2026-03-14 23:54:41 - Level1 - Insert query: INSERT INTO vyavahara (
            balakedara, ketebida, prakara, purba, bartaman, ayoga, koduvavanu, tiarikala, commission_status, process_date
        ) VALUES (
            '1175875', '5000', 'LVLCOMM1', '866', '886', '20', '1176073', '2026-03-14 23:54:41', 0, '2026-03-15'
        )
2026-03-14 23:54:41 - Level1 - ✅ INSERT SUCCESSFUL
2026-03-14 23:54:41 - Level2 - Find upline query: SELECT id FROM shonu_subjects WHERE owncode = '400660113602'
2026-03-14 23:54:41 - Level2 - Upline found: 113607
2026-03-14 23:54:41 - Level2 - Insert query: INSERT INTO vyavahara (
            balakedara, ketebida, prakara, purba, bartaman, ayoga, koduvavanu, tiarikala, commission_status, process_date
        ) VALUES (
            '113607', '5000', 'LVLCOMM2', '19200981.17274', '19200993.67274', '12.5', '1176073', '2026-03-14 23:54:41', 0, '2026-03-15'
        )
2026-03-14 23:54:41 - Level2 - ✅ INSERT SUCCESSFUL
2026-03-14 23:54:41 - Level3 - Find upline query: SELECT id FROM shonu_subjects WHERE owncode = '116629030908'
2026-03-14 23:54:41 - Level3 - Upline found: 113033
2026-03-14 23:54:41 - Level3 - Insert query: INSERT INTO vyavahara (
            balakedara, ketebida, prakara, purba, bartaman, ayoga, koduvavanu, tiarikala, commission_status, process_date
        ) VALUES (
            '113033', '5000', 'LVLCOMM3', '10539.65049', '10543.65049', '4', '1176073', '2026-03-14 23:54:41', 0, '2026-03-15'
        )
2026-03-14 23:54:41 - Level3 - ✅ INSERT SUCCESSFUL
2026-03-14 23:54:41 - ========== COMMISSION.PHP ENDED ==========

2026-03-14 23:55:10 - ========== COMMISSION.PHP STARTED ==========
2026-03-14 23:55:10 - Bet amount: 5000, User ID: 1176073
2026-03-14 23:55:10 - Level commissions: L1=20, L2=12.5, L3=4, L4=0.5, L5=0.25, L6=0.1
2026-03-14 23:55:10 - Codes query: SELECT code, code1, code2, code3, code4, code5 FROM shonu_subjects WHERE id = '1176073'
2026-03-14 23:55:10 - Referral codes: code=7384791175875, code1=400660113602, code2=116629030908, code3=official, code4=, code5=
2026-03-14 23:55:10 - Next process date: 2026-03-15
2026-03-14 23:55:10 - Level1 - Find upline query: SELECT id FROM shonu_subjects WHERE owncode = '7384791175875'
2026-03-14 23:55:10 - Level1 - Upline found: 1175875
2026-03-14 23:55:10 - Level1 - Insert query: INSERT INTO vyavahara (
            balakedara, ketebida, prakara, purba, bartaman, ayoga, koduvavanu, tiarikala, commission_status, process_date
        ) VALUES (
            '1175875', '5000', 'LVLCOMM1', '866', '886', '20', '1176073', '2026-03-14 23:55:10', 0, '2026-03-15'
        )
2026-03-14 23:55:10 - Level1 - ✅ INSERT SUCCESSFUL
2026-03-14 23:55:10 - Level2 - Find upline query: SELECT id FROM shonu_subjects WHERE owncode = '400660113602'
2026-03-14 23:55:10 - Level2 - Upline found: 113607
2026-03-14 23:55:10 - Level2 - Insert query: INSERT INTO vyavahara (
            balakedara, ketebida, prakara, purba, bartaman, ayoga, koduvavanu, tiarikala, commission_status, process_date
        ) VALUES (
            '113607', '5000', 'LVLCOMM2', '19200981.17274', '19200993.67274', '12.5', '1176073', '2026-03-14 23:55:10', 0, '2026-03-15'
        )
2026-03-14 23:55:10 - Level2 - ✅ INSERT SUCCESSFUL
2026-03-14 23:55:10 - Level3 - Find upline query: SELECT id FROM shonu_subjects WHERE owncode = '116629030908'
2026-03-14 23:55:10 - Level3 - Upline found: 113033
2026-03-14 23:55:10 - Level3 - Insert query: INSERT INTO vyavahara (
            balakedara, ketebida, prakara, purba, bartaman, ayoga, koduvavanu, tiarikala, commission_status, process_date
        ) VALUES (
            '113033', '5000', 'LVLCOMM3', '10539.65049', '10543.65049', '4', '1176073', '2026-03-14 23:55:10', 0, '2026-03-15'
        )
2026-03-14 23:55:10 - Level3 - ✅ INSERT SUCCESSFUL
2026-03-14 23:55:10 - ========== COMMISSION.PHP ENDED ==========

2026-03-14 23:55:42 - ========== COMMISSION.PHP STARTED ==========
2026-03-14 23:55:42 - Bet amount: 1000, User ID: 1176073
2026-03-14 23:55:42 - Level commissions: L1=4, L2=2.5, L3=0.8, L4=0.1, L5=0.05, L6=0.02
2026-03-14 23:55:42 - Codes query: SELECT code, code1, code2, code3, code4, code5 FROM shonu_subjects WHERE id = '1176073'
2026-03-14 23:55:42 - Referral codes: code=7384791175875, code1=400660113602, code2=116629030908, code3=official, code4=, code5=
2026-03-14 23:55:42 - Next process date: 2026-03-15
2026-03-14 23:55:42 - Level1 - Find upline query: SELECT id FROM shonu_subjects WHERE owncode = '7384791175875'
2026-03-14 23:55:42 - Level1 - Upline found: 1175875
2026-03-14 23:55:42 - Level1 - Insert query: INSERT INTO vyavahara (
            balakedara, ketebida, prakara, purba, bartaman, ayoga, koduvavanu, tiarikala, commission_status, process_date
        ) VALUES (
            '1175875', '1000', 'LVLCOMM1', '866', '870', '4', '1176073', '2026-03-14 23:55:42', 0, '2026-03-15'
        )
2026-03-14 23:55:42 - Level1 - ✅ INSERT SUCCESSFUL
2026-03-14 23:55:42 - Level2 - Find upline query: SELECT id FROM shonu_subjects WHERE owncode = '400660113602'
2026-03-14 23:55:42 - Level2 - Upline found: 113607
2026-03-14 23:55:42 - Level2 - Insert query: INSERT INTO vyavahara (
            balakedara, ketebida, prakara, purba, bartaman, ayoga, koduvavanu, tiarikala, commission_status, process_date
        ) VALUES (
            '113607', '1000', 'LVLCOMM2', '19200981.17274', '19200983.67274', '2.5', '1176073', '2026-03-14 23:55:42', 0, '2026-03-15'
        )
2026-03-14 23:55:42 - Level2 - ✅ INSERT SUCCESSFUL
2026-03-14 23:55:42 - Level3 - Find upline query: SELECT id FROM shonu_subjects WHERE owncode = '116629030908'
2026-03-14 23:55:42 - Level3 - Upline found: 113033
2026-03-14 23:55:42 - Level3 - Insert query: INSERT INTO vyavahara (
            balakedara, ketebida, prakara, purba, bartaman, ayoga, koduvavanu, tiarikala, commission_status, process_date
        ) VALUES (
            '113033', '1000', 'LVLCOMM3', '10539.65049', '10540.45049', '0.8', '1176073', '2026-03-14 23:55:42', 0, '2026-03-15'
        )
2026-03-14 23:55:42 - Level3 - ✅ INSERT SUCCESSFUL
2026-03-14 23:55:42 - ========== COMMISSION.PHP ENDED ==========

2026-03-14 23:55:48 - ========== COMMISSION.PHP STARTED ==========
2026-03-14 23:55:48 - Bet amount: 1000, User ID: 1176073
2026-03-14 23:55:48 - Level commissions: L1=4, L2=2.5, L3=0.8, L4=0.1, L5=0.05, L6=0.02
2026-03-14 23:55:48 - Codes query: SELECT code, code1, code2, code3, code4, code5 FROM shonu_subjects WHERE id = '1176073'
2026-03-14 23:55:48 - Referral codes: code=7384791175875, code1=400660113602, code2=116629030908, code3=official, code4=, code5=
2026-03-14 23:55:48 - Next process date: 2026-03-15
2026-03-14 23:55:48 - Level1 - Find upline query: SELECT id FROM shonu_subjects WHERE owncode = '7384791175875'
2026-03-14 23:55:48 - Level1 - Upline found: 1175875
2026-03-14 23:55:48 - Level1 - Insert query: INSERT INTO vyavahara (
            balakedara, ketebida, prakara, purba, bartaman, ayoga, koduvavanu, tiarikala, commission_status, process_date
        ) VALUES (
            '1175875', '1000', 'LVLCOMM1', '866', '870', '4', '1176073', '2026-03-14 23:55:48', 0, '2026-03-15'
        )
2026-03-14 23:55:48 - Level1 - ✅ INSERT SUCCESSFUL
2026-03-14 23:55:48 - Level2 - Find upline query: SELECT id FROM shonu_subjects WHERE owncode = '400660113602'
2026-03-14 23:55:48 - Level2 - Upline found: 113607
2026-03-14 23:55:48 - Level2 - Insert query: INSERT INTO vyavahara (
            balakedara, ketebida, prakara, purba, bartaman, ayoga, koduvavanu, tiarikala, commission_status, process_date
        ) VALUES (
            '113607', '1000', 'LVLCOMM2', '19200981.17274', '19200983.67274', '2.5', '1176073', '2026-03-14 23:55:48', 0, '2026-03-15'
        )
2026-03-14 23:55:48 - Level2 - ✅ INSERT SUCCESSFUL
2026-03-14 23:55:48 - Level3 - Find upline query: SELECT id FROM shonu_subjects WHERE owncode = '116629030908'
2026-03-14 23:55:48 - Level3 - Upline found: 113033
2026-03-14 23:55:48 - Level3 - Insert query: INSERT INTO vyavahara (
            balakedara, ketebida, prakara, purba, bartaman, ayoga, koduvavanu, tiarikala, commission_status, process_date
        ) VALUES (
            '113033', '1000', 'LVLCOMM3', '10539.65049', '10540.45049', '0.8', '1176073', '2026-03-14 23:55:48', 0, '2026-03-15'
        )
2026-03-14 23:55:48 - Level3 - ✅ INSERT SUCCESSFUL
2026-03-14 23:55:48 - ========== COMMISSION.PHP ENDED ==========

2026-03-14 23:56:10 - ========== COMMISSION.PHP STARTED ==========
2026-03-14 23:56:10 - Bet amount: 1000, User ID: 1176073
2026-03-14 23:56:10 - Level commissions: L1=4, L2=2.5, L3=0.8, L4=0.1, L5=0.05, L6=0.02
2026-03-14 23:56:10 - Codes query: SELECT code, code1, code2, code3, code4, code5 FROM shonu_subjects WHERE id = '1176073'
2026-03-14 23:56:10 - Referral codes: code=7384791175875, code1=400660113602, code2=116629030908, code3=official, code4=, code5=
2026-03-14 23:56:10 - Next process date: 2026-03-15
2026-03-14 23:56:10 - Level1 - Find upline query: SELECT id FROM shonu_subjects WHERE owncode = '7384791175875'
2026-03-14 23:56:10 - Level1 - Upline found: 1175875
2026-03-14 23:56:10 - Level1 - Insert query: INSERT INTO vyavahara (
            balakedara, ketebida, prakara, purba, bartaman, ayoga, koduvavanu, tiarikala, commission_status, process_date
        ) VALUES (
            '1175875', '1000', 'LVLCOMM1', '866', '870', '4', '1176073', '2026-03-14 23:56:10', 0, '2026-03-15'
        )
2026-03-14 23:56:10 - Level1 - ✅ INSERT SUCCESSFUL
2026-03-14 23:56:10 - Level2 - Find upline query: SELECT id FROM shonu_subjects WHERE owncode = '400660113602'
2026-03-14 23:56:10 - Level2 - Upline found: 113607
2026-03-14 23:56:10 - Level2 - Insert query: INSERT INTO vyavahara (
            balakedara, ketebida, prakara, purba, bartaman, ayoga, koduvavanu, tiarikala, commission_status, process_date
        ) VALUES (
            '113607', '1000', 'LVLCOMM2', '19200981.17274', '19200983.67274', '2.5', '1176073', '2026-03-14 23:56:10', 0, '2026-03-15'
        )
2026-03-14 23:56:10 - Level2 - ✅ INSERT SUCCESSFUL
2026-03-14 23:56:10 - Level3 - Find upline query: SELECT id FROM shonu_subjects WHERE owncode = '116629030908'
2026-03-14 23:56:10 - Level3 - Upline found: 113033
2026-03-14 23:56:10 - Level3 - Insert query: INSERT INTO vyavahara (
            balakedara, ketebida, prakara, purba, bartaman, ayoga, koduvavanu, tiarikala, commission_status, process_date
        ) VALUES (
            '113033', '1000', 'LVLCOMM3', '10539.65049', '10540.45049', '0.8', '1176073', '2026-03-14 23:56:10', 0, '2026-03-15'
        )
2026-03-14 23:56:10 - Level3 - ✅ INSERT SUCCESSFUL
2026-03-14 23:56:10 - ========== COMMISSION.PHP ENDED ==========

2026-03-14 23:56:52 - ========== COMMISSION.PHP STARTED ==========
2026-03-14 23:56:52 - Bet amount: 1000, User ID: 1176073
2026-03-14 23:56:52 - Level commissions: L1=4, L2=2.5, L3=0.8, L4=0.1, L5=0.05, L6=0.02
2026-03-14 23:56:52 - Codes query: SELECT code, code1, code2, code3, code4, code5 FROM shonu_subjects WHERE id = '1176073'
2026-03-14 23:56:52 - Referral codes: code=7384791175875, code1=400660113602, code2=116629030908, code3=official, code4=, code5=
2026-03-14 23:56:52 - Next process date: 2026-03-15
2026-03-14 23:56:52 - Level1 - Find upline query: SELECT id FROM shonu_subjects WHERE owncode = '7384791175875'
2026-03-14 23:56:52 - Level1 - Upline found: 1175875
2026-03-14 23:56:52 - Level1 - Insert query: INSERT INTO vyavahara (
            balakedara, ketebida, prakara, purba, bartaman, ayoga, koduvavanu, tiarikala, commission_status, process_date
        ) VALUES (
            '1175875', '1000', 'LVLCOMM1', '866', '870', '4', '1176073', '2026-03-14 23:56:52', 0, '2026-03-15'
        )
2026-03-14 23:56:52 - Level1 - ✅ INSERT SUCCESSFUL
2026-03-14 23:56:52 - Level2 - Find upline query: SELECT id FROM shonu_subjects WHERE owncode = '400660113602'
2026-03-14 23:56:52 - Level2 - Upline found: 113607
2026-03-14 23:56:52 - Level2 - Insert query: INSERT INTO vyavahara (
            balakedara, ketebida, prakara, purba, bartaman, ayoga, koduvavanu, tiarikala, commission_status, process_date
        ) VALUES (
            '113607', '1000', 'LVLCOMM2', '19200981.17274', '19200983.67274', '2.5', '1176073', '2026-03-14 23:56:52', 0, '2026-03-15'
        )
2026-03-14 23:56:52 - Level2 - ✅ INSERT SUCCESSFUL
2026-03-14 23:56:52 - Level3 - Find upline query: SELECT id FROM shonu_subjects WHERE owncode = '116629030908'
2026-03-14 23:56:52 - Level3 - Upline found: 113033
2026-03-14 23:56:52 - Level3 - Insert query: INSERT INTO vyavahara (
            balakedara, ketebida, prakara, purba, bartaman, ayoga, koduvavanu, tiarikala, commission_status, process_date
        ) VALUES (
            '113033', '1000', 'LVLCOMM3', '10539.65049', '10540.45049', '0.8', '1176073', '2026-03-14 23:56:52', 0, '2026-03-15'
        )
2026-03-14 23:56:52 - Level3 - ✅ INSERT SUCCESSFUL
2026-03-14 23:56:52 - ========== COMMISSION.PHP ENDED ==========

2026-03-14 23:57:11 - ========== COMMISSION.PHP STARTED ==========
2026-03-14 23:57:11 - Bet amount: 1000, User ID: 1176073
2026-03-14 23:57:11 - Level commissions: L1=4, L2=2.5, L3=0.8, L4=0.1, L5=0.05, L6=0.02
2026-03-14 23:57:11 - Codes query: SELECT code, code1, code2, code3, code4, code5 FROM shonu_subjects WHERE id = '1176073'
2026-03-14 23:57:11 - Referral codes: code=7384791175875, code1=400660113602, code2=116629030908, code3=official, code4=, code5=
2026-03-14 23:57:11 - Next process date: 2026-03-15
2026-03-14 23:57:11 - Level1 - Find upline query: SELECT id FROM shonu_subjects WHERE owncode = '7384791175875'
2026-03-14 23:57:11 - Level1 - Upline found: 1175875
2026-03-14 23:57:11 - Level1 - Insert query: INSERT INTO vyavahara (
            balakedara, ketebida, prakara, purba, bartaman, ayoga, koduvavanu, tiarikala, commission_status, process_date
        ) VALUES (
            '1175875', '1000', 'LVLCOMM1', '866', '870', '4', '1176073', '2026-03-14 23:57:11', 0, '2026-03-15'
        )
2026-03-14 23:57:11 - Level1 - ✅ INSERT SUCCESSFUL
2026-03-14 23:57:11 - Level2 - Find upline query: SELECT id FROM shonu_subjects WHERE owncode = '400660113602'
2026-03-14 23:57:11 - Level2 - Upline found: 113607
2026-03-14 23:57:11 - Level2 - Insert query: INSERT INTO vyavahara (
            balakedara, ketebida, prakara, purba, bartaman, ayoga, koduvavanu, tiarikala, commission_status, process_date
        ) VALUES (
            '113607', '1000', 'LVLCOMM2', '19200981.17274', '19200983.67274', '2.5', '1176073', '2026-03-14 23:57:11', 0, '2026-03-15'
        )
2026-03-14 23:57:11 - Level2 - ✅ INSERT SUCCESSFUL
2026-03-14 23:57:11 - Level3 - Find upline query: SELECT id FROM shonu_subjects WHERE owncode = '116629030908'
2026-03-14 23:57:11 - Level3 - Upline found: 113033
2026-03-14 23:57:11 - Level3 - Insert query: INSERT INTO vyavahara (
            balakedara, ketebida, prakara, purba, bartaman, ayoga, koduvavanu, tiarikala, commission_status, process_date
        ) VALUES (
            '113033', '1000', 'LVLCOMM3', '10539.65049', '10540.45049', '0.8', '1176073', '2026-03-14 23:57:11', 0, '2026-03-15'
        )
2026-03-14 23:57:11 - Level3 - ✅ INSERT SUCCESSFUL
2026-03-14 23:57:11 - ========== COMMISSION.PHP ENDED ==========

2026-03-14 23:57:17 - ========== COMMISSION.PHP STARTED ==========
2026-03-14 23:57:17 - Bet amount: 1000, User ID: 1176073
2026-03-14 23:57:17 - Level commissions: L1=4, L2=2.5, L3=0.8, L4=0.1, L5=0.05, L6=0.02
2026-03-14 23:57:17 - Codes query: SELECT code, code1, code2, code3, code4, code5 FROM shonu_subjects WHERE id = '1176073'
2026-03-14 23:57:17 - Referral codes: code=7384791175875, code1=400660113602, code2=116629030908, code3=official, code4=, code5=
2026-03-14 23:57:17 - Next process date: 2026-03-15
2026-03-14 23:57:17 - Level1 - Find upline query: SELECT id FROM shonu_subjects WHERE owncode = '7384791175875'
2026-03-14 23:57:17 - Level1 - Upline found: 1175875
2026-03-14 23:57:17 - Level1 - Insert query: INSERT INTO vyavahara (
            balakedara, ketebida, prakara, purba, bartaman, ayoga, koduvavanu, tiarikala, commission_status, process_date
        ) VALUES (
            '1175875', '1000', 'LVLCOMM1', '866', '870', '4', '1176073', '2026-03-14 23:57:17', 0, '2026-03-15'
        )
2026-03-14 23:57:17 - Level1 - ✅ INSERT SUCCESSFUL
2026-03-14 23:57:17 - Level2 - Find upline query: SELECT id FROM shonu_subjects WHERE owncode = '400660113602'
2026-03-14 23:57:17 - Level2 - Upline found: 113607
2026-03-14 23:57:17 - Level2 - Insert query: INSERT INTO vyavahara (
            balakedara, ketebida, prakara, purba, bartaman, ayoga, koduvavanu, tiarikala, commission_status, process_date
        ) VALUES (
            '113607', '1000', 'LVLCOMM2', '19200981.17274', '19200983.67274', '2.5', '1176073', '2026-03-14 23:57:17', 0, '2026-03-15'
        )
2026-03-14 23:57:17 - Level2 - ✅ INSERT SUCCESSFUL
2026-03-14 23:57:17 - Level3 - Find upline query: SELECT id FROM shonu_subjects WHERE owncode = '116629030908'
2026-03-14 23:57:17 - Level3 - Upline found: 113033
2026-03-14 23:57:17 - Level3 - Insert query: INSERT INTO vyavahara (
            balakedara, ketebida, prakara, purba, bartaman, ayoga, koduvavanu, tiarikala, commission_status, process_date
        ) VALUES (
            '113033', '1000', 'LVLCOMM3', '10539.65049', '10540.45049', '0.8', '1176073', '2026-03-14 23:57:17', 0, '2026-03-15'
        )
2026-03-14 23:57:17 - Level3 - ✅ INSERT SUCCESSFUL
2026-03-14 23:57:17 - ========== COMMISSION.PHP ENDED ==========

2026-03-14 23:57:46 - ========== COMMISSION.PHP STARTED ==========
2026-03-14 23:57:46 - Bet amount: 1000, User ID: 1176073
2026-03-14 23:57:46 - Level commissions: L1=4, L2=2.5, L3=0.8, L4=0.1, L5=0.05, L6=0.02
2026-03-14 23:57:46 - Codes query: SELECT code, code1, code2, code3, code4, code5 FROM shonu_subjects WHERE id = '1176073'
2026-03-14 23:57:46 - Referral codes: code=7384791175875, code1=400660113602, code2=116629030908, code3=official, code4=, code5=
2026-03-14 23:57:46 - Next process date: 2026-03-15
2026-03-14 23:57:46 - Level1 - Find upline query: SELECT id FROM shonu_subjects WHERE owncode = '7384791175875'
2026-03-14 23:57:46 - Level1 - Upline found: 1175875
2026-03-14 23:57:46 - Level1 - Insert query: INSERT INTO vyavahara (
            balakedara, ketebida, prakara, purba, bartaman, ayoga, koduvavanu, tiarikala, commission_status, process_date
        ) VALUES (
            '1175875', '1000', 'LVLCOMM1', '866', '870', '4', '1176073', '2026-03-14 23:57:46', 0, '2026-03-15'
        )
2026-03-14 23:57:46 - Level1 - ✅ INSERT SUCCESSFUL
2026-03-14 23:57:46 - Level2 - Find upline query: SELECT id FROM shonu_subjects WHERE owncode = '400660113602'
2026-03-14 23:57:46 - Level2 - Upline found: 113607
2026-03-14 23:57:46 - Level2 - Insert query: INSERT INTO vyavahara (
            balakedara, ketebida, prakara, purba, bartaman, ayoga, koduvavanu, tiarikala, commission_status, process_date
        ) VALUES (
            '113607', '1000', 'LVLCOMM2', '19200981.17274', '19200983.67274', '2.5', '1176073', '2026-03-14 23:57:46', 0, '2026-03-15'
        )
2026-03-14 23:57:46 - Level2 - ✅ INSERT SUCCESSFUL
2026-03-14 23:57:46 - Level3 - Find upline query: SELECT id FROM shonu_subjects WHERE owncode = '116629030908'
2026-03-14 23:57:46 - Level3 - Upline found: 113033
2026-03-14 23:57:46 - Level3 - Insert query: INSERT INTO vyavahara (
            balakedara, ketebida, prakara, purba, bartaman, ayoga, koduvavanu, tiarikala, commission_status, process_date
        ) VALUES (
            '113033', '1000', 'LVLCOMM3', '10539.65049', '10540.45049', '0.8', '1176073', '2026-03-14 23:57:46', 0, '2026-03-15'
        )
2026-03-14 23:57:46 - Level3 - ✅ INSERT SUCCESSFUL
2026-03-14 23:57:46 - ========== COMMISSION.PHP ENDED ==========

2026-03-14 23:58:17 - ========== COMMISSION.PHP STARTED ==========
2026-03-14 23:58:17 - Bet amount: 1000, User ID: 1176073
2026-03-14 23:58:17 - Level commissions: L1=4, L2=2.5, L3=0.8, L4=0.1, L5=0.05, L6=0.02
2026-03-14 23:58:17 - Codes query: SELECT code, code1, code2, code3, code4, code5 FROM shonu_subjects WHERE id = '1176073'
2026-03-14 23:58:17 - Referral codes: code=7384791175875, code1=400660113602, code2=116629030908, code3=official, code4=, code5=
2026-03-14 23:58:17 - Next process date: 2026-03-15
2026-03-14 23:58:17 - Level1 - Find upline query: SELECT id FROM shonu_subjects WHERE owncode = '7384791175875'
2026-03-14 23:58:17 - Level1 - Upline found: 1175875
2026-03-14 23:58:17 - Level1 - Insert query: INSERT INTO vyavahara (
            balakedara, ketebida, prakara, purba, bartaman, ayoga, koduvavanu, tiarikala, commission_status, process_date
        ) VALUES (
            '1175875', '1000', 'LVLCOMM1', '866', '870', '4', '1176073', '2026-03-14 23:58:17', 0, '2026-03-15'
        )
2026-03-14 23:58:17 - Level1 - ✅ INSERT SUCCESSFUL
2026-03-14 23:58:17 - Level2 - Find upline query: SELECT id FROM shonu_subjects WHERE owncode = '400660113602'
2026-03-14 23:58:17 - Level2 - Upline found: 113607
2026-03-14 23:58:17 - Level2 - Insert query: INSERT INTO vyavahara (
            balakedara, ketebida, prakara, purba, bartaman, ayoga, koduvavanu, tiarikala, commission_status, process_date
        ) VALUES (
            '113607', '1000', 'LVLCOMM2', '19200981.17274', '19200983.67274', '2.5', '1176073', '2026-03-14 23:58:17', 0, '2026-03-15'
        )
2026-03-14 23:58:17 - Level2 - ✅ INSERT SUCCESSFUL
2026-03-14 23:58:17 - Level3 - Find upline query: SELECT id FROM shonu_subjects WHERE owncode = '116629030908'
2026-03-14 23:58:17 - Level3 - Upline found: 113033
2026-03-14 23:58:17 - Level3 - Insert query: INSERT INTO vyavahara (
            balakedara, ketebida, prakara, purba, bartaman, ayoga, koduvavanu, tiarikala, commission_status, process_date
        ) VALUES (
            '113033', '1000', 'LVLCOMM3', '10539.65049', '10540.45049', '0.8', '1176073', '2026-03-14 23:58:17', 0, '2026-03-15'
        )
2026-03-14 23:58:17 - Level3 - ✅ INSERT SUCCESSFUL
2026-03-14 23:58:17 - ========== COMMISSION.PHP ENDED ==========

2026-03-14 23:58:25 - ========== COMMISSION.PHP STARTED ==========
2026-03-14 23:58:25 - Bet amount: 1000, User ID: 1176073
2026-03-14 23:58:25 - Level commissions: L1=4, L2=2.5, L3=0.8, L4=0.1, L5=0.05, L6=0.02
2026-03-14 23:58:25 - Codes query: SELECT code, code1, code2, code3, code4, code5 FROM shonu_subjects WHERE id = '1176073'
2026-03-14 23:58:25 - Referral codes: code=7384791175875, code1=400660113602, code2=116629030908, code3=official, code4=, code5=
2026-03-14 23:58:25 - Next process date: 2026-03-15
2026-03-14 23:58:25 - Level1 - Find upline query: SELECT id FROM shonu_subjects WHERE owncode = '7384791175875'
2026-03-14 23:58:25 - Level1 - Upline found: 1175875
2026-03-14 23:58:25 - Level1 - Insert query: INSERT INTO vyavahara (
            balakedara, ketebida, prakara, purba, bartaman, ayoga, koduvavanu, tiarikala, commission_status, process_date
        ) VALUES (
            '1175875', '1000', 'LVLCOMM1', '866', '870', '4', '1176073', '2026-03-14 23:58:25', 0, '2026-03-15'
        )
2026-03-14 23:58:25 - Level1 - ✅ INSERT SUCCESSFUL
2026-03-14 23:58:25 - Level2 - Find upline query: SELECT id FROM shonu_subjects WHERE owncode = '400660113602'
2026-03-14 23:58:25 - Level2 - Upline found: 113607
2026-03-14 23:58:25 - Level2 - Insert query: INSERT INTO vyavahara (
            balakedara, ketebida, prakara, purba, bartaman, ayoga, koduvavanu, tiarikala, commission_status, process_date
        ) VALUES (
            '113607', '1000', 'LVLCOMM2', '19200981.17274', '19200983.67274', '2.5', '1176073', '2026-03-14 23:58:25', 0, '2026-03-15'
        )
2026-03-14 23:58:25 - Level2 - ✅ INSERT SUCCESSFUL
2026-03-14 23:58:25 - Level3 - Find upline query: SELECT id FROM shonu_subjects WHERE owncode = '116629030908'
2026-03-14 23:58:25 - Level3 - Upline found: 113033
2026-03-14 23:58:25 - Level3 - Insert query: INSERT INTO vyavahara (
            balakedara, ketebida, prakara, purba, bartaman, ayoga, koduvavanu, tiarikala, commission_status, process_date
        ) VALUES (
            '113033', '1000', 'LVLCOMM3', '10539.65049', '10540.45049', '0.8', '1176073', '2026-03-14 23:58:25', 0, '2026-03-15'
        )
2026-03-14 23:58:25 - Level3 - ✅ INSERT SUCCESSFUL
2026-03-14 23:58:25 - ========== COMMISSION.PHP ENDED ==========

2026-03-14 23:58:52 - ========== COMMISSION.PHP STARTED ==========
2026-03-14 23:58:52 - Bet amount: 1000, User ID: 1176073
2026-03-14 23:58:52 - Level commissions: L1=4, L2=2.5, L3=0.8, L4=0.1, L5=0.05, L6=0.02
2026-03-14 23:58:52 - Codes query: SELECT code, code1, code2, code3, code4, code5 FROM shonu_subjects WHERE id = '1176073'
2026-03-14 23:58:52 - Referral codes: code=7384791175875, code1=400660113602, code2=116629030908, code3=official, code4=, code5=
2026-03-14 23:58:52 - Next process date: 2026-03-15
2026-03-14 23:58:52 - Level1 - Find upline query: SELECT id FROM shonu_subjects WHERE owncode = '7384791175875'
2026-03-14 23:58:52 - Level1 - Upline found: 1175875
2026-03-14 23:58:52 - Level1 - Insert query: INSERT INTO vyavahara (
            balakedara, ketebida, prakara, purba, bartaman, ayoga, koduvavanu, tiarikala, commission_status, process_date
        ) VALUES (
            '1175875', '1000', 'LVLCOMM1', '866', '870', '4', '1176073', '2026-03-14 23:58:52', 0, '2026-03-15'
        )
2026-03-14 23:58:52 - Level1 - ✅ INSERT SUCCESSFUL
2026-03-14 23:58:52 - Level2 - Find upline query: SELECT id FROM shonu_subjects WHERE owncode = '400660113602'
2026-03-14 23:58:52 - Level2 - Upline found: 113607
2026-03-14 23:58:52 - Level2 - Insert query: INSERT INTO vyavahara (
            balakedara, ketebida, prakara, purba, bartaman, ayoga, koduvavanu, tiarikala, commission_status, process_date
        ) VALUES (
            '113607', '1000', 'LVLCOMM2', '19200981.17274', '19200983.67274', '2.5', '1176073', '2026-03-14 23:58:52', 0, '2026-03-15'
        )
2026-03-14 23:58:52 - Level2 - ✅ INSERT SUCCESSFUL
2026-03-14 23:58:52 - Level3 - Find upline query: SELECT id FROM shonu_subjects WHERE owncode = '116629030908'
2026-03-14 23:58:52 - Level3 - Upline found: 113033
2026-03-14 23:58:52 - Level3 - Insert query: INSERT INTO vyavahara (
            balakedara, ketebida, prakara, purba, bartaman, ayoga, koduvavanu, tiarikala, commission_status, process_date
        ) VALUES (
            '113033', '1000', 'LVLCOMM3', '10539.65049', '10540.45049', '0.8', '1176073', '2026-03-14 23:58:52', 0, '2026-03-15'
        )
2026-03-14 23:58:52 - Level3 - ✅ INSERT SUCCESSFUL
2026-03-14 23:58:52 - ========== COMMISSION.PHP ENDED ==========

2026-03-14 23:59:16 - ========== COMMISSION.PHP STARTED ==========
2026-03-14 23:59:16 - Bet amount: 1000, User ID: 1176073
2026-03-14 23:59:16 - Level commissions: L1=4, L2=2.5, L3=0.8, L4=0.1, L5=0.05, L6=0.02
2026-03-14 23:59:16 - Codes query: SELECT code, code1, code2, code3, code4, code5 FROM shonu_subjects WHERE id = '1176073'
2026-03-14 23:59:16 - Referral codes: code=7384791175875, code1=400660113602, code2=116629030908, code3=official, code4=, code5=
2026-03-14 23:59:16 - Next process date: 2026-03-15
2026-03-14 23:59:16 - Level1 - Find upline query: SELECT id FROM shonu_subjects WHERE owncode = '7384791175875'
2026-03-14 23:59:16 - Level1 - Upline found: 1175875
2026-03-14 23:59:16 - Level1 - Insert query: INSERT INTO vyavahara (
            balakedara, ketebida, prakara, purba, bartaman, ayoga, koduvavanu, tiarikala, commission_status, process_date
        ) VALUES (
            '1175875', '1000', 'LVLCOMM1', '866', '870', '4', '1176073', '2026-03-14 23:59:16', 0, '2026-03-15'
        )
2026-03-14 23:59:16 - Level1 - ✅ INSERT SUCCESSFUL
2026-03-14 23:59:16 - Level2 - Find upline query: SELECT id FROM shonu_subjects WHERE owncode = '400660113602'
2026-03-14 23:59:16 - Level2 - Upline found: 113607
2026-03-14 23:59:16 - Level2 - Insert query: INSERT INTO vyavahara (
            balakedara, ketebida, prakara, purba, bartaman, ayoga, koduvavanu, tiarikala, commission_status, process_date
        ) VALUES (
            '113607', '1000', 'LVLCOMM2', '19200981.17274', '19200983.67274', '2.5', '1176073', '2026-03-14 23:59:16', 0, '2026-03-15'
        )
2026-03-14 23:59:16 - Level2 - ✅ INSERT SUCCESSFUL
2026-03-14 23:59:16 - Level3 - Find upline query: SELECT id FROM shonu_subjects WHERE owncode = '116629030908'
2026-03-14 23:59:16 - Level3 - Upline found: 113033
2026-03-14 23:59:16 - Level3 - Insert query: INSERT INTO vyavahara (
            balakedara, ketebida, prakara, purba, bartaman, ayoga, koduvavanu, tiarikala, commission_status, process_date
        ) VALUES (
            '113033', '1000', 'LVLCOMM3', '10539.65049', '10540.45049', '0.8', '1176073', '2026-03-14 23:59:16', 0, '2026-03-15'
        )
2026-03-14 23:59:16 - Level3 - ✅ INSERT SUCCESSFUL
2026-03-14 23:59:16 - ========== COMMISSION.PHP ENDED ==========

2026-03-14 23:59:43 - ========== COMMISSION.PHP STARTED ==========
2026-03-14 23:59:43 - Bet amount: 2000, User ID: 1176073
2026-03-14 23:59:43 - Level commissions: L1=8, L2=5, L3=1.6, L4=0.2, L5=0.1, L6=0.04
2026-03-14 23:59:43 - Codes query: SELECT code, code1, code2, code3, code4, code5 FROM shonu_subjects WHERE id = '1176073'
2026-03-14 23:59:43 - Referral codes: code=7384791175875, code1=400660113602, code2=116629030908, code3=official, code4=, code5=
2026-03-14 23:59:43 - Next process date: 2026-03-15
2026-03-14 23:59:43 - Level1 - Find upline query: SELECT id FROM shonu_subjects WHERE owncode = '7384791175875'
2026-03-14 23:59:43 - Level1 - Upline found: 1175875
2026-03-14 23:59:43 - Level1 - Insert query: INSERT INTO vyavahara (
            balakedara, ketebida, prakara, purba, bartaman, ayoga, koduvavanu, tiarikala, commission_status, process_date
        ) VALUES (
            '1175875', '2000', 'LVLCOMM1', '866', '874', '8', '1176073', '2026-03-14 23:59:43', 0, '2026-03-15'
        )
2026-03-14 23:59:43 - Level1 - ✅ INSERT SUCCESSFUL
2026-03-14 23:59:43 - Level2 - Find upline query: SELECT id FROM shonu_subjects WHERE owncode = '400660113602'
2026-03-14 23:59:43 - Level2 - Upline found: 113607
2026-03-14 23:59:43 - Level2 - Insert query: INSERT INTO vyavahara (
            balakedara, ketebida, prakara, purba, bartaman, ayoga, koduvavanu, tiarikala, commission_status, process_date
        ) VALUES (
            '113607', '2000', 'LVLCOMM2', '19200981.17274', '19200986.17274', '5', '1176073', '2026-03-14 23:59:43', 0, '2026-03-15'
        )
2026-03-14 23:59:43 - Level2 - ✅ INSERT SUCCESSFUL
2026-03-14 23:59:43 - Level3 - Find upline query: SELECT id FROM shonu_subjects WHERE owncode = '116629030908'
2026-03-14 23:59:43 - Level3 - Upline found: 113033
2026-03-14 23:59:43 - Level3 - Insert query: INSERT INTO vyavahara (
            balakedara, ketebida, prakara, purba, bartaman, ayoga, koduvavanu, tiarikala, commission_status, process_date
        ) VALUES (
            '113033', '2000', 'LVLCOMM3', '10539.65049', '10541.25049', '1.6', '1176073', '2026-03-14 23:59:43', 0, '2026-03-15'
        )
2026-03-14 23:59:43 - Level3 - ✅ INSERT SUCCESSFUL
2026-03-14 23:59:43 - ========== COMMISSION.PHP ENDED ==========

