2026-03-15 00:00:16 - ========== COMMISSION.PHP STARTED ==========
2026-03-15 00:00:16 - Bet amount: 1000, User ID: 1176073
2026-03-15 00:00:16 - Level commissions: L1=4, L2=2.5, L3=0.8, L4=0.1, L5=0.05, L6=0.02
2026-03-15 00:00:16 - Codes query: SELECT code, code1, code2, code3, code4, code5 FROM shonu_subjects WHERE id = '1176073'
2026-03-15 00:00:16 - Referral codes: code=7384791175875, code1=400660113602, code2=116629030908, code3=official, code4=, code5=
2026-03-15 00:00:16 - Next process date: 2026-03-16
2026-03-15 00:00:16 - Level1 - Find upline query: SELECT id FROM shonu_subjects WHERE owncode = '7384791175875'
2026-03-15 00:00:16 - Level1 - Upline found: 1175875
2026-03-15 00:00:16 - Level1 - Insert query: INSERT INTO vyavahara (
            balakedara, ketebida, prakara, purba, bartaman, ayoga, koduvavanu, tiarikala, commission_status, process_date
        ) VALUES (
            '1175875', '1000', 'LVLCOMM1', '866', '870', '4', '1176073', '2026-03-15 00:00:16', 0, '2026-03-16'
        )
2026-03-15 00:00:16 - Level1 - ✅ INSERT SUCCESSFUL
2026-03-15 00:00:16 - Level2 - Find upline query: SELECT id FROM shonu_subjects WHERE owncode = '400660113602'
2026-03-15 00:00:16 - Level2 - Upline found: 113607
2026-03-15 00:00:16 - Level2 - Insert query: INSERT INTO vyavahara (
            balakedara, ketebida, prakara, purba, bartaman, ayoga, koduvavanu, tiarikala, commission_status, process_date
        ) VALUES (
            '113607', '1000', 'LVLCOMM2', '19200981.17274', '19200983.67274', '2.5', '1176073', '2026-03-15 00:00:16', 0, '2026-03-16'
        )
2026-03-15 00:00:16 - Level2 - ✅ INSERT SUCCESSFUL
2026-03-15 00:00:16 - Level3 - Find upline query: SELECT id FROM shonu_subjects WHERE owncode = '116629030908'
2026-03-15 00:00:16 - Level3 - Upline found: 113033
2026-03-15 00:00:16 - Level3 - Insert query: INSERT INTO vyavahara (
            balakedara, ketebida, prakara, purba, bartaman, ayoga, koduvavanu, tiarikala, commission_status, process_date
        ) VALUES (
            '113033', '1000', 'LVLCOMM3', '10539.65049', '10540.45049', '0.8', '1176073', '2026-03-15 00:00:16', 0, '2026-03-16'
        )
2026-03-15 00:00:16 - Level3 - ✅ INSERT SUCCESSFUL
2026-03-15 00:00:16 - ========== COMMISSION.PHP ENDED ==========

2026-03-15 00:00:24 - ========== COMMISSION.PHP STARTED ==========
2026-03-15 00:00:24 - Bet amount: 1000, User ID: 1176073
2026-03-15 00:00:24 - Level commissions: L1=4, L2=2.5, L3=0.8, L4=0.1, L5=0.05, L6=0.02
2026-03-15 00:00:24 - Codes query: SELECT code, code1, code2, code3, code4, code5 FROM shonu_subjects WHERE id = '1176073'
2026-03-15 00:00:24 - Referral codes: code=7384791175875, code1=400660113602, code2=116629030908, code3=official, code4=, code5=
2026-03-15 00:00:24 - Next process date: 2026-03-16
2026-03-15 00:00:24 - Level1 - Find upline query: SELECT id FROM shonu_subjects WHERE owncode = '7384791175875'
2026-03-15 00:00:24 - Level1 - Upline found: 1175875
2026-03-15 00:00:24 - Level1 - Insert query: INSERT INTO vyavahara (
            balakedara, ketebida, prakara, purba, bartaman, ayoga, koduvavanu, tiarikala, commission_status, process_date
        ) VALUES (
            '1175875', '1000', 'LVLCOMM1', '866', '870', '4', '1176073', '2026-03-15 00:00:24', 0, '2026-03-16'
        )
2026-03-15 00:00:24 - Level1 - ✅ INSERT SUCCESSFUL
2026-03-15 00:00:24 - Level2 - Find upline query: SELECT id FROM shonu_subjects WHERE owncode = '400660113602'
2026-03-15 00:00:24 - Level2 - Upline found: 113607
2026-03-15 00:00:24 - Level2 - Insert query: INSERT INTO vyavahara (
            balakedara, ketebida, prakara, purba, bartaman, ayoga, koduvavanu, tiarikala, commission_status, process_date
        ) VALUES (
            '113607', '1000', 'LVLCOMM2', '19200981.17274', '19200983.67274', '2.5', '1176073', '2026-03-15 00:00:24', 0, '2026-03-16'
        )
2026-03-15 00:00:24 - Level2 - ✅ INSERT SUCCESSFUL
2026-03-15 00:00:24 - Level3 - Find upline query: SELECT id FROM shonu_subjects WHERE owncode = '116629030908'
2026-03-15 00:00:24 - Level3 - Upline found: 113033
2026-03-15 00:00:24 - Level3 - Insert query: INSERT INTO vyavahara (
            balakedara, ketebida, prakara, purba, bartaman, ayoga, koduvavanu, tiarikala, commission_status, process_date
        ) VALUES (
            '113033', '1000', 'LVLCOMM3', '10539.65049', '10540.45049', '0.8', '1176073', '2026-03-15 00:00:24', 0, '2026-03-16'
        )
2026-03-15 00:00:24 - Level3 - ✅ INSERT SUCCESSFUL
2026-03-15 00:00:24 - ========== COMMISSION.PHP ENDED ==========

2026-03-15 00:00:52 - ========== COMMISSION.PHP STARTED ==========
2026-03-15 00:00:52 - Bet amount: 1000, User ID: 1176073
2026-03-15 00:00:52 - Level commissions: L1=4, L2=2.5, L3=0.8, L4=0.1, L5=0.05, L6=0.02
2026-03-15 00:00:52 - Codes query: SELECT code, code1, code2, code3, code4, code5 FROM shonu_subjects WHERE id = '1176073'
2026-03-15 00:00:52 - Referral codes: code=7384791175875, code1=400660113602, code2=116629030908, code3=official, code4=, code5=
2026-03-15 00:00:52 - Next process date: 2026-03-16
2026-03-15 00:00:52 - Level1 - Find upline query: SELECT id FROM shonu_subjects WHERE owncode = '7384791175875'
2026-03-15 00:00:52 - Level1 - Upline found: 1175875
2026-03-15 00:00:52 - Level1 - Insert query: INSERT INTO vyavahara (
            balakedara, ketebida, prakara, purba, bartaman, ayoga, koduvavanu, tiarikala, commission_status, process_date
        ) VALUES (
            '1175875', '1000', 'LVLCOMM1', '866', '870', '4', '1176073', '2026-03-15 00:00:52', 0, '2026-03-16'
        )
2026-03-15 00:00:52 - Level1 - ✅ INSERT SUCCESSFUL
2026-03-15 00:00:52 - Level2 - Find upline query: SELECT id FROM shonu_subjects WHERE owncode = '400660113602'
2026-03-15 00:00:52 - Level2 - Upline found: 113607
2026-03-15 00:00:52 - Level2 - Insert query: INSERT INTO vyavahara (
            balakedara, ketebida, prakara, purba, bartaman, ayoga, koduvavanu, tiarikala, commission_status, process_date
        ) VALUES (
            '113607', '1000', 'LVLCOMM2', '19200981.17274', '19200983.67274', '2.5', '1176073', '2026-03-15 00:00:52', 0, '2026-03-16'
        )
2026-03-15 00:00:52 - Level2 - ✅ INSERT SUCCESSFUL
2026-03-15 00:00:52 - Level3 - Find upline query: SELECT id FROM shonu_subjects WHERE owncode = '116629030908'
2026-03-15 00:00:52 - Level3 - Upline found: 113033
2026-03-15 00:00:52 - Level3 - Insert query: INSERT INTO vyavahara (
            balakedara, ketebida, prakara, purba, bartaman, ayoga, koduvavanu, tiarikala, commission_status, process_date
        ) VALUES (
            '113033', '1000', 'LVLCOMM3', '10539.65049', '10540.45049', '0.8', '1176073', '2026-03-15 00:00:52', 0, '2026-03-16'
        )
2026-03-15 00:00:52 - Level3 - ✅ INSERT SUCCESSFUL
2026-03-15 00:00:52 - ========== COMMISSION.PHP ENDED ==========

2026-03-15 00:01:11 - ========== COMMISSION.PHP STARTED ==========
2026-03-15 00:01:11 - Bet amount: 2000, User ID: 1176073
2026-03-15 00:01:11 - Level commissions: L1=8, L2=5, L3=1.6, L4=0.2, L5=0.1, L6=0.04
2026-03-15 00:01:11 - Codes query: SELECT code, code1, code2, code3, code4, code5 FROM shonu_subjects WHERE id = '1176073'
2026-03-15 00:01:11 - Referral codes: code=7384791175875, code1=400660113602, code2=116629030908, code3=official, code4=, code5=
2026-03-15 00:01:11 - Next process date: 2026-03-16
2026-03-15 00:01:11 - Level1 - Find upline query: SELECT id FROM shonu_subjects WHERE owncode = '7384791175875'
2026-03-15 00:01:11 - Level1 - Upline found: 1175875
2026-03-15 00:01:11 - Level1 - Insert query: INSERT INTO vyavahara (
            balakedara, ketebida, prakara, purba, bartaman, ayoga, koduvavanu, tiarikala, commission_status, process_date
        ) VALUES (
            '1175875', '2000', 'LVLCOMM1', '866', '874', '8', '1176073', '2026-03-15 00:01:11', 0, '2026-03-16'
        )
2026-03-15 00:01:11 - Level1 - ✅ INSERT SUCCESSFUL
2026-03-15 00:01:11 - Level2 - Find upline query: SELECT id FROM shonu_subjects WHERE owncode = '400660113602'
2026-03-15 00:01:11 - Level2 - Upline found: 113607
2026-03-15 00:01:11 - Level2 - Insert query: INSERT INTO vyavahara (
            balakedara, ketebida, prakara, purba, bartaman, ayoga, koduvavanu, tiarikala, commission_status, process_date
        ) VALUES (
            '113607', '2000', 'LVLCOMM2', '19200981.17274', '19200986.17274', '5', '1176073', '2026-03-15 00:01:11', 0, '2026-03-16'
        )
2026-03-15 00:01:11 - Level2 - ✅ INSERT SUCCESSFUL
2026-03-15 00:01:11 - Level3 - Find upline query: SELECT id FROM shonu_subjects WHERE owncode = '116629030908'
2026-03-15 00:01:11 - Level3 - Upline found: 113033
2026-03-15 00:01:11 - Level3 - Insert query: INSERT INTO vyavahara (
            balakedara, ketebida, prakara, purba, bartaman, ayoga, koduvavanu, tiarikala, commission_status, process_date
        ) VALUES (
            '113033', '2000', 'LVLCOMM3', '10539.65049', '10541.25049', '1.6', '1176073', '2026-03-15 00:01:11', 0, '2026-03-16'
        )
2026-03-15 00:01:11 - Level3 - ✅ INSERT SUCCESSFUL
2026-03-15 00:01:11 - ========== COMMISSION.PHP ENDED ==========

2026-03-15 00:01:18 - ========== COMMISSION.PHP STARTED ==========
2026-03-15 00:01:18 - Bet amount: 1000, User ID: 1176073
2026-03-15 00:01:18 - Level commissions: L1=4, L2=2.5, L3=0.8, L4=0.1, L5=0.05, L6=0.02
2026-03-15 00:01:18 - Codes query: SELECT code, code1, code2, code3, code4, code5 FROM shonu_subjects WHERE id = '1176073'
2026-03-15 00:01:18 - Referral codes: code=7384791175875, code1=400660113602, code2=116629030908, code3=official, code4=, code5=
2026-03-15 00:01:18 - Next process date: 2026-03-16
2026-03-15 00:01:18 - Level1 - Find upline query: SELECT id FROM shonu_subjects WHERE owncode = '7384791175875'
2026-03-15 00:01:18 - Level1 - Upline found: 1175875
2026-03-15 00:01:18 - Level1 - Insert query: INSERT INTO vyavahara (
            balakedara, ketebida, prakara, purba, bartaman, ayoga, koduvavanu, tiarikala, commission_status, process_date
        ) VALUES (
            '1175875', '1000', 'LVLCOMM1', '866', '870', '4', '1176073', '2026-03-15 00:01:18', 0, '2026-03-16'
        )
2026-03-15 00:01:18 - Level1 - ✅ INSERT SUCCESSFUL
2026-03-15 00:01:18 - Level2 - Find upline query: SELECT id FROM shonu_subjects WHERE owncode = '400660113602'
2026-03-15 00:01:18 - Level2 - Upline found: 113607
2026-03-15 00:01:18 - Level2 - Insert query: INSERT INTO vyavahara (
            balakedara, ketebida, prakara, purba, bartaman, ayoga, koduvavanu, tiarikala, commission_status, process_date
        ) VALUES (
            '113607', '1000', 'LVLCOMM2', '19200981.17274', '19200983.67274', '2.5', '1176073', '2026-03-15 00:01:18', 0, '2026-03-16'
        )
2026-03-15 00:01:18 - Level2 - ✅ INSERT SUCCESSFUL
2026-03-15 00:01:18 - Level3 - Find upline query: SELECT id FROM shonu_subjects WHERE owncode = '116629030908'
2026-03-15 00:01:18 - Level3 - Upline found: 113033
2026-03-15 00:01:18 - Level3 - Insert query: INSERT INTO vyavahara (
            balakedara, ketebida, prakara, purba, bartaman, ayoga, koduvavanu, tiarikala, commission_status, process_date
        ) VALUES (
            '113033', '1000', 'LVLCOMM3', '10539.65049', '10540.45049', '0.8', '1176073', '2026-03-15 00:01:18', 0, '2026-03-16'
        )
2026-03-15 00:01:18 - Level3 - ✅ INSERT SUCCESSFUL
2026-03-15 00:01:18 - ========== COMMISSION.PHP ENDED ==========

2026-03-15 00:01:48 - ========== COMMISSION.PHP STARTED ==========
2026-03-15 00:01:48 - Bet amount: 2000, User ID: 1176073
2026-03-15 00:01:48 - Level commissions: L1=8, L2=5, L3=1.6, L4=0.2, L5=0.1, L6=0.04
2026-03-15 00:01:48 - Codes query: SELECT code, code1, code2, code3, code4, code5 FROM shonu_subjects WHERE id = '1176073'
2026-03-15 00:01:48 - Referral codes: code=7384791175875, code1=400660113602, code2=116629030908, code3=official, code4=, code5=
2026-03-15 00:01:48 - Next process date: 2026-03-16
2026-03-15 00:01:48 - Level1 - Find upline query: SELECT id FROM shonu_subjects WHERE owncode = '7384791175875'
2026-03-15 00:01:48 - Level1 - Upline found: 1175875
2026-03-15 00:01:48 - Level1 - Insert query: INSERT INTO vyavahara (
            balakedara, ketebida, prakara, purba, bartaman, ayoga, koduvavanu, tiarikala, commission_status, process_date
        ) VALUES (
            '1175875', '2000', 'LVLCOMM1', '866', '874', '8', '1176073', '2026-03-15 00:01:48', 0, '2026-03-16'
        )
2026-03-15 00:01:48 - Level1 - ✅ INSERT SUCCESSFUL
2026-03-15 00:01:48 - Level2 - Find upline query: SELECT id FROM shonu_subjects WHERE owncode = '400660113602'
2026-03-15 00:01:48 - Level2 - Upline found: 113607
2026-03-15 00:01:48 - Level2 - Insert query: INSERT INTO vyavahara (
            balakedara, ketebida, prakara, purba, bartaman, ayoga, koduvavanu, tiarikala, commission_status, process_date
        ) VALUES (
            '113607', '2000', 'LVLCOMM2', '19200981.17274', '19200986.17274', '5', '1176073', '2026-03-15 00:01:48', 0, '2026-03-16'
        )
2026-03-15 00:01:48 - Level2 - ✅ INSERT SUCCESSFUL
2026-03-15 00:01:48 - Level3 - Find upline query: SELECT id FROM shonu_subjects WHERE owncode = '116629030908'
2026-03-15 00:01:48 - Level3 - Upline found: 113033
2026-03-15 00:01:48 - Level3 - Insert query: INSERT INTO vyavahara (
            balakedara, ketebida, prakara, purba, bartaman, ayoga, koduvavanu, tiarikala, commission_status, process_date
        ) VALUES (
            '113033', '2000', 'LVLCOMM3', '10539.65049', '10541.25049', '1.6', '1176073', '2026-03-15 00:01:48', 0, '2026-03-16'
        )
2026-03-15 00:01:48 - Level3 - ✅ INSERT SUCCESSFUL
2026-03-15 00:01:48 - ========== COMMISSION.PHP ENDED ==========

2026-03-15 00:01:53 - ========== COMMISSION.PHP STARTED ==========
2026-03-15 00:01:53 - Bet amount: 1000, User ID: 1176073
2026-03-15 00:01:53 - Level commissions: L1=4, L2=2.5, L3=0.8, L4=0.1, L5=0.05, L6=0.02
2026-03-15 00:01:53 - Codes query: SELECT code, code1, code2, code3, code4, code5 FROM shonu_subjects WHERE id = '1176073'
2026-03-15 00:01:53 - Referral codes: code=7384791175875, code1=400660113602, code2=116629030908, code3=official, code4=, code5=
2026-03-15 00:01:53 - Next process date: 2026-03-16
2026-03-15 00:01:53 - Level1 - Find upline query: SELECT id FROM shonu_subjects WHERE owncode = '7384791175875'
2026-03-15 00:01:53 - Level1 - Upline found: 1175875
2026-03-15 00:01:53 - Level1 - Insert query: INSERT INTO vyavahara (
            balakedara, ketebida, prakara, purba, bartaman, ayoga, koduvavanu, tiarikala, commission_status, process_date
        ) VALUES (
            '1175875', '1000', 'LVLCOMM1', '866', '870', '4', '1176073', '2026-03-15 00:01:53', 0, '2026-03-16'
        )
2026-03-15 00:01:53 - Level1 - ✅ INSERT SUCCESSFUL
2026-03-15 00:01:53 - Level2 - Find upline query: SELECT id FROM shonu_subjects WHERE owncode = '400660113602'
2026-03-15 00:01:53 - Level2 - Upline found: 113607
2026-03-15 00:01:53 - Level2 - Insert query: INSERT INTO vyavahara (
            balakedara, ketebida, prakara, purba, bartaman, ayoga, koduvavanu, tiarikala, commission_status, process_date
        ) VALUES (
            '113607', '1000', 'LVLCOMM2', '19200981.17274', '19200983.67274', '2.5', '1176073', '2026-03-15 00:01:53', 0, '2026-03-16'
        )
2026-03-15 00:01:53 - Level2 - ✅ INSERT SUCCESSFUL
2026-03-15 00:01:53 - Level3 - Find upline query: SELECT id FROM shonu_subjects WHERE owncode = '116629030908'
2026-03-15 00:01:53 - Level3 - Upline found: 113033
2026-03-15 00:01:53 - Level3 - Insert query: INSERT INTO vyavahara (
            balakedara, ketebida, prakara, purba, bartaman, ayoga, koduvavanu, tiarikala, commission_status, process_date
        ) VALUES (
            '113033', '1000', 'LVLCOMM3', '10539.65049', '10540.45049', '0.8', '1176073', '2026-03-15 00:01:53', 0, '2026-03-16'
        )
2026-03-15 00:01:53 - Level3 - ✅ INSERT SUCCESSFUL
2026-03-15 00:01:53 - ========== COMMISSION.PHP ENDED ==========

2026-03-15 00:02:22 - ========== COMMISSION.PHP STARTED ==========
2026-03-15 00:02:22 - Bet amount: 1000, User ID: 1176073
2026-03-15 00:02:22 - Level commissions: L1=4, L2=2.5, L3=0.8, L4=0.1, L5=0.05, L6=0.02
2026-03-15 00:02:22 - Codes query: SELECT code, code1, code2, code3, code4, code5 FROM shonu_subjects WHERE id = '1176073'
2026-03-15 00:02:22 - Referral codes: code=7384791175875, code1=400660113602, code2=116629030908, code3=official, code4=, code5=
2026-03-15 00:02:22 - Next process date: 2026-03-16
2026-03-15 00:02:22 - Level1 - Find upline query: SELECT id FROM shonu_subjects WHERE owncode = '7384791175875'
2026-03-15 00:02:22 - Level1 - Upline found: 1175875
2026-03-15 00:02:22 - Level1 - Insert query: INSERT INTO vyavahara (
            balakedara, ketebida, prakara, purba, bartaman, ayoga, koduvavanu, tiarikala, commission_status, process_date
        ) VALUES (
            '1175875', '1000', 'LVLCOMM1', '866', '870', '4', '1176073', '2026-03-15 00:02:22', 0, '2026-03-16'
        )
2026-03-15 00:02:22 - Level1 - ✅ INSERT SUCCESSFUL
2026-03-15 00:02:22 - Level2 - Find upline query: SELECT id FROM shonu_subjects WHERE owncode = '400660113602'
2026-03-15 00:02:22 - Level2 - Upline found: 113607
2026-03-15 00:02:22 - Level2 - Insert query: INSERT INTO vyavahara (
            balakedara, ketebida, prakara, purba, bartaman, ayoga, koduvavanu, tiarikala, commission_status, process_date
        ) VALUES (
            '113607', '1000', 'LVLCOMM2', '19200981.17274', '19200983.67274', '2.5', '1176073', '2026-03-15 00:02:22', 0, '2026-03-16'
        )
2026-03-15 00:02:22 - Level2 - ✅ INSERT SUCCESSFUL
2026-03-15 00:02:22 - Level3 - Find upline query: SELECT id FROM shonu_subjects WHERE owncode = '116629030908'
2026-03-15 00:02:22 - Level3 - Upline found: 113033
2026-03-15 00:02:22 - Level3 - Insert query: INSERT INTO vyavahara (
            balakedara, ketebida, prakara, purba, bartaman, ayoga, koduvavanu, tiarikala, commission_status, process_date
        ) VALUES (
            '113033', '1000', 'LVLCOMM3', '10539.65049', '10540.45049', '0.8', '1176073', '2026-03-15 00:02:22', 0, '2026-03-16'
        )
2026-03-15 00:02:22 - Level3 - ✅ INSERT SUCCESSFUL
2026-03-15 00:02:22 - ========== COMMISSION.PHP ENDED ==========

2026-03-15 00:47:40 - ========== COMMISSION.PHP STARTED ==========
2026-03-15 00:47:40 - Bet amount: 1000, User ID: 1176073
2026-03-15 00:47:40 - Level commissions: L1=4, L2=2.5, L3=0.8, L4=0.1, L5=0.05, L6=0.02
2026-03-15 00:47:40 - Codes query: SELECT code, code1, code2, code3, code4, code5 FROM shonu_subjects WHERE id = '1176073'
2026-03-15 00:47:40 - Referral codes: code=7384791175875, code1=400660113602, code2=116629030908, code3=official, code4=, code5=
2026-03-15 00:47:40 - Next process date: 2026-03-16
2026-03-15 00:47:40 - Level1 - Find upline query: SELECT id FROM shonu_subjects WHERE owncode = '7384791175875'
2026-03-15 00:47:40 - Level1 - Upline found: 1175875
2026-03-15 00:47:40 - Level1 - Insert query: INSERT INTO vyavahara (
            balakedara, ketebida, prakara, purba, bartaman, ayoga, koduvavanu, tiarikala, commission_status, process_date
        ) VALUES (
            '1175875', '1000', 'LVLCOMM1', '866', '870', '4', '1176073', '2026-03-15 00:47:40', 0, '2026-03-16'
        )
2026-03-15 00:47:40 - Level1 - ✅ INSERT SUCCESSFUL
2026-03-15 00:47:40 - Level2 - Find upline query: SELECT id FROM shonu_subjects WHERE owncode = '400660113602'
2026-03-15 00:47:40 - Level2 - Upline found: 113607
2026-03-15 00:47:40 - Level2 - Insert query: INSERT INTO vyavahara (
            balakedara, ketebida, prakara, purba, bartaman, ayoga, koduvavanu, tiarikala, commission_status, process_date
        ) VALUES (
            '113607', '1000', 'LVLCOMM2', '19200981.17274', '19200983.67274', '2.5', '1176073', '2026-03-15 00:47:40', 0, '2026-03-16'
        )
2026-03-15 00:47:40 - Level2 - ✅ INSERT SUCCESSFUL
2026-03-15 00:47:40 - Level3 - Find upline query: SELECT id FROM shonu_subjects WHERE owncode = '116629030908'
2026-03-15 00:47:40 - Level3 - Upline found: 113033
2026-03-15 00:47:40 - Level3 - Insert query: INSERT INTO vyavahara (
            balakedara, ketebida, prakara, purba, bartaman, ayoga, koduvavanu, tiarikala, commission_status, process_date
        ) VALUES (
            '113033', '1000', 'LVLCOMM3', '10539.65049', '10540.45049', '0.8', '1176073', '2026-03-15 00:47:40', 0, '2026-03-16'
        )
2026-03-15 00:47:40 - Level3 - ✅ INSERT SUCCESSFUL
2026-03-15 00:47:40 - ========== COMMISSION.PHP ENDED ==========

2026-03-15 00:48:15 - ========== COMMISSION.PHP STARTED ==========
2026-03-15 00:48:15 - Bet amount: 2000, User ID: 1176073
2026-03-15 00:48:15 - Level commissions: L1=8, L2=5, L3=1.6, L4=0.2, L5=0.1, L6=0.04
2026-03-15 00:48:15 - Codes query: SELECT code, code1, code2, code3, code4, code5 FROM shonu_subjects WHERE id = '1176073'
2026-03-15 00:48:15 - Referral codes: code=7384791175875, code1=400660113602, code2=116629030908, code3=official, code4=, code5=
2026-03-15 00:48:15 - Next process date: 2026-03-16
2026-03-15 00:48:15 - Level1 - Find upline query: SELECT id FROM shonu_subjects WHERE owncode = '7384791175875'
2026-03-15 00:48:15 - Level1 - Upline found: 1175875
2026-03-15 00:48:15 - Level1 - Insert query: INSERT INTO vyavahara (
            balakedara, ketebida, prakara, purba, bartaman, ayoga, koduvavanu, tiarikala, commission_status, process_date
        ) VALUES (
            '1175875', '2000', 'LVLCOMM1', '866', '874', '8', '1176073', '2026-03-15 00:48:15', 0, '2026-03-16'
        )
2026-03-15 00:48:15 - Level1 - ✅ INSERT SUCCESSFUL
2026-03-15 00:48:15 - Level2 - Find upline query: SELECT id FROM shonu_subjects WHERE owncode = '400660113602'
2026-03-15 00:48:15 - Level2 - Upline found: 113607
2026-03-15 00:48:15 - Level2 - Insert query: INSERT INTO vyavahara (
            balakedara, ketebida, prakara, purba, bartaman, ayoga, koduvavanu, tiarikala, commission_status, process_date
        ) VALUES (
            '113607', '2000', 'LVLCOMM2', '19200981.17274', '19200986.17274', '5', '1176073', '2026-03-15 00:48:15', 0, '2026-03-16'
        )
2026-03-15 00:48:15 - Level2 - ✅ INSERT SUCCESSFUL
2026-03-15 00:48:15 - Level3 - Find upline query: SELECT id FROM shonu_subjects WHERE owncode = '116629030908'
2026-03-15 00:48:15 - Level3 - Upline found: 113033
2026-03-15 00:48:15 - Level3 - Insert query: INSERT INTO vyavahara (
            balakedara, ketebida, prakara, purba, bartaman, ayoga, koduvavanu, tiarikala, commission_status, process_date
        ) VALUES (
            '113033', '2000', 'LVLCOMM3', '10539.65049', '10541.25049', '1.6', '1176073', '2026-03-15 00:48:15', 0, '2026-03-16'
        )
2026-03-15 00:48:15 - Level3 - ✅ INSERT SUCCESSFUL
2026-03-15 00:48:15 - ========== COMMISSION.PHP ENDED ==========

2026-03-15 00:48:50 - ========== COMMISSION.PHP STARTED ==========
2026-03-15 00:48:50 - Bet amount: 2000, User ID: 1176073
2026-03-15 00:48:50 - Level commissions: L1=8, L2=5, L3=1.6, L4=0.2, L5=0.1, L6=0.04
2026-03-15 00:48:50 - Codes query: SELECT code, code1, code2, code3, code4, code5 FROM shonu_subjects WHERE id = '1176073'
2026-03-15 00:48:50 - Referral codes: code=7384791175875, code1=400660113602, code2=116629030908, code3=official, code4=, code5=
2026-03-15 00:48:50 - Next process date: 2026-03-16
2026-03-15 00:48:50 - Level1 - Find upline query: SELECT id FROM shonu_subjects WHERE owncode = '7384791175875'
2026-03-15 00:48:50 - Level1 - Upline found: 1175875
2026-03-15 00:48:50 - Level1 - Insert query: INSERT INTO vyavahara (
            balakedara, ketebida, prakara, purba, bartaman, ayoga, koduvavanu, tiarikala, commission_status, process_date
        ) VALUES (
            '1175875', '2000', 'LVLCOMM1', '866', '874', '8', '1176073', '2026-03-15 00:48:50', 0, '2026-03-16'
        )
2026-03-15 00:48:50 - Level1 - ✅ INSERT SUCCESSFUL
2026-03-15 00:48:50 - Level2 - Find upline query: SELECT id FROM shonu_subjects WHERE owncode = '400660113602'
2026-03-15 00:48:50 - Level2 - Upline found: 113607
2026-03-15 00:48:50 - Level2 - Insert query: INSERT INTO vyavahara (
            balakedara, ketebida, prakara, purba, bartaman, ayoga, koduvavanu, tiarikala, commission_status, process_date
        ) VALUES (
            '113607', '2000', 'LVLCOMM2', '19200981.17274', '19200986.17274', '5', '1176073', '2026-03-15 00:48:50', 0, '2026-03-16'
        )
2026-03-15 00:48:50 - Level2 - ✅ INSERT SUCCESSFUL
2026-03-15 00:48:50 - Level3 - Find upline query: SELECT id FROM shonu_subjects WHERE owncode = '116629030908'
2026-03-15 00:48:50 - Level3 - Upline found: 113033
2026-03-15 00:48:50 - Level3 - Insert query: INSERT INTO vyavahara (
            balakedara, ketebida, prakara, purba, bartaman, ayoga, koduvavanu, tiarikala, commission_status, process_date
        ) VALUES (
            '113033', '2000', 'LVLCOMM3', '10539.65049', '10541.25049', '1.6', '1176073', '2026-03-15 00:48:50', 0, '2026-03-16'
        )
2026-03-15 00:48:50 - Level3 - ✅ INSERT SUCCESSFUL
2026-03-15 00:48:50 - ========== COMMISSION.PHP ENDED ==========

2026-03-15 00:49:21 - ========== COMMISSION.PHP STARTED ==========
2026-03-15 00:49:21 - Bet amount: 10000, User ID: 1176073
2026-03-15 00:49:21 - Level commissions: L1=40, L2=25, L3=8, L4=1, L5=0.5, L6=0.2
2026-03-15 00:49:21 - Codes query: SELECT code, code1, code2, code3, code4, code5 FROM shonu_subjects WHERE id = '1176073'
2026-03-15 00:49:21 - Referral codes: code=7384791175875, code1=400660113602, code2=116629030908, code3=official, code4=, code5=
2026-03-15 00:49:21 - Next process date: 2026-03-16
2026-03-15 00:49:21 - Level1 - Find upline query: SELECT id FROM shonu_subjects WHERE owncode = '7384791175875'
2026-03-15 00:49:21 - Level1 - Upline found: 1175875
2026-03-15 00:49:21 - Level1 - Insert query: INSERT INTO vyavahara (
            balakedara, ketebida, prakara, purba, bartaman, ayoga, koduvavanu, tiarikala, commission_status, process_date
        ) VALUES (
            '1175875', '10000', 'LVLCOMM1', '866', '906', '40', '1176073', '2026-03-15 00:49:21', 0, '2026-03-16'
        )
2026-03-15 00:49:21 - Level1 - ✅ INSERT SUCCESSFUL
2026-03-15 00:49:21 - Level2 - Find upline query: SELECT id FROM shonu_subjects WHERE owncode = '400660113602'
2026-03-15 00:49:21 - Level2 - Upline found: 113607
2026-03-15 00:49:21 - Level2 - Insert query: INSERT INTO vyavahara (
            balakedara, ketebida, prakara, purba, bartaman, ayoga, koduvavanu, tiarikala, commission_status, process_date
        ) VALUES (
            '113607', '10000', 'LVLCOMM2', '19200981.17274', '19201006.17274', '25', '1176073', '2026-03-15 00:49:21', 0, '2026-03-16'
        )
2026-03-15 00:49:21 - Level2 - ✅ INSERT SUCCESSFUL
2026-03-15 00:49:21 - Level3 - Find upline query: SELECT id FROM shonu_subjects WHERE owncode = '116629030908'
2026-03-15 00:49:21 - Level3 - Upline found: 113033
2026-03-15 00:49:21 - Level3 - Insert query: INSERT INTO vyavahara (
            balakedara, ketebida, prakara, purba, bartaman, ayoga, koduvavanu, tiarikala, commission_status, process_date
        ) VALUES (
            '113033', '10000', 'LVLCOMM3', '10539.65049', '10547.65049', '8', '1176073', '2026-03-15 00:49:21', 0, '2026-03-16'
        )
2026-03-15 00:49:21 - Level3 - ✅ INSERT SUCCESSFUL
2026-03-15 00:49:21 - ========== COMMISSION.PHP ENDED ==========

2026-03-15 00:49:53 - ========== COMMISSION.PHP STARTED ==========
2026-03-15 00:49:53 - Bet amount: 100, User ID: 1176073
2026-03-15 00:49:53 - Level commissions: L1=0.4, L2=0.25, L3=0.08, L4=0.01, L5=0.005, L6=0.002
2026-03-15 00:49:53 - Codes query: SELECT code, code1, code2, code3, code4, code5 FROM shonu_subjects WHERE id = '1176073'
2026-03-15 00:49:53 - Referral codes: code=7384791175875, code1=400660113602, code2=116629030908, code3=official, code4=, code5=
2026-03-15 00:49:53 - Next process date: 2026-03-16
2026-03-15 00:49:53 - Level1 - Find upline query: SELECT id FROM shonu_subjects WHERE owncode = '7384791175875'
2026-03-15 00:49:53 - Level1 - Upline found: 1175875
2026-03-15 00:49:53 - Level1 - Insert query: INSERT INTO vyavahara (
            balakedara, ketebida, prakara, purba, bartaman, ayoga, koduvavanu, tiarikala, commission_status, process_date
        ) VALUES (
            '1175875', '100', 'LVLCOMM1', '866', '866.4', '0.4', '1176073', '2026-03-15 00:49:53', 0, '2026-03-16'
        )
2026-03-15 00:49:53 - Level1 - ✅ INSERT SUCCESSFUL
2026-03-15 00:49:53 - Level2 - Find upline query: SELECT id FROM shonu_subjects WHERE owncode = '400660113602'
2026-03-15 00:49:53 - Level2 - Upline found: 113607
2026-03-15 00:49:53 - Level2 - Insert query: INSERT INTO vyavahara (
            balakedara, ketebida, prakara, purba, bartaman, ayoga, koduvavanu, tiarikala, commission_status, process_date
        ) VALUES (
            '113607', '100', 'LVLCOMM2', '19200981.17274', '19200981.42274', '0.25', '1176073', '2026-03-15 00:49:53', 0, '2026-03-16'
        )
2026-03-15 00:49:53 - Level2 - ✅ INSERT SUCCESSFUL
2026-03-15 00:49:53 - Level3 - Find upline query: SELECT id FROM shonu_subjects WHERE owncode = '116629030908'
2026-03-15 00:49:53 - Level3 - Upline found: 113033
2026-03-15 00:49:53 - Level3 - Insert query: INSERT INTO vyavahara (
            balakedara, ketebida, prakara, purba, bartaman, ayoga, koduvavanu, tiarikala, commission_status, process_date
        ) VALUES (
            '113033', '100', 'LVLCOMM3', '10539.65049', '10539.73049', '0.08', '1176073', '2026-03-15 00:49:53', 0, '2026-03-16'
        )
2026-03-15 00:49:53 - Level3 - ✅ INSERT SUCCESSFUL
2026-03-15 00:49:53 - ========== COMMISSION.PHP ENDED ==========

2026-03-15 00:50:15 - ========== COMMISSION.PHP STARTED ==========
2026-03-15 00:50:15 - Bet amount: 5000, User ID: 1176073
2026-03-15 00:50:15 - Level commissions: L1=20, L2=12.5, L3=4, L4=0.5, L5=0.25, L6=0.1
2026-03-15 00:50:15 - Codes query: SELECT code, code1, code2, code3, code4, code5 FROM shonu_subjects WHERE id = '1176073'
2026-03-15 00:50:15 - Referral codes: code=7384791175875, code1=400660113602, code2=116629030908, code3=official, code4=, code5=
2026-03-15 00:50:15 - Next process date: 2026-03-16
2026-03-15 00:50:15 - Level1 - Find upline query: SELECT id FROM shonu_subjects WHERE owncode = '7384791175875'
2026-03-15 00:50:15 - Level1 - Upline found: 1175875
2026-03-15 00:50:15 - Level1 - Insert query: INSERT INTO vyavahara (
            balakedara, ketebida, prakara, purba, bartaman, ayoga, koduvavanu, tiarikala, commission_status, process_date
        ) VALUES (
            '1175875', '5000', 'LVLCOMM1', '866', '886', '20', '1176073', '2026-03-15 00:50:15', 0, '2026-03-16'
        )
2026-03-15 00:50:15 - Level1 - ✅ INSERT SUCCESSFUL
2026-03-15 00:50:15 - Level2 - Find upline query: SELECT id FROM shonu_subjects WHERE owncode = '400660113602'
2026-03-15 00:50:15 - Level2 - Upline found: 113607
2026-03-15 00:50:15 - Level2 - Insert query: INSERT INTO vyavahara (
            balakedara, ketebida, prakara, purba, bartaman, ayoga, koduvavanu, tiarikala, commission_status, process_date
        ) VALUES (
            '113607', '5000', 'LVLCOMM2', '19200981.17274', '19200993.67274', '12.5', '1176073', '2026-03-15 00:50:15', 0, '2026-03-16'
        )
2026-03-15 00:50:15 - Level2 - ✅ INSERT SUCCESSFUL
2026-03-15 00:50:15 - Level3 - Find upline query: SELECT id FROM shonu_subjects WHERE owncode = '116629030908'
2026-03-15 00:50:15 - Level3 - Upline found: 113033
2026-03-15 00:50:15 - Level3 - Insert query: INSERT INTO vyavahara (
            balakedara, ketebida, prakara, purba, bartaman, ayoga, koduvavanu, tiarikala, commission_status, process_date
        ) VALUES (
            '113033', '5000', 'LVLCOMM3', '10539.65049', '10543.65049', '4', '1176073', '2026-03-15 00:50:15', 0, '2026-03-16'
        )
2026-03-15 00:50:15 - Level3 - ✅ INSERT SUCCESSFUL
2026-03-15 00:50:15 - ========== COMMISSION.PHP ENDED ==========

2026-03-15 00:50:54 - ========== COMMISSION.PHP STARTED ==========
2026-03-15 00:50:54 - Bet amount: 2000, User ID: 1176073
2026-03-15 00:50:54 - Level commissions: L1=8, L2=5, L3=1.6, L4=0.2, L5=0.1, L6=0.04
2026-03-15 00:50:54 - Codes query: SELECT code, code1, code2, code3, code4, code5 FROM shonu_subjects WHERE id = '1176073'
2026-03-15 00:50:54 - Referral codes: code=7384791175875, code1=400660113602, code2=116629030908, code3=official, code4=, code5=
2026-03-15 00:50:54 - Next process date: 2026-03-16
2026-03-15 00:50:54 - Level1 - Find upline query: SELECT id FROM shonu_subjects WHERE owncode = '7384791175875'
2026-03-15 00:50:54 - Level1 - Upline found: 1175875
2026-03-15 00:50:54 - Level1 - Insert query: INSERT INTO vyavahara (
            balakedara, ketebida, prakara, purba, bartaman, ayoga, koduvavanu, tiarikala, commission_status, process_date
        ) VALUES (
            '1175875', '2000', 'LVLCOMM1', '866', '874', '8', '1176073', '2026-03-15 00:50:54', 0, '2026-03-16'
        )
2026-03-15 00:50:54 - Level1 - ✅ INSERT SUCCESSFUL
2026-03-15 00:50:54 - Level2 - Find upline query: SELECT id FROM shonu_subjects WHERE owncode = '400660113602'
2026-03-15 00:50:54 - Level2 - Upline found: 113607
2026-03-15 00:50:54 - Level2 - Insert query: INSERT INTO vyavahara (
            balakedara, ketebida, prakara, purba, bartaman, ayoga, koduvavanu, tiarikala, commission_status, process_date
        ) VALUES (
            '113607', '2000', 'LVLCOMM2', '19200981.17274', '19200986.17274', '5', '1176073', '2026-03-15 00:50:54', 0, '2026-03-16'
        )
2026-03-15 00:50:54 - Level2 - ✅ INSERT SUCCESSFUL
2026-03-15 00:50:54 - Level3 - Find upline query: SELECT id FROM shonu_subjects WHERE owncode = '116629030908'
2026-03-15 00:50:54 - Level3 - Upline found: 113033
2026-03-15 00:50:54 - Level3 - Insert query: INSERT INTO vyavahara (
            balakedara, ketebida, prakara, purba, bartaman, ayoga, koduvavanu, tiarikala, commission_status, process_date
        ) VALUES (
            '113033', '2000', 'LVLCOMM3', '10539.65049', '10541.25049', '1.6', '1176073', '2026-03-15 00:50:54', 0, '2026-03-16'
        )
2026-03-15 00:50:54 - Level3 - ✅ INSERT SUCCESSFUL
2026-03-15 00:50:54 - ========== COMMISSION.PHP ENDED ==========

2026-03-15 00:51:23 - ========== COMMISSION.PHP STARTED ==========
2026-03-15 00:51:23 - Bet amount: 1000, User ID: 1176073
2026-03-15 00:51:23 - Level commissions: L1=4, L2=2.5, L3=0.8, L4=0.1, L5=0.05, L6=0.02
2026-03-15 00:51:23 - Codes query: SELECT code, code1, code2, code3, code4, code5 FROM shonu_subjects WHERE id = '1176073'
2026-03-15 00:51:23 - Referral codes: code=7384791175875, code1=400660113602, code2=116629030908, code3=official, code4=, code5=
2026-03-15 00:51:23 - Next process date: 2026-03-16
2026-03-15 00:51:23 - Level1 - Find upline query: SELECT id FROM shonu_subjects WHERE owncode = '7384791175875'
2026-03-15 00:51:23 - Level1 - Upline found: 1175875
2026-03-15 00:51:23 - Level1 - Insert query: INSERT INTO vyavahara (
            balakedara, ketebida, prakara, purba, bartaman, ayoga, koduvavanu, tiarikala, commission_status, process_date
        ) VALUES (
            '1175875', '1000', 'LVLCOMM1', '866', '870', '4', '1176073', '2026-03-15 00:51:23', 0, '2026-03-16'
        )
2026-03-15 00:51:23 - Level1 - ✅ INSERT SUCCESSFUL
2026-03-15 00:51:23 - Level2 - Find upline query: SELECT id FROM shonu_subjects WHERE owncode = '400660113602'
2026-03-15 00:51:23 - Level2 - Upline found: 113607
2026-03-15 00:51:23 - Level2 - Insert query: INSERT INTO vyavahara (
            balakedara, ketebida, prakara, purba, bartaman, ayoga, koduvavanu, tiarikala, commission_status, process_date
        ) VALUES (
            '113607', '1000', 'LVLCOMM2', '19200981.17274', '19200983.67274', '2.5', '1176073', '2026-03-15 00:51:23', 0, '2026-03-16'
        )
2026-03-15 00:51:23 - Level2 - ✅ INSERT SUCCESSFUL
2026-03-15 00:51:23 - Level3 - Find upline query: SELECT id FROM shonu_subjects WHERE owncode = '116629030908'
2026-03-15 00:51:23 - Level3 - Upline found: 113033
2026-03-15 00:51:23 - Level3 - Insert query: INSERT INTO vyavahara (
            balakedara, ketebida, prakara, purba, bartaman, ayoga, koduvavanu, tiarikala, commission_status, process_date
        ) VALUES (
            '113033', '1000', 'LVLCOMM3', '10539.65049', '10540.45049', '0.8', '1176073', '2026-03-15 00:51:23', 0, '2026-03-16'
        )
2026-03-15 00:51:23 - Level3 - ✅ INSERT SUCCESSFUL
2026-03-15 00:51:23 - ========== COMMISSION.PHP ENDED ==========

2026-03-15 00:51:49 - ========== COMMISSION.PHP STARTED ==========
2026-03-15 00:51:49 - Bet amount: 1000, User ID: 1176073
2026-03-15 00:51:49 - Level commissions: L1=4, L2=2.5, L3=0.8, L4=0.1, L5=0.05, L6=0.02
2026-03-15 00:51:49 - Codes query: SELECT code, code1, code2, code3, code4, code5 FROM shonu_subjects WHERE id = '1176073'
2026-03-15 00:51:49 - Referral codes: code=7384791175875, code1=400660113602, code2=116629030908, code3=official, code4=, code5=
2026-03-15 00:51:49 - Next process date: 2026-03-16
2026-03-15 00:51:49 - Level1 - Find upline query: SELECT id FROM shonu_subjects WHERE owncode = '7384791175875'
2026-03-15 00:51:49 - Level1 - Upline found: 1175875
2026-03-15 00:51:49 - Level1 - Insert query: INSERT INTO vyavahara (
            balakedara, ketebida, prakara, purba, bartaman, ayoga, koduvavanu, tiarikala, commission_status, process_date
        ) VALUES (
            '1175875', '1000', 'LVLCOMM1', '866', '870', '4', '1176073', '2026-03-15 00:51:49', 0, '2026-03-16'
        )
2026-03-15 00:51:49 - Level1 - ✅ INSERT SUCCESSFUL
2026-03-15 00:51:49 - Level2 - Find upline query: SELECT id FROM shonu_subjects WHERE owncode = '400660113602'
2026-03-15 00:51:49 - Level2 - Upline found: 113607
2026-03-15 00:51:49 - Level2 - Insert query: INSERT INTO vyavahara (
            balakedara, ketebida, prakara, purba, bartaman, ayoga, koduvavanu, tiarikala, commission_status, process_date
        ) VALUES (
            '113607', '1000', 'LVLCOMM2', '19200981.17274', '19200983.67274', '2.5', '1176073', '2026-03-15 00:51:49', 0, '2026-03-16'
        )
2026-03-15 00:51:49 - Level2 - ✅ INSERT SUCCESSFUL
2026-03-15 00:51:49 - Level3 - Find upline query: SELECT id FROM shonu_subjects WHERE owncode = '116629030908'
2026-03-15 00:51:49 - Level3 - Upline found: 113033
2026-03-15 00:51:49 - Level3 - Insert query: INSERT INTO vyavahara (
            balakedara, ketebida, prakara, purba, bartaman, ayoga, koduvavanu, tiarikala, commission_status, process_date
        ) VALUES (
            '113033', '1000', 'LVLCOMM3', '10539.65049', '10540.45049', '0.8', '1176073', '2026-03-15 00:51:49', 0, '2026-03-16'
        )
2026-03-15 00:51:49 - Level3 - ✅ INSERT SUCCESSFUL
2026-03-15 00:51:49 - ========== COMMISSION.PHP ENDED ==========

2026-03-15 00:52:12 - ========== COMMISSION.PHP STARTED ==========
2026-03-15 00:52:12 - Bet amount: 10000, User ID: 1176073
2026-03-15 00:52:12 - Level commissions: L1=40, L2=25, L3=8, L4=1, L5=0.5, L6=0.2
2026-03-15 00:52:12 - Codes query: SELECT code, code1, code2, code3, code4, code5 FROM shonu_subjects WHERE id = '1176073'
2026-03-15 00:52:12 - Referral codes: code=7384791175875, code1=400660113602, code2=116629030908, code3=official, code4=, code5=
2026-03-15 00:52:12 - Next process date: 2026-03-16
2026-03-15 00:52:12 - Level1 - Find upline query: SELECT id FROM shonu_subjects WHERE owncode = '7384791175875'
2026-03-15 00:52:12 - Level1 - Upline found: 1175875
2026-03-15 00:52:12 - Level1 - Insert query: INSERT INTO vyavahara (
            balakedara, ketebida, prakara, purba, bartaman, ayoga, koduvavanu, tiarikala, commission_status, process_date
        ) VALUES (
            '1175875', '10000', 'LVLCOMM1', '866', '906', '40', '1176073', '2026-03-15 00:52:12', 0, '2026-03-16'
        )
2026-03-15 00:52:12 - Level1 - ✅ INSERT SUCCESSFUL
2026-03-15 00:52:12 - Level2 - Find upline query: SELECT id FROM shonu_subjects WHERE owncode = '400660113602'
2026-03-15 00:52:12 - Level2 - Upline found: 113607
2026-03-15 00:52:12 - Level2 - Insert query: INSERT INTO vyavahara (
            balakedara, ketebida, prakara, purba, bartaman, ayoga, koduvavanu, tiarikala, commission_status, process_date
        ) VALUES (
            '113607', '10000', 'LVLCOMM2', '19200981.17274', '19201006.17274', '25', '1176073', '2026-03-15 00:52:12', 0, '2026-03-16'
        )
2026-03-15 00:52:12 - Level2 - ✅ INSERT SUCCESSFUL
2026-03-15 00:52:12 - Level3 - Find upline query: SELECT id FROM shonu_subjects WHERE owncode = '116629030908'
2026-03-15 00:52:12 - Level3 - Upline found: 113033
2026-03-15 00:52:12 - Level3 - Insert query: INSERT INTO vyavahara (
            balakedara, ketebida, prakara, purba, bartaman, ayoga, koduvavanu, tiarikala, commission_status, process_date
        ) VALUES (
            '113033', '10000', 'LVLCOMM3', '10539.65049', '10547.65049', '8', '1176073', '2026-03-15 00:52:12', 0, '2026-03-16'
        )
2026-03-15 00:52:12 - Level3 - ✅ INSERT SUCCESSFUL
2026-03-15 00:52:12 - ========== COMMISSION.PHP ENDED ==========

2026-03-15 00:52:49 - ========== COMMISSION.PHP STARTED ==========
2026-03-15 00:52:49 - Bet amount: 1000, User ID: 1176073
2026-03-15 00:52:49 - Level commissions: L1=4, L2=2.5, L3=0.8, L4=0.1, L5=0.05, L6=0.02
2026-03-15 00:52:49 - Codes query: SELECT code, code1, code2, code3, code4, code5 FROM shonu_subjects WHERE id = '1176073'
2026-03-15 00:52:49 - Referral codes: code=7384791175875, code1=400660113602, code2=116629030908, code3=official, code4=, code5=
2026-03-15 00:52:49 - Next process date: 2026-03-16
2026-03-15 00:52:49 - Level1 - Find upline query: SELECT id FROM shonu_subjects WHERE owncode = '7384791175875'
2026-03-15 00:52:49 - Level1 - Upline found: 1175875
2026-03-15 00:52:49 - Level1 - Insert query: INSERT INTO vyavahara (
            balakedara, ketebida, prakara, purba, bartaman, ayoga, koduvavanu, tiarikala, commission_status, process_date
        ) VALUES (
            '1175875', '1000', 'LVLCOMM1', '866', '870', '4', '1176073', '2026-03-15 00:52:49', 0, '2026-03-16'
        )
2026-03-15 00:52:49 - Level1 - ✅ INSERT SUCCESSFUL
2026-03-15 00:52:49 - Level2 - Find upline query: SELECT id FROM shonu_subjects WHERE owncode = '400660113602'
2026-03-15 00:52:49 - Level2 - Upline found: 113607
2026-03-15 00:52:49 - Level2 - Insert query: INSERT INTO vyavahara (
            balakedara, ketebida, prakara, purba, bartaman, ayoga, koduvavanu, tiarikala, commission_status, process_date
        ) VALUES (
            '113607', '1000', 'LVLCOMM2', '19200981.17274', '19200983.67274', '2.5', '1176073', '2026-03-15 00:52:49', 0, '2026-03-16'
        )
2026-03-15 00:52:49 - Level2 - ✅ INSERT SUCCESSFUL
2026-03-15 00:52:49 - Level3 - Find upline query: SELECT id FROM shonu_subjects WHERE owncode = '116629030908'
2026-03-15 00:52:49 - Level3 - Upline found: 113033
2026-03-15 00:52:49 - Level3 - Insert query: INSERT INTO vyavahara (
            balakedara, ketebida, prakara, purba, bartaman, ayoga, koduvavanu, tiarikala, commission_status, process_date
        ) VALUES (
            '113033', '1000', 'LVLCOMM3', '10539.65049', '10540.45049', '0.8', '1176073', '2026-03-15 00:52:49', 0, '2026-03-16'
        )
2026-03-15 00:52:49 - Level3 - ✅ INSERT SUCCESSFUL
2026-03-15 00:52:49 - ========== COMMISSION.PHP ENDED ==========

2026-03-15 00:53:16 - ========== COMMISSION.PHP STARTED ==========
2026-03-15 00:53:16 - Bet amount: 2000, User ID: 1176073
2026-03-15 00:53:16 - Level commissions: L1=8, L2=5, L3=1.6, L4=0.2, L5=0.1, L6=0.04
2026-03-15 00:53:16 - Codes query: SELECT code, code1, code2, code3, code4, code5 FROM shonu_subjects WHERE id = '1176073'
2026-03-15 00:53:16 - Referral codes: code=7384791175875, code1=400660113602, code2=116629030908, code3=official, code4=, code5=
2026-03-15 00:53:16 - Next process date: 2026-03-16
2026-03-15 00:53:16 - Level1 - Find upline query: SELECT id FROM shonu_subjects WHERE owncode = '7384791175875'
2026-03-15 00:53:16 - Level1 - Upline found: 1175875
2026-03-15 00:53:16 - Level1 - Insert query: INSERT INTO vyavahara (
            balakedara, ketebida, prakara, purba, bartaman, ayoga, koduvavanu, tiarikala, commission_status, process_date
        ) VALUES (
            '1175875', '2000', 'LVLCOMM1', '866', '874', '8', '1176073', '2026-03-15 00:53:16', 0, '2026-03-16'
        )
2026-03-15 00:53:16 - Level1 - ✅ INSERT SUCCESSFUL
2026-03-15 00:53:16 - Level2 - Find upline query: SELECT id FROM shonu_subjects WHERE owncode = '400660113602'
2026-03-15 00:53:16 - Level2 - Upline found: 113607
2026-03-15 00:53:16 - Level2 - Insert query: INSERT INTO vyavahara (
            balakedara, ketebida, prakara, purba, bartaman, ayoga, koduvavanu, tiarikala, commission_status, process_date
        ) VALUES (
            '113607', '2000', 'LVLCOMM2', '19200981.17274', '19200986.17274', '5', '1176073', '2026-03-15 00:53:16', 0, '2026-03-16'
        )
2026-03-15 00:53:16 - Level2 - ✅ INSERT SUCCESSFUL
2026-03-15 00:53:16 - Level3 - Find upline query: SELECT id FROM shonu_subjects WHERE owncode = '116629030908'
2026-03-15 00:53:16 - Level3 - Upline found: 113033
2026-03-15 00:53:16 - Level3 - Insert query: INSERT INTO vyavahara (
            balakedara, ketebida, prakara, purba, bartaman, ayoga, koduvavanu, tiarikala, commission_status, process_date
        ) VALUES (
            '113033', '2000', 'LVLCOMM3', '10539.65049', '10541.25049', '1.6', '1176073', '2026-03-15 00:53:16', 0, '2026-03-16'
        )
2026-03-15 00:53:16 - Level3 - ✅ INSERT SUCCESSFUL
2026-03-15 00:53:16 - ========== COMMISSION.PHP ENDED ==========

2026-03-15 00:53:54 - ========== COMMISSION.PHP STARTED ==========
2026-03-15 00:53:54 - Bet amount: 1000, User ID: 1176073
2026-03-15 00:53:54 - Level commissions: L1=4, L2=2.5, L3=0.8, L4=0.1, L5=0.05, L6=0.02
2026-03-15 00:53:54 - Codes query: SELECT code, code1, code2, code3, code4, code5 FROM shonu_subjects WHERE id = '1176073'
2026-03-15 00:53:54 - Referral codes: code=7384791175875, code1=400660113602, code2=116629030908, code3=official, code4=, code5=
2026-03-15 00:53:54 - Next process date: 2026-03-16
2026-03-15 00:53:54 - Level1 - Find upline query: SELECT id FROM shonu_subjects WHERE owncode = '7384791175875'
2026-03-15 00:53:54 - Level1 - Upline found: 1175875
2026-03-15 00:53:54 - Level1 - Insert query: INSERT INTO vyavahara (
            balakedara, ketebida, prakara, purba, bartaman, ayoga, koduvavanu, tiarikala, commission_status, process_date
        ) VALUES (
            '1175875', '1000', 'LVLCOMM1', '866', '870', '4', '1176073', '2026-03-15 00:53:54', 0, '2026-03-16'
        )
2026-03-15 00:53:54 - Level1 - ✅ INSERT SUCCESSFUL
2026-03-15 00:53:54 - Level2 - Find upline query: SELECT id FROM shonu_subjects WHERE owncode = '400660113602'
2026-03-15 00:53:54 - Level2 - Upline found: 113607
2026-03-15 00:53:54 - Level2 - Insert query: INSERT INTO vyavahara (
            balakedara, ketebida, prakara, purba, bartaman, ayoga, koduvavanu, tiarikala, commission_status, process_date
        ) VALUES (
            '113607', '1000', 'LVLCOMM2', '19200981.17274', '19200983.67274', '2.5', '1176073', '2026-03-15 00:53:54', 0, '2026-03-16'
        )
2026-03-15 00:53:54 - Level2 - ✅ INSERT SUCCESSFUL
2026-03-15 00:53:54 - Level3 - Find upline query: SELECT id FROM shonu_subjects WHERE owncode = '116629030908'
2026-03-15 00:53:54 - Level3 - Upline found: 113033
2026-03-15 00:53:54 - Level3 - Insert query: INSERT INTO vyavahara (
            balakedara, ketebida, prakara, purba, bartaman, ayoga, koduvavanu, tiarikala, commission_status, process_date
        ) VALUES (
            '113033', '1000', 'LVLCOMM3', '10539.65049', '10540.45049', '0.8', '1176073', '2026-03-15 00:53:54', 0, '2026-03-16'
        )
2026-03-15 00:53:54 - Level3 - ✅ INSERT SUCCESSFUL
2026-03-15 00:53:54 - ========== COMMISSION.PHP ENDED ==========

2026-03-15 00:54:16 - ========== COMMISSION.PHP STARTED ==========
2026-03-15 00:54:16 - Bet amount: 10000, User ID: 1176073
2026-03-15 00:54:16 - Level commissions: L1=40, L2=25, L3=8, L4=1, L5=0.5, L6=0.2
2026-03-15 00:54:16 - Codes query: SELECT code, code1, code2, code3, code4, code5 FROM shonu_subjects WHERE id = '1176073'
2026-03-15 00:54:16 - Referral codes: code=7384791175875, code1=400660113602, code2=116629030908, code3=official, code4=, code5=
2026-03-15 00:54:16 - Next process date: 2026-03-16
2026-03-15 00:54:16 - Level1 - Find upline query: SELECT id FROM shonu_subjects WHERE owncode = '7384791175875'
2026-03-15 00:54:16 - Level1 - Upline found: 1175875
2026-03-15 00:54:16 - Level1 - Insert query: INSERT INTO vyavahara (
            balakedara, ketebida, prakara, purba, bartaman, ayoga, koduvavanu, tiarikala, commission_status, process_date
        ) VALUES (
            '1175875', '10000', 'LVLCOMM1', '866', '906', '40', '1176073', '2026-03-15 00:54:16', 0, '2026-03-16'
        )
2026-03-15 00:54:16 - Level1 - ✅ INSERT SUCCESSFUL
2026-03-15 00:54:16 - Level2 - Find upline query: SELECT id FROM shonu_subjects WHERE owncode = '400660113602'
2026-03-15 00:54:16 - Level2 - Upline found: 113607
2026-03-15 00:54:16 - Level2 - Insert query: INSERT INTO vyavahara (
            balakedara, ketebida, prakara, purba, bartaman, ayoga, koduvavanu, tiarikala, commission_status, process_date
        ) VALUES (
            '113607', '10000', 'LVLCOMM2', '19200981.17274', '19201006.17274', '25', '1176073', '2026-03-15 00:54:16', 0, '2026-03-16'
        )
2026-03-15 00:54:16 - Level2 - ✅ INSERT SUCCESSFUL
2026-03-15 00:54:16 - Level3 - Find upline query: SELECT id FROM shonu_subjects WHERE owncode = '116629030908'
2026-03-15 00:54:16 - Level3 - Upline found: 113033
2026-03-15 00:54:16 - Level3 - Insert query: INSERT INTO vyavahara (
            balakedara, ketebida, prakara, purba, bartaman, ayoga, koduvavanu, tiarikala, commission_status, process_date
        ) VALUES (
            '113033', '10000', 'LVLCOMM3', '10539.65049', '10547.65049', '8', '1176073', '2026-03-15 00:54:16', 0, '2026-03-16'
        )
2026-03-15 00:54:16 - Level3 - ✅ INSERT SUCCESSFUL
2026-03-15 00:54:17 - ========== COMMISSION.PHP ENDED ==========

2026-03-15 00:54:44 - ========== COMMISSION.PHP STARTED ==========
2026-03-15 00:54:44 - Bet amount: 20000, User ID: 1176073
2026-03-15 00:54:44 - Level commissions: L1=80, L2=50, L3=16, L4=2, L5=1, L6=0.4
2026-03-15 00:54:44 - Codes query: SELECT code, code1, code2, code3, code4, code5 FROM shonu_subjects WHERE id = '1176073'
2026-03-15 00:54:44 - Referral codes: code=7384791175875, code1=400660113602, code2=116629030908, code3=official, code4=, code5=
2026-03-15 00:54:44 - Next process date: 2026-03-16
2026-03-15 00:54:44 - Level1 - Find upline query: SELECT id FROM shonu_subjects WHERE owncode = '7384791175875'
2026-03-15 00:54:44 - Level1 - Upline found: 1175875
2026-03-15 00:54:44 - Level1 - Insert query: INSERT INTO vyavahara (
            balakedara, ketebida, prakara, purba, bartaman, ayoga, koduvavanu, tiarikala, commission_status, process_date
        ) VALUES (
            '1175875', '20000', 'LVLCOMM1', '866', '946', '80', '1176073', '2026-03-15 00:54:44', 0, '2026-03-16'
        )
2026-03-15 00:54:44 - Level1 - ✅ INSERT SUCCESSFUL
2026-03-15 00:54:44 - Level2 - Find upline query: SELECT id FROM shonu_subjects WHERE owncode = '400660113602'
2026-03-15 00:54:44 - Level2 - Upline found: 113607
2026-03-15 00:54:44 - Level2 - Insert query: INSERT INTO vyavahara (
            balakedara, ketebida, prakara, purba, bartaman, ayoga, koduvavanu, tiarikala, commission_status, process_date
        ) VALUES (
            '113607', '20000', 'LVLCOMM2', '19200981.17274', '19201031.17274', '50', '1176073', '2026-03-15 00:54:44', 0, '2026-03-16'
        )
2026-03-15 00:54:44 - Level2 - ✅ INSERT SUCCESSFUL
2026-03-15 00:54:44 - Level3 - Find upline query: SELECT id FROM shonu_subjects WHERE owncode = '116629030908'
2026-03-15 00:54:44 - Level3 - Upline found: 113033
2026-03-15 00:54:44 - Level3 - Insert query: INSERT INTO vyavahara (
            balakedara, ketebida, prakara, purba, bartaman, ayoga, koduvavanu, tiarikala, commission_status, process_date
        ) VALUES (
            '113033', '20000', 'LVLCOMM3', '10539.65049', '10555.65049', '16', '1176073', '2026-03-15 00:54:44', 0, '2026-03-16'
        )
2026-03-15 00:54:44 - Level3 - ✅ INSERT SUCCESSFUL
2026-03-15 00:54:44 - ========== COMMISSION.PHP ENDED ==========

2026-03-15 00:55:41 - ========== COMMISSION.PHP STARTED ==========
2026-03-15 00:55:41 - Bet amount: 1000, User ID: 1176073
2026-03-15 00:55:41 - Level commissions: L1=4, L2=2.5, L3=0.8, L4=0.1, L5=0.05, L6=0.02
2026-03-15 00:55:41 - Codes query: SELECT code, code1, code2, code3, code4, code5 FROM shonu_subjects WHERE id = '1176073'
2026-03-15 00:55:41 - Referral codes: code=7384791175875, code1=400660113602, code2=116629030908, code3=official, code4=, code5=
2026-03-15 00:55:41 - Next process date: 2026-03-16
2026-03-15 00:55:41 - Level1 - Find upline query: SELECT id FROM shonu_subjects WHERE owncode = '7384791175875'
2026-03-15 00:55:41 - Level1 - Upline found: 1175875
2026-03-15 00:55:41 - Level1 - Insert query: INSERT INTO vyavahara (
            balakedara, ketebida, prakara, purba, bartaman, ayoga, koduvavanu, tiarikala, commission_status, process_date
        ) VALUES (
            '1175875', '1000', 'LVLCOMM1', '866', '870', '4', '1176073', '2026-03-15 00:55:41', 0, '2026-03-16'
        )
2026-03-15 00:55:41 - Level1 - ✅ INSERT SUCCESSFUL
2026-03-15 00:55:41 - Level2 - Find upline query: SELECT id FROM shonu_subjects WHERE owncode = '400660113602'
2026-03-15 00:55:41 - Level2 - Upline found: 113607
2026-03-15 00:55:41 - Level2 - Insert query: INSERT INTO vyavahara (
            balakedara, ketebida, prakara, purba, bartaman, ayoga, koduvavanu, tiarikala, commission_status, process_date
        ) VALUES (
            '113607', '1000', 'LVLCOMM2', '19200981.17274', '19200983.67274', '2.5', '1176073', '2026-03-15 00:55:41', 0, '2026-03-16'
        )
2026-03-15 00:55:41 - Level2 - ✅ INSERT SUCCESSFUL
2026-03-15 00:55:41 - Level3 - Find upline query: SELECT id FROM shonu_subjects WHERE owncode = '116629030908'
2026-03-15 00:55:41 - Level3 - Upline found: 113033
2026-03-15 00:55:41 - Level3 - Insert query: INSERT INTO vyavahara (
            balakedara, ketebida, prakara, purba, bartaman, ayoga, koduvavanu, tiarikala, commission_status, process_date
        ) VALUES (
            '113033', '1000', 'LVLCOMM3', '10539.65049', '10540.45049', '0.8', '1176073', '2026-03-15 00:55:41', 0, '2026-03-16'
        )
2026-03-15 00:55:41 - Level3 - ✅ INSERT SUCCESSFUL
2026-03-15 00:55:41 - ========== COMMISSION.PHP ENDED ==========

2026-03-15 00:56:20 - ========== COMMISSION.PHP STARTED ==========
2026-03-15 00:56:20 - Bet amount: 10000, User ID: 1176073
2026-03-15 00:56:20 - Level commissions: L1=40, L2=25, L3=8, L4=1, L5=0.5, L6=0.2
2026-03-15 00:56:20 - Codes query: SELECT code, code1, code2, code3, code4, code5 FROM shonu_subjects WHERE id = '1176073'
2026-03-15 00:56:20 - Referral codes: code=7384791175875, code1=400660113602, code2=116629030908, code3=official, code4=, code5=
2026-03-15 00:56:20 - Next process date: 2026-03-16
2026-03-15 00:56:20 - Level1 - Find upline query: SELECT id FROM shonu_subjects WHERE owncode = '7384791175875'
2026-03-15 00:56:20 - Level1 - Upline found: 1175875
2026-03-15 00:56:20 - Level1 - Insert query: INSERT INTO vyavahara (
            balakedara, ketebida, prakara, purba, bartaman, ayoga, koduvavanu, tiarikala, commission_status, process_date
        ) VALUES (
            '1175875', '10000', 'LVLCOMM1', '866', '906', '40', '1176073', '2026-03-15 00:56:20', 0, '2026-03-16'
        )
2026-03-15 00:56:20 - Level1 - ✅ INSERT SUCCESSFUL
2026-03-15 00:56:20 - Level2 - Find upline query: SELECT id FROM shonu_subjects WHERE owncode = '400660113602'
2026-03-15 00:56:20 - Level2 - Upline found: 113607
2026-03-15 00:56:20 - Level2 - Insert query: INSERT INTO vyavahara (
            balakedara, ketebida, prakara, purba, bartaman, ayoga, koduvavanu, tiarikala, commission_status, process_date
        ) VALUES (
            '113607', '10000', 'LVLCOMM2', '19200981.17274', '19201006.17274', '25', '1176073', '2026-03-15 00:56:20', 0, '2026-03-16'
        )
2026-03-15 00:56:20 - Level2 - ✅ INSERT SUCCESSFUL
2026-03-15 00:56:20 - Level3 - Find upline query: SELECT id FROM shonu_subjects WHERE owncode = '116629030908'
2026-03-15 00:56:20 - Level3 - Upline found: 113033
2026-03-15 00:56:20 - Level3 - Insert query: INSERT INTO vyavahara (
            balakedara, ketebida, prakara, purba, bartaman, ayoga, koduvavanu, tiarikala, commission_status, process_date
        ) VALUES (
            '113033', '10000', 'LVLCOMM3', '10539.65049', '10547.65049', '8', '1176073', '2026-03-15 00:56:20', 0, '2026-03-16'
        )
2026-03-15 00:56:20 - Level3 - ✅ INSERT SUCCESSFUL
2026-03-15 00:56:20 - ========== COMMISSION.PHP ENDED ==========

2026-03-15 00:56:44 - ========== COMMISSION.PHP STARTED ==========
2026-03-15 00:56:44 - Bet amount: 1000, User ID: 1176073
2026-03-15 00:56:44 - Level commissions: L1=4, L2=2.5, L3=0.8, L4=0.1, L5=0.05, L6=0.02
2026-03-15 00:56:44 - Codes query: SELECT code, code1, code2, code3, code4, code5 FROM shonu_subjects WHERE id = '1176073'
2026-03-15 00:56:44 - Referral codes: code=7384791175875, code1=400660113602, code2=116629030908, code3=official, code4=, code5=
2026-03-15 00:56:44 - Next process date: 2026-03-16
2026-03-15 00:56:44 - Level1 - Find upline query: SELECT id FROM shonu_subjects WHERE owncode = '7384791175875'
2026-03-15 00:56:44 - Level1 - Upline found: 1175875
2026-03-15 00:56:44 - Level1 - Insert query: INSERT INTO vyavahara (
            balakedara, ketebida, prakara, purba, bartaman, ayoga, koduvavanu, tiarikala, commission_status, process_date
        ) VALUES (
            '1175875', '1000', 'LVLCOMM1', '866', '870', '4', '1176073', '2026-03-15 00:56:44', 0, '2026-03-16'
        )
2026-03-15 00:56:44 - Level1 - ✅ INSERT SUCCESSFUL
2026-03-15 00:56:44 - Level2 - Find upline query: SELECT id FROM shonu_subjects WHERE owncode = '400660113602'
2026-03-15 00:56:44 - Level2 - Upline found: 113607
2026-03-15 00:56:44 - Level2 - Insert query: INSERT INTO vyavahara (
            balakedara, ketebida, prakara, purba, bartaman, ayoga, koduvavanu, tiarikala, commission_status, process_date
        ) VALUES (
            '113607', '1000', 'LVLCOMM2', '19200981.17274', '19200983.67274', '2.5', '1176073', '2026-03-15 00:56:44', 0, '2026-03-16'
        )
2026-03-15 00:56:44 - Level2 - ✅ INSERT SUCCESSFUL
2026-03-15 00:56:44 - Level3 - Find upline query: SELECT id FROM shonu_subjects WHERE owncode = '116629030908'
2026-03-15 00:56:44 - Level3 - Upline found: 113033
2026-03-15 00:56:44 - Level3 - Insert query: INSERT INTO vyavahara (
            balakedara, ketebida, prakara, purba, bartaman, ayoga, koduvavanu, tiarikala, commission_status, process_date
        ) VALUES (
            '113033', '1000', 'LVLCOMM3', '10539.65049', '10540.45049', '0.8', '1176073', '2026-03-15 00:56:44', 0, '2026-03-16'
        )
2026-03-15 00:56:44 - Level3 - ✅ INSERT SUCCESSFUL
2026-03-15 00:56:44 - ========== COMMISSION.PHP ENDED ==========

2026-03-15 01:05:13 - ========== COMMISSION.PHP STARTED ==========
2026-03-15 01:05:13 - Bet amount: 50000, User ID: 1176073
2026-03-15 01:05:13 - Level commissions: L1=200, L2=125, L3=40, L4=5, L5=2.5, L6=1
2026-03-15 01:05:13 - Codes query: SELECT code, code1, code2, code3, code4, code5 FROM shonu_subjects WHERE id = '1176073'
2026-03-15 01:05:13 - Referral codes: code=7384791175875, code1=400660113602, code2=116629030908, code3=official, code4=, code5=
2026-03-15 01:05:13 - Next process date: 2026-03-16
2026-03-15 01:05:13 - Level1 - Find upline query: SELECT id FROM shonu_subjects WHERE owncode = '7384791175875'
2026-03-15 01:05:13 - Level1 - Upline found: 1175875
2026-03-15 01:05:13 - Level1 - Insert query: INSERT INTO vyavahara (
            balakedara, ketebida, prakara, purba, bartaman, ayoga, koduvavanu, tiarikala, commission_status, process_date
        ) VALUES (
            '1175875', '50000', 'LVLCOMM1', '0', '200', '200', '1176073', '2026-03-15 01:05:13', 0, '2026-03-16'
        )
2026-03-15 01:05:13 - Level1 - ✅ INSERT SUCCESSFUL
2026-03-15 01:05:13 - Level2 - Find upline query: SELECT id FROM shonu_subjects WHERE owncode = '400660113602'
2026-03-15 01:05:13 - Level2 - Upline found: 113607
2026-03-15 01:05:13 - Level2 - Insert query: INSERT INTO vyavahara (
            balakedara, ketebida, prakara, purba, bartaman, ayoga, koduvavanu, tiarikala, commission_status, process_date
        ) VALUES (
            '113607', '50000', 'LVLCOMM2', '19200981.17274', '19201106.17274', '125', '1176073', '2026-03-15 01:05:13', 0, '2026-03-16'
        )
2026-03-15 01:05:13 - Level2 - ✅ INSERT SUCCESSFUL
2026-03-15 01:05:13 - Level3 - Find upline query: SELECT id FROM shonu_subjects WHERE owncode = '116629030908'
2026-03-15 01:05:13 - Level3 - Upline found: 113033
2026-03-15 01:05:13 - Level3 - Insert query: INSERT INTO vyavahara (
            balakedara, ketebida, prakara, purba, bartaman, ayoga, koduvavanu, tiarikala, commission_status, process_date
        ) VALUES (
            '113033', '50000', 'LVLCOMM3', '10539.65049', '10579.65049', '40', '1176073', '2026-03-15 01:05:13', 0, '2026-03-16'
        )
2026-03-15 01:05:13 - Level3 - ✅ INSERT SUCCESSFUL
2026-03-15 01:05:13 - ========== COMMISSION.PHP ENDED ==========

2026-03-15 01:07:15 - ========== COMMISSION.PHP STARTED ==========
2026-03-15 01:07:15 - Bet amount: 10000, User ID: 1176073
2026-03-15 01:07:15 - Level commissions: L1=40, L2=25, L3=8, L4=1, L5=0.5, L6=0.2
2026-03-15 01:07:15 - Codes query: SELECT code, code1, code2, code3, code4, code5 FROM shonu_subjects WHERE id = '1176073'
2026-03-15 01:07:15 - Referral codes: code=7384791175875, code1=400660113602, code2=116629030908, code3=official, code4=, code5=
2026-03-15 01:07:15 - Next process date: 2026-03-16
2026-03-15 01:07:15 - Level1 - Find upline query: SELECT id FROM shonu_subjects WHERE owncode = '7384791175875'
2026-03-15 01:07:15 - Level1 - Upline found: 1175875
2026-03-15 01:07:15 - Level1 - Insert query: INSERT INTO vyavahara (
            balakedara, ketebida, prakara, purba, bartaman, ayoga, koduvavanu, tiarikala, commission_status, process_date
        ) VALUES (
            '1175875', '10000', 'LVLCOMM1', '0', '40', '40', '1176073', '2026-03-15 01:07:15', 0, '2026-03-16'
        )
2026-03-15 01:07:15 - Level1 - ✅ INSERT SUCCESSFUL
2026-03-15 01:07:15 - Level2 - Find upline query: SELECT id FROM shonu_subjects WHERE owncode = '400660113602'
2026-03-15 01:07:15 - Level2 - Upline found: 113607
2026-03-15 01:07:15 - Level2 - Insert query: INSERT INTO vyavahara (
            balakedara, ketebida, prakara, purba, bartaman, ayoga, koduvavanu, tiarikala, commission_status, process_date
        ) VALUES (
            '113607', '10000', 'LVLCOMM2', '19200981.17274', '19201006.17274', '25', '1176073', '2026-03-15 01:07:15', 0, '2026-03-16'
        )
2026-03-15 01:07:15 - Level2 - ✅ INSERT SUCCESSFUL
2026-03-15 01:07:15 - Level3 - Find upline query: SELECT id FROM shonu_subjects WHERE owncode = '116629030908'
2026-03-15 01:07:15 - Level3 - Upline found: 113033
2026-03-15 01:07:15 - Level3 - Insert query: INSERT INTO vyavahara (
            balakedara, ketebida, prakara, purba, bartaman, ayoga, koduvavanu, tiarikala, commission_status, process_date
        ) VALUES (
            '113033', '10000', 'LVLCOMM3', '10539.65049', '10547.65049', '8', '1176073', '2026-03-15 01:07:15', 0, '2026-03-16'
        )
2026-03-15 01:07:15 - Level3 - ✅ INSERT SUCCESSFUL
2026-03-15 01:07:15 - ========== COMMISSION.PHP ENDED ==========

2026-03-15 01:07:54 - ========== COMMISSION.PHP STARTED ==========
2026-03-15 01:07:54 - Bet amount: 50000, User ID: 1176073
2026-03-15 01:07:54 - Level commissions: L1=200, L2=125, L3=40, L4=5, L5=2.5, L6=1
2026-03-15 01:07:54 - Codes query: SELECT code, code1, code2, code3, code4, code5 FROM shonu_subjects WHERE id = '1176073'
2026-03-15 01:07:54 - Referral codes: code=7384791175875, code1=400660113602, code2=116629030908, code3=official, code4=, code5=
2026-03-15 01:07:54 - Next process date: 2026-03-16
2026-03-15 01:07:54 - Level1 - Find upline query: SELECT id FROM shonu_subjects WHERE owncode = '7384791175875'
2026-03-15 01:07:54 - Level1 - Upline found: 1175875
2026-03-15 01:07:54 - Level1 - Insert query: INSERT INTO vyavahara (
            balakedara, ketebida, prakara, purba, bartaman, ayoga, koduvavanu, tiarikala, commission_status, process_date
        ) VALUES (
            '1175875', '50000', 'LVLCOMM1', '0', '200', '200', '1176073', '2026-03-15 01:07:54', 0, '2026-03-16'
        )
2026-03-15 01:07:54 - Level1 - ✅ INSERT SUCCESSFUL
2026-03-15 01:07:54 - Level2 - Find upline query: SELECT id FROM shonu_subjects WHERE owncode = '400660113602'
2026-03-15 01:07:54 - Level2 - Upline found: 113607
2026-03-15 01:07:54 - Level2 - Insert query: INSERT INTO vyavahara (
            balakedara, ketebida, prakara, purba, bartaman, ayoga, koduvavanu, tiarikala, commission_status, process_date
        ) VALUES (
            '113607', '50000', 'LVLCOMM2', '19200981.17274', '19201106.17274', '125', '1176073', '2026-03-15 01:07:54', 0, '2026-03-16'
        )
2026-03-15 01:07:54 - Level2 - ✅ INSERT SUCCESSFUL
2026-03-15 01:07:54 - Level3 - Find upline query: SELECT id FROM shonu_subjects WHERE owncode = '116629030908'
2026-03-15 01:07:54 - Level3 - Upline found: 113033
2026-03-15 01:07:54 - Level3 - Insert query: INSERT INTO vyavahara (
            balakedara, ketebida, prakara, purba, bartaman, ayoga, koduvavanu, tiarikala, commission_status, process_date
        ) VALUES (
            '113033', '50000', 'LVLCOMM3', '10539.65049', '10579.65049', '40', '1176073', '2026-03-15 01:07:54', 0, '2026-03-16'
        )
2026-03-15 01:07:54 - Level3 - ✅ INSERT SUCCESSFUL
2026-03-15 01:07:54 - ========== COMMISSION.PHP ENDED ==========

2026-03-15 01:08:17 - ========== COMMISSION.PHP STARTED ==========
2026-03-15 01:08:17 - Bet amount: 10000, User ID: 1176073
2026-03-15 01:08:17 - Level commissions: L1=40, L2=25, L3=8, L4=1, L5=0.5, L6=0.2
2026-03-15 01:08:17 - Codes query: SELECT code, code1, code2, code3, code4, code5 FROM shonu_subjects WHERE id = '1176073'
2026-03-15 01:08:17 - Referral codes: code=7384791175875, code1=400660113602, code2=116629030908, code3=official, code4=, code5=
2026-03-15 01:08:17 - Next process date: 2026-03-16
2026-03-15 01:08:17 - Level1 - Find upline query: SELECT id FROM shonu_subjects WHERE owncode = '7384791175875'
2026-03-15 01:08:17 - Level1 - Upline found: 1175875
2026-03-15 01:08:17 - Level1 - Insert query: INSERT INTO vyavahara (
            balakedara, ketebida, prakara, purba, bartaman, ayoga, koduvavanu, tiarikala, commission_status, process_date
        ) VALUES (
            '1175875', '10000', 'LVLCOMM1', '0', '40', '40', '1176073', '2026-03-15 01:08:17', 0, '2026-03-16'
        )
2026-03-15 01:08:17 - Level1 - ✅ INSERT SUCCESSFUL
2026-03-15 01:08:17 - Level2 - Find upline query: SELECT id FROM shonu_subjects WHERE owncode = '400660113602'
2026-03-15 01:08:17 - Level2 - Upline found: 113607
2026-03-15 01:08:17 - Level2 - Insert query: INSERT INTO vyavahara (
            balakedara, ketebida, prakara, purba, bartaman, ayoga, koduvavanu, tiarikala, commission_status, process_date
        ) VALUES (
            '113607', '10000', 'LVLCOMM2', '19200981.17274', '19201006.17274', '25', '1176073', '2026-03-15 01:08:17', 0, '2026-03-16'
        )
2026-03-15 01:08:17 - Level2 - ✅ INSERT SUCCESSFUL
2026-03-15 01:08:17 - Level3 - Find upline query: SELECT id FROM shonu_subjects WHERE owncode = '116629030908'
2026-03-15 01:08:17 - Level3 - Upline found: 113033
2026-03-15 01:08:17 - Level3 - Insert query: INSERT INTO vyavahara (
            balakedara, ketebida, prakara, purba, bartaman, ayoga, koduvavanu, tiarikala, commission_status, process_date
        ) VALUES (
            '113033', '10000', 'LVLCOMM3', '10539.65049', '10547.65049', '8', '1176073', '2026-03-15 01:08:17', 0, '2026-03-16'
        )
2026-03-15 01:08:17 - Level3 - ✅ INSERT SUCCESSFUL
2026-03-15 01:08:17 - ========== COMMISSION.PHP ENDED ==========

2026-03-15 00:39:39 - ========== COMMISSION.PHP STARTED ==========
2026-03-15 00:39:39 - Bet amount: 10, User ID: 1176073
2026-03-15 00:39:39 - Level commissions: L1=0.04, L2=0.025, L3=0.008, L4=0.001, L5=0.0005, L6=0.0002
2026-03-15 00:39:39 - Codes query: SELECT code, code1, code2, code3, code4, code5 FROM shonu_subjects WHERE id = '1176073'
2026-03-15 00:39:39 - Referral codes: code=7384791175875, code1=400660113602, code2=116629030908, code3=official, code4=, code5=
2026-03-15 00:39:39 - Next process date: 2026-03-16
2026-03-15 00:39:39 - Level1 - Find upline query: SELECT id FROM shonu_subjects WHERE owncode = '7384791175875'
2026-03-15 00:39:39 - Level1 - Upline found: 1175875
2026-03-15 00:39:39 - Level1 - Insert query: INSERT INTO vyavahara (
            balakedara, ketebida, prakara, purba, bartaman, ayoga, koduvavanu, tiarikala, commission_status, process_date
        ) VALUES (
            '1175875', '10', 'LVLCOMM1', '0', '0.04', '0.04', '1176073', '2026-03-15 00:39:39', 0, '2026-03-16'
        )
2026-03-15 00:39:39 - Level1 - ✅ INSERT SUCCESSFUL
2026-03-15 00:39:39 - Level2 - Find upline query: SELECT id FROM shonu_subjects WHERE owncode = '400660113602'
2026-03-15 00:39:39 - Level2 - Upline found: 113607
2026-03-15 00:39:39 - Level2 - Insert query: INSERT INTO vyavahara (
            balakedara, ketebida, prakara, purba, bartaman, ayoga, koduvavanu, tiarikala, commission_status, process_date
        ) VALUES (
            '113607', '10', 'LVLCOMM2', '19200981.17274', '19200981.19774', '0.025', '1176073', '2026-03-15 00:39:39', 0, '2026-03-16'
        )
2026-03-15 00:39:39 - Level2 - ✅ INSERT SUCCESSFUL
2026-03-15 00:39:39 - Level3 - Find upline query: SELECT id FROM shonu_subjects WHERE owncode = '116629030908'
2026-03-15 00:39:39 - Level3 - Upline found: 113033
2026-03-15 00:39:39 - Level3 - Insert query: INSERT INTO vyavahara (
            balakedara, ketebida, prakara, purba, bartaman, ayoga, koduvavanu, tiarikala, commission_status, process_date
        ) VALUES (
            '113033', '10', 'LVLCOMM3', '10539.65049', '10539.65849', '0.008', '1176073', '2026-03-15 00:39:39', 0, '2026-03-16'
        )
2026-03-15 00:39:39 - Level3 - ✅ INSERT SUCCESSFUL
2026-03-15 00:39:39 - ========== COMMISSION.PHP ENDED ==========

2026-03-15 00:40:30 - ========== COMMISSION.PHP STARTED ==========
2026-03-15 00:40:30 - Bet amount: 10, User ID: 1176073
2026-03-15 00:40:30 - Level commissions: L1=0.04, L2=0.025, L3=0.008, L4=0.001, L5=0.0005, L6=0.0002
2026-03-15 00:40:30 - Codes query: SELECT code, code1, code2, code3, code4, code5 FROM shonu_subjects WHERE id = '1176073'
2026-03-15 00:40:30 - Referral codes: code=7384791175875, code1=400660113602, code2=116629030908, code3=official, code4=, code5=
2026-03-15 00:40:30 - Next process date: 2026-03-16
2026-03-15 00:40:30 - Level1 - Find upline query: SELECT id FROM shonu_subjects WHERE owncode = '7384791175875'
2026-03-15 00:40:30 - Level1 - Upline found: 1175875
2026-03-15 00:40:30 - Level1 - Insert query: INSERT INTO vyavahara (
            balakedara, ketebida, prakara, purba, bartaman, ayoga, koduvavanu, tiarikala, commission_status, process_date
        ) VALUES (
            '1175875', '10', 'LVLCOMM1', '0', '0.04', '0.04', '1176073', '2026-03-15 00:40:30', 0, '2026-03-16'
        )
2026-03-15 00:40:30 - Level1 - ✅ INSERT SUCCESSFUL
2026-03-15 00:40:30 - Level2 - Find upline query: SELECT id FROM shonu_subjects WHERE owncode = '400660113602'
2026-03-15 00:40:30 - Level2 - Upline found: 113607
2026-03-15 00:40:30 - Level2 - Insert query: INSERT INTO vyavahara (
            balakedara, ketebida, prakara, purba, bartaman, ayoga, koduvavanu, tiarikala, commission_status, process_date
        ) VALUES (
            '113607', '10', 'LVLCOMM2', '19200981.17274', '19200981.19774', '0.025', '1176073', '2026-03-15 00:40:30', 0, '2026-03-16'
        )
2026-03-15 00:40:30 - Level2 - ✅ INSERT SUCCESSFUL
2026-03-15 00:40:30 - Level3 - Find upline query: SELECT id FROM shonu_subjects WHERE owncode = '116629030908'
2026-03-15 00:40:30 - Level3 - Upline found: 113033
2026-03-15 00:40:30 - Level3 - Insert query: INSERT INTO vyavahara (
            balakedara, ketebida, prakara, purba, bartaman, ayoga, koduvavanu, tiarikala, commission_status, process_date
        ) VALUES (
            '113033', '10', 'LVLCOMM3', '10539.65049', '10539.65849', '0.008', '1176073', '2026-03-15 00:40:30', 0, '2026-03-16'
        )
2026-03-15 00:40:30 - Level3 - ✅ INSERT SUCCESSFUL
2026-03-15 00:40:30 - ========== COMMISSION.PHP ENDED ==========

2026-03-15 00:41:33 - ========== COMMISSION.PHP STARTED ==========
2026-03-15 00:41:33 - Bet amount: 10, User ID: 1176073
2026-03-15 00:41:33 - Level commissions: L1=0.04, L2=0.025, L3=0.008, L4=0.001, L5=0.0005, L6=0.0002
2026-03-15 00:41:33 - Codes query: SELECT code, code1, code2, code3, code4, code5 FROM shonu_subjects WHERE id = '1176073'
2026-03-15 00:41:33 - Referral codes: code=7384791175875, code1=400660113602, code2=116629030908, code3=official, code4=, code5=
2026-03-15 00:41:33 - Next process date: 2026-03-16
2026-03-15 00:41:33 - Level1 - Find upline query: SELECT id FROM shonu_subjects WHERE owncode = '7384791175875'
2026-03-15 00:41:33 - Level1 - Upline found: 1175875
2026-03-15 00:41:33 - Level1 - Insert query: INSERT INTO vyavahara (
            balakedara, ketebida, prakara, purba, bartaman, ayoga, koduvavanu, tiarikala, commission_status, process_date
        ) VALUES (
            '1175875', '10', 'LVLCOMM1', '0', '0.04', '0.04', '1176073', '2026-03-15 00:41:33', 0, '2026-03-16'
        )
2026-03-15 00:41:33 - Level1 - ✅ INSERT SUCCESSFUL
2026-03-15 00:41:33 - Level2 - Find upline query: SELECT id FROM shonu_subjects WHERE owncode = '400660113602'
2026-03-15 00:41:33 - Level2 - Upline found: 113607
2026-03-15 00:41:33 - Level2 - Insert query: INSERT INTO vyavahara (
            balakedara, ketebida, prakara, purba, bartaman, ayoga, koduvavanu, tiarikala, commission_status, process_date
        ) VALUES (
            '113607', '10', 'LVLCOMM2', '19200981.17274', '19200981.19774', '0.025', '1176073', '2026-03-15 00:41:33', 0, '2026-03-16'
        )
2026-03-15 00:41:33 - Level2 - ✅ INSERT SUCCESSFUL
2026-03-15 00:41:33 - Level3 - Find upline query: SELECT id FROM shonu_subjects WHERE owncode = '116629030908'
2026-03-15 00:41:33 - Level3 - Upline found: 113033
2026-03-15 00:41:33 - Level3 - Insert query: INSERT INTO vyavahara (
            balakedara, ketebida, prakara, purba, bartaman, ayoga, koduvavanu, tiarikala, commission_status, process_date
        ) VALUES (
            '113033', '10', 'LVLCOMM3', '10539.65049', '10539.65849', '0.008', '1176073', '2026-03-15 00:41:33', 0, '2026-03-16'
        )
2026-03-15 00:41:33 - Level3 - ✅ INSERT SUCCESSFUL
2026-03-15 00:41:33 - ========== COMMISSION.PHP ENDED ==========

2026-03-15 01:21:44 - ========== COMMISSION.PHP STARTED ==========
2026-03-15 01:21:44 - Bet amount: 1000, User ID: 1175879
2026-03-15 01:21:44 - Level commissions: L1=4, L2=2.5, L3=0.8, L4=0.1, L5=0.05, L6=0.02
2026-03-15 01:21:44 - Codes query: SELECT code, code1, code2, code3, code4, code5 FROM shonu_subjects WHERE id = '1175879'
2026-03-15 01:21:44 - Referral codes: code=7384791175875, code1=400660113602, code2=116629030908, code3=official, code4=, code5=
2026-03-15 01:21:44 - Next process date: 2026-03-16
2026-03-15 01:21:44 - Level1 - Find upline query: SELECT id FROM shonu_subjects WHERE owncode = '7384791175875'
2026-03-15 01:21:44 - Level1 - Upline found: 1175875
2026-03-15 01:21:44 - Level1 - Insert query: INSERT INTO vyavahara (
            balakedara, ketebida, prakara, purba, bartaman, ayoga, koduvavanu, tiarikala, commission_status, process_date
        ) VALUES (
            '1175875', '1000', 'LVLCOMM1', '0', '4', '4', '1175879', '2026-03-15 01:21:44', 0, '2026-03-16'
        )
2026-03-15 01:21:44 - Level1 - ✅ INSERT SUCCESSFUL
2026-03-15 01:21:44 - Level2 - Find upline query: SELECT id FROM shonu_subjects WHERE owncode = '400660113602'
2026-03-15 01:21:44 - Level2 - Upline found: 113607
2026-03-15 01:21:44 - Level2 - Insert query: INSERT INTO vyavahara (
            balakedara, ketebida, prakara, purba, bartaman, ayoga, koduvavanu, tiarikala, commission_status, process_date
        ) VALUES (
            '113607', '1000', 'LVLCOMM2', '19200981.17274', '19200983.67274', '2.5', '1175879', '2026-03-15 01:21:44', 0, '2026-03-16'
        )
2026-03-15 01:21:44 - Level2 - ✅ INSERT SUCCESSFUL
2026-03-15 01:21:44 - Level3 - Find upline query: SELECT id FROM shonu_subjects WHERE owncode = '116629030908'
2026-03-15 01:21:44 - Level3 - Upline found: 113033
2026-03-15 01:21:44 - Level3 - Insert query: INSERT INTO vyavahara (
            balakedara, ketebida, prakara, purba, bartaman, ayoga, koduvavanu, tiarikala, commission_status, process_date
        ) VALUES (
            '113033', '1000', 'LVLCOMM3', '10539.65049', '10540.45049', '0.8', '1175879', '2026-03-15 01:21:44', 0, '2026-03-16'
        )
2026-03-15 01:21:44 - Level3 - ✅ INSERT SUCCESSFUL
2026-03-15 01:21:44 - ========== COMMISSION.PHP ENDED ==========

2026-03-15 07:10:40 - ========== COMMISSION.PHP STARTED ==========
2026-03-15 07:10:40 - Bet amount: 100, User ID: 1175879
2026-03-15 07:10:40 - Level commissions: L1=0.4, L2=0.25, L3=0.08, L4=0.01, L5=0.005, L6=0.002
2026-03-15 07:10:40 - Codes query: SELECT code, code1, code2, code3, code4, code5 FROM shonu_subjects WHERE id = '1175879'
2026-03-15 07:10:40 - Referral codes: code=7384791175875, code1=400660113602, code2=116629030908, code3=official, code4=, code5=
2026-03-15 07:10:40 - Next process date: 2026-03-16
2026-03-15 07:10:40 - Level1 - Find upline query: SELECT id FROM shonu_subjects WHERE owncode = '7384791175875'
2026-03-15 07:10:40 - Level1 - Upline found: 1175875
2026-03-15 07:10:40 - Level1 - Insert query: INSERT INTO vyavahara (
            balakedara, ketebida, prakara, purba, bartaman, ayoga, koduvavanu, tiarikala, commission_status, process_date
        ) VALUES (
            '1175875', '100', 'LVLCOMM1', '6038.764', '6039.164', '0.4', '1175879', '2026-03-15 07:10:40', 0, '2026-03-16'
        )
2026-03-15 07:10:40 - Level1 - ✅ INSERT SUCCESSFUL
2026-03-15 07:10:40 - Level2 - Find upline query: SELECT id FROM shonu_subjects WHERE owncode = '400660113602'
2026-03-15 07:10:40 - Level2 - Upline found: 113607
2026-03-15 07:10:40 - Level2 - Insert query: INSERT INTO vyavahara (
            balakedara, ketebida, prakara, purba, bartaman, ayoga, koduvavanu, tiarikala, commission_status, process_date
        ) VALUES (
            '113607', '100', 'LVLCOMM2', '19204765.83085', '19204766.08085', '0.25', '1175879', '2026-03-15 07:10:40', 0, '2026-03-16'
        )
2026-03-15 07:10:40 - Level2 - ✅ INSERT SUCCESSFUL
2026-03-15 07:10:40 - Level3 - Find upline query: SELECT id FROM shonu_subjects WHERE owncode = '116629030908'
2026-03-15 07:10:40 - Level3 - Upline found: 113033
2026-03-15 07:10:40 - Level3 - Insert query: INSERT INTO vyavahara (
            balakedara, ketebida, prakara, purba, bartaman, ayoga, koduvavanu, tiarikala, commission_status, process_date
        ) VALUES (
            '113033', '100', 'LVLCOMM3', '11751.89525', '11751.97525', '0.08', '1175879', '2026-03-15 07:10:40', 0, '2026-03-16'
        )
2026-03-15 07:10:40 - Level3 - ✅ INSERT SUCCESSFUL
2026-03-15 07:10:40 - ========== COMMISSION.PHP ENDED ==========

2026-03-15 07:11:21 - ========== COMMISSION.PHP STARTED ==========
2026-03-15 07:11:21 - Bet amount: 177, User ID: 1175879
2026-03-15 07:11:21 - Level commissions: L1=0.708, L2=0.4425, L3=0.1416, L4=0.0177, L5=0.00885, L6=0.00354
2026-03-15 07:11:21 - Codes query: SELECT code, code1, code2, code3, code4, code5 FROM shonu_subjects WHERE id = '1175879'
2026-03-15 07:11:21 - Referral codes: code=7384791175875, code1=400660113602, code2=116629030908, code3=official, code4=, code5=
2026-03-15 07:11:21 - Next process date: 2026-03-16
2026-03-15 07:11:21 - Level1 - Find upline query: SELECT id FROM shonu_subjects WHERE owncode = '7384791175875'
2026-03-15 07:11:21 - Level1 - Upline found: 1175875
2026-03-15 07:11:21 - Level1 - Insert query: INSERT INTO vyavahara (
            balakedara, ketebida, prakara, purba, bartaman, ayoga, koduvavanu, tiarikala, commission_status, process_date
        ) VALUES (
            '1175875', '177', 'LVLCOMM1', '6038.764', '6039.472', '0.708', '1175879', '2026-03-15 07:11:21', 0, '2026-03-16'
        )
2026-03-15 07:11:21 - Level1 - ✅ INSERT SUCCESSFUL
2026-03-15 07:11:21 - Level2 - Find upline query: SELECT id FROM shonu_subjects WHERE owncode = '400660113602'
2026-03-15 07:11:21 - Level2 - Upline found: 113607
2026-03-15 07:11:21 - Level2 - Insert query: INSERT INTO vyavahara (
            balakedara, ketebida, prakara, purba, bartaman, ayoga, koduvavanu, tiarikala, commission_status, process_date
        ) VALUES (
            '113607', '177', 'LVLCOMM2', '19204765.83085', '19204766.27335', '0.4425', '1175879', '2026-03-15 07:11:21', 0, '2026-03-16'
        )
2026-03-15 07:11:21 - Level2 - ✅ INSERT SUCCESSFUL
2026-03-15 07:11:21 - Level3 - Find upline query: SELECT id FROM shonu_subjects WHERE owncode = '116629030908'
2026-03-15 07:11:21 - Level3 - Upline found: 113033
2026-03-15 07:11:21 - Level3 - Insert query: INSERT INTO vyavahara (
            balakedara, ketebida, prakara, purba, bartaman, ayoga, koduvavanu, tiarikala, commission_status, process_date
        ) VALUES (
            '113033', '177', 'LVLCOMM3', '11751.89525', '11752.03685', '0.1416', '1175879', '2026-03-15 07:11:21', 0, '2026-03-16'
        )
2026-03-15 07:11:21 - Level3 - ✅ INSERT SUCCESSFUL
2026-03-15 07:11:21 - ========== COMMISSION.PHP ENDED ==========

2026-03-15 07:11:52 - ========== COMMISSION.PHP STARTED ==========
2026-03-15 07:11:52 - Bet amount: 100, User ID: 1175879
2026-03-15 07:11:52 - Level commissions: L1=0.4, L2=0.25, L3=0.08, L4=0.01, L5=0.005, L6=0.002
2026-03-15 07:11:52 - Codes query: SELECT code, code1, code2, code3, code4, code5 FROM shonu_subjects WHERE id = '1175879'
2026-03-15 07:11:52 - Referral codes: code=7384791175875, code1=400660113602, code2=116629030908, code3=official, code4=, code5=
2026-03-15 07:11:52 - Next process date: 2026-03-16
2026-03-15 07:11:52 - Level1 - Find upline query: SELECT id FROM shonu_subjects WHERE owncode = '7384791175875'
2026-03-15 07:11:52 - Level1 - Upline found: 1175875
2026-03-15 07:11:52 - Level1 - Insert query: INSERT INTO vyavahara (
            balakedara, ketebida, prakara, purba, bartaman, ayoga, koduvavanu, tiarikala, commission_status, process_date
        ) VALUES (
            '1175875', '100', 'LVLCOMM1', '6038.764', '6039.164', '0.4', '1175879', '2026-03-15 07:11:52', 0, '2026-03-16'
        )
2026-03-15 07:11:52 - Level1 - ✅ INSERT SUCCESSFUL
2026-03-15 07:11:52 - Level2 - Find upline query: SELECT id FROM shonu_subjects WHERE owncode = '400660113602'
2026-03-15 07:11:52 - Level2 - Upline found: 113607
2026-03-15 07:11:52 - Level2 - Insert query: INSERT INTO vyavahara (
            balakedara, ketebida, prakara, purba, bartaman, ayoga, koduvavanu, tiarikala, commission_status, process_date
        ) VALUES (
            '113607', '100', 'LVLCOMM2', '19204765.83085', '19204766.08085', '0.25', '1175879', '2026-03-15 07:11:52', 0, '2026-03-16'
        )
2026-03-15 07:11:52 - Level2 - ✅ INSERT SUCCESSFUL
2026-03-15 07:11:52 - Level3 - Find upline query: SELECT id FROM shonu_subjects WHERE owncode = '116629030908'
2026-03-15 07:11:52 - Level3 - Upline found: 113033
2026-03-15 07:11:52 - Level3 - Insert query: INSERT INTO vyavahara (
            balakedara, ketebida, prakara, purba, bartaman, ayoga, koduvavanu, tiarikala, commission_status, process_date
        ) VALUES (
            '113033', '100', 'LVLCOMM3', '11751.89525', '11751.97525', '0.08', '1175879', '2026-03-15 07:11:52', 0, '2026-03-16'
        )
2026-03-15 07:11:52 - Level3 - ✅ INSERT SUCCESSFUL
2026-03-15 07:11:52 - ========== COMMISSION.PHP ENDED ==========

2026-03-15 07:12:22 - ========== COMMISSION.PHP STARTED ==========
2026-03-15 07:12:22 - Bet amount: 100, User ID: 1175879
2026-03-15 07:12:22 - Level commissions: L1=0.4, L2=0.25, L3=0.08, L4=0.01, L5=0.005, L6=0.002
2026-03-15 07:12:22 - Codes query: SELECT code, code1, code2, code3, code4, code5 FROM shonu_subjects WHERE id = '1175879'
2026-03-15 07:12:22 - Referral codes: code=7384791175875, code1=400660113602, code2=116629030908, code3=official, code4=, code5=
2026-03-15 07:12:22 - Next process date: 2026-03-16
2026-03-15 07:12:22 - Level1 - Find upline query: SELECT id FROM shonu_subjects WHERE owncode = '7384791175875'
2026-03-15 07:12:22 - Level1 - Upline found: 1175875
2026-03-15 07:12:22 - Level1 - Insert query: INSERT INTO vyavahara (
            balakedara, ketebida, prakara, purba, bartaman, ayoga, koduvavanu, tiarikala, commission_status, process_date
        ) VALUES (
            '1175875', '100', 'LVLCOMM1', '6038.764', '6039.164', '0.4', '1175879', '2026-03-15 07:12:22', 0, '2026-03-16'
        )
2026-03-15 07:12:22 - Level1 - ✅ INSERT SUCCESSFUL
2026-03-15 07:12:22 - Level2 - Find upline query: SELECT id FROM shonu_subjects WHERE owncode = '400660113602'
2026-03-15 07:12:22 - Level2 - Upline found: 113607
2026-03-15 07:12:22 - Level2 - Insert query: INSERT INTO vyavahara (
            balakedara, ketebida, prakara, purba, bartaman, ayoga, koduvavanu, tiarikala, commission_status, process_date
        ) VALUES (
            '113607', '100', 'LVLCOMM2', '19204765.83085', '19204766.08085', '0.25', '1175879', '2026-03-15 07:12:22', 0, '2026-03-16'
        )
2026-03-15 07:12:22 - Level2 - ✅ INSERT SUCCESSFUL
2026-03-15 07:12:22 - Level3 - Find upline query: SELECT id FROM shonu_subjects WHERE owncode = '116629030908'
2026-03-15 07:12:22 - Level3 - Upline found: 113033
2026-03-15 07:12:22 - Level3 - Insert query: INSERT INTO vyavahara (
            balakedara, ketebida, prakara, purba, bartaman, ayoga, koduvavanu, tiarikala, commission_status, process_date
        ) VALUES (
            '113033', '100', 'LVLCOMM3', '11751.89525', '11751.97525', '0.08', '1175879', '2026-03-15 07:12:22', 0, '2026-03-16'
        )
2026-03-15 07:12:22 - Level3 - ✅ INSERT SUCCESSFUL
2026-03-15 07:12:22 - ========== COMMISSION.PHP ENDED ==========

2026-03-15 07:12:44 - ========== COMMISSION.PHP STARTED ==========
2026-03-15 07:12:44 - Bet amount: 146, User ID: 1175879
2026-03-15 07:12:44 - Level commissions: L1=0.584, L2=0.365, L3=0.1168, L4=0.0146, L5=0.0073, L6=0.00292
2026-03-15 07:12:44 - Codes query: SELECT code, code1, code2, code3, code4, code5 FROM shonu_subjects WHERE id = '1175879'
2026-03-15 07:12:44 - Referral codes: code=7384791175875, code1=400660113602, code2=116629030908, code3=official, code4=, code5=
2026-03-15 07:12:44 - Next process date: 2026-03-16
2026-03-15 07:12:44 - Level1 - Find upline query: SELECT id FROM shonu_subjects WHERE owncode = '7384791175875'
2026-03-15 07:12:44 - Level1 - Upline found: 1175875
2026-03-15 07:12:44 - Level1 - Insert query: INSERT INTO vyavahara (
            balakedara, ketebida, prakara, purba, bartaman, ayoga, koduvavanu, tiarikala, commission_status, process_date
        ) VALUES (
            '1175875', '146', 'LVLCOMM1', '6038.764', '6039.348', '0.584', '1175879', '2026-03-15 07:12:44', 0, '2026-03-16'
        )
2026-03-15 07:12:44 - Level1 - ✅ INSERT SUCCESSFUL
2026-03-15 07:12:44 - Level2 - Find upline query: SELECT id FROM shonu_subjects WHERE owncode = '400660113602'
2026-03-15 07:12:44 - Level2 - Upline found: 113607
2026-03-15 07:12:44 - Level2 - Insert query: INSERT INTO vyavahara (
            balakedara, ketebida, prakara, purba, bartaman, ayoga, koduvavanu, tiarikala, commission_status, process_date
        ) VALUES (
            '113607', '146', 'LVLCOMM2', '19204765.83085', '19204766.19585', '0.365', '1175879', '2026-03-15 07:12:44', 0, '2026-03-16'
        )
2026-03-15 07:12:44 - Level2 - ✅ INSERT SUCCESSFUL
2026-03-15 07:12:44 - Level3 - Find upline query: SELECT id FROM shonu_subjects WHERE owncode = '116629030908'
2026-03-15 07:12:44 - Level3 - Upline found: 113033
2026-03-15 07:12:44 - Level3 - Insert query: INSERT INTO vyavahara (
            balakedara, ketebida, prakara, purba, bartaman, ayoga, koduvavanu, tiarikala, commission_status, process_date
        ) VALUES (
            '113033', '146', 'LVLCOMM3', '11751.89525', '11752.01205', '0.1168', '1175879', '2026-03-15 07:12:44', 0, '2026-03-16'
        )
2026-03-15 07:12:44 - Level3 - ✅ INSERT SUCCESSFUL
2026-03-15 07:12:44 - ========== COMMISSION.PHP ENDED ==========

2026-03-15 22:02:19 - ========== COMMISSION.PHP STARTED ==========
2026-03-15 22:02:19 - Bet amount: 1000, User ID: 1175915
2026-03-15 22:02:19 - Level commissions: L1=4, L2=2.5, L3=0.8, L4=0.1, L5=0.05, L6=0.02
2026-03-15 22:02:19 - Codes query: SELECT code, code1, code2, code3, code4, code5 FROM shonu_subjects WHERE id = '1175915'
2026-03-15 22:02:19 - Referral codes: code=7384791175875, code1=400660113602, code2=116629030908, code3=official, code4=, code5=
2026-03-15 22:02:19 - Next process date: 2026-03-16
2026-03-15 22:02:19 - Level1 - Find upline query: SELECT id FROM shonu_subjects WHERE owncode = '7384791175875'
2026-03-15 22:02:19 - Level1 - Upline found: 1175875
2026-03-15 22:02:19 - Level1 - Insert query: INSERT INTO vyavahara (
            balakedara, ketebida, prakara, purba, bartaman, ayoga, koduvavanu, tiarikala, commission_status, process_date
        ) VALUES (
            '1175875', '1000', 'LVLCOMM1', '6038.764', '6042.764', '4', '1175915', '2026-03-15 22:02:19', 0, '2026-03-16'
        )
2026-03-15 22:02:19 - Level1 - ✅ INSERT SUCCESSFUL
2026-03-15 22:02:19 - Level2 - Find upline query: SELECT id FROM shonu_subjects WHERE owncode = '400660113602'
2026-03-15 22:02:19 - Level2 - Upline found: 113607
2026-03-15 22:02:19 - Level2 - Insert query: INSERT INTO vyavahara (
            balakedara, ketebida, prakara, purba, bartaman, ayoga, koduvavanu, tiarikala, commission_status, process_date
        ) VALUES (
            '113607', '1000', 'LVLCOMM2', '0', '2.5', '2.5', '1175915', '2026-03-15 22:02:19', 0, '2026-03-16'
        )
2026-03-15 22:02:19 - Level2 - ✅ INSERT SUCCESSFUL
2026-03-15 22:02:19 - Level3 - Find upline query: SELECT id FROM shonu_subjects WHERE owncode = '116629030908'
2026-03-15 22:02:19 - Level3 - Upline found: 113033
2026-03-15 22:02:19 - Level3 - Insert query: INSERT INTO vyavahara (
            balakedara, ketebida, prakara, purba, bartaman, ayoga, koduvavanu, tiarikala, commission_status, process_date
        ) VALUES (
            '113033', '1000', 'LVLCOMM3', '11751.89525', '11752.69525', '0.8', '1175915', '2026-03-15 22:02:19', 0, '2026-03-16'
        )
2026-03-15 22:02:19 - Level3 - ✅ INSERT SUCCESSFUL
2026-03-15 22:02:19 - ========== COMMISSION.PHP ENDED ==========

2026-03-15 22:02:56 - ========== COMMISSION.PHP STARTED ==========
2026-03-15 22:02:56 - Bet amount: 2000, User ID: 1175915
2026-03-15 22:02:56 - Level commissions: L1=8, L2=5, L3=1.6, L4=0.2, L5=0.1, L6=0.04
2026-03-15 22:02:56 - Codes query: SELECT code, code1, code2, code3, code4, code5 FROM shonu_subjects WHERE id = '1175915'
2026-03-15 22:02:56 - Referral codes: code=7384791175875, code1=400660113602, code2=116629030908, code3=official, code4=, code5=
2026-03-15 22:02:56 - Next process date: 2026-03-16
2026-03-15 22:02:56 - Level1 - Find upline query: SELECT id FROM shonu_subjects WHERE owncode = '7384791175875'
2026-03-15 22:02:56 - Level1 - Upline found: 1175875
2026-03-15 22:02:56 - Level1 - Insert query: INSERT INTO vyavahara (
            balakedara, ketebida, prakara, purba, bartaman, ayoga, koduvavanu, tiarikala, commission_status, process_date
        ) VALUES (
            '1175875', '2000', 'LVLCOMM1', '6038.764', '6046.764', '8', '1175915', '2026-03-15 22:02:55', 0, '2026-03-16'
        )
2026-03-15 22:02:56 - Level1 - ✅ INSERT SUCCESSFUL
2026-03-15 22:02:56 - Level2 - Find upline query: SELECT id FROM shonu_subjects WHERE owncode = '400660113602'
2026-03-15 22:02:56 - Level2 - Upline found: 113607
2026-03-15 22:02:56 - Level2 - Insert query: INSERT INTO vyavahara (
            balakedara, ketebida, prakara, purba, bartaman, ayoga, koduvavanu, tiarikala, commission_status, process_date
        ) VALUES (
            '113607', '2000', 'LVLCOMM2', '0', '5', '5', '1175915', '2026-03-15 22:02:55', 0, '2026-03-16'
        )
2026-03-15 22:02:56 - Level2 - ✅ INSERT SUCCESSFUL
2026-03-15 22:02:56 - Level3 - Find upline query: SELECT id FROM shonu_subjects WHERE owncode = '116629030908'
2026-03-15 22:02:56 - Level3 - Upline found: 113033
2026-03-15 22:02:56 - Level3 - Insert query: INSERT INTO vyavahara (
            balakedara, ketebida, prakara, purba, bartaman, ayoga, koduvavanu, tiarikala, commission_status, process_date
        ) VALUES (
            '113033', '2000', 'LVLCOMM3', '11751.89525', '11753.49525', '1.6', '1175915', '2026-03-15 22:02:55', 0, '2026-03-16'
        )
2026-03-15 22:02:56 - Level3 - ✅ INSERT SUCCESSFUL
2026-03-15 22:02:56 - ========== COMMISSION.PHP ENDED ==========

2026-03-15 22:03:11 - ========== COMMISSION.PHP STARTED ==========
2026-03-15 22:03:11 - Bet amount: 1000, User ID: 1175915
2026-03-15 22:03:11 - Level commissions: L1=4, L2=2.5, L3=0.8, L4=0.1, L5=0.05, L6=0.02
2026-03-15 22:03:11 - Codes query: SELECT code, code1, code2, code3, code4, code5 FROM shonu_subjects WHERE id = '1175915'
2026-03-15 22:03:11 - Referral codes: code=7384791175875, code1=400660113602, code2=116629030908, code3=official, code4=, code5=
2026-03-15 22:03:11 - Next process date: 2026-03-16
2026-03-15 22:03:11 - Level1 - Find upline query: SELECT id FROM shonu_subjects WHERE owncode = '7384791175875'
2026-03-15 22:03:11 - Level1 - Upline found: 1175875
2026-03-15 22:03:11 - Level1 - Insert query: INSERT INTO vyavahara (
            balakedara, ketebida, prakara, purba, bartaman, ayoga, koduvavanu, tiarikala, commission_status, process_date
        ) VALUES (
            '1175875', '1000', 'LVLCOMM1', '6038.764', '6042.764', '4', '1175915', '2026-03-15 22:03:11', 0, '2026-03-16'
        )
2026-03-15 22:03:11 - Level1 - ✅ INSERT SUCCESSFUL
2026-03-15 22:03:11 - Level2 - Find upline query: SELECT id FROM shonu_subjects WHERE owncode = '400660113602'
2026-03-15 22:03:11 - Level2 - Upline found: 113607
2026-03-15 22:03:11 - Level2 - Insert query: INSERT INTO vyavahara (
            balakedara, ketebida, prakara, purba, bartaman, ayoga, koduvavanu, tiarikala, commission_status, process_date
        ) VALUES (
            '113607', '1000', 'LVLCOMM2', '0', '2.5', '2.5', '1175915', '2026-03-15 22:03:11', 0, '2026-03-16'
        )
2026-03-15 22:03:11 - Level2 - ✅ INSERT SUCCESSFUL
2026-03-15 22:03:11 - Level3 - Find upline query: SELECT id FROM shonu_subjects WHERE owncode = '116629030908'
2026-03-15 22:03:11 - Level3 - Upline found: 113033
2026-03-15 22:03:11 - Level3 - Insert query: INSERT INTO vyavahara (
            balakedara, ketebida, prakara, purba, bartaman, ayoga, koduvavanu, tiarikala, commission_status, process_date
        ) VALUES (
            '113033', '1000', 'LVLCOMM3', '11751.89525', '11752.69525', '0.8', '1175915', '2026-03-15 22:03:11', 0, '2026-03-16'
        )
2026-03-15 22:03:11 - Level3 - ✅ INSERT SUCCESSFUL
2026-03-15 22:03:11 - ========== COMMISSION.PHP ENDED ==========

2026-03-15 22:03:41 - ========== COMMISSION.PHP STARTED ==========
2026-03-15 22:03:41 - Bet amount: 3000, User ID: 1175915
2026-03-15 22:03:41 - Level commissions: L1=12, L2=7.5, L3=2.4, L4=0.3, L5=0.15, L6=0.06
2026-03-15 22:03:41 - Codes query: SELECT code, code1, code2, code3, code4, code5 FROM shonu_subjects WHERE id = '1175915'
2026-03-15 22:03:41 - Referral codes: code=7384791175875, code1=400660113602, code2=116629030908, code3=official, code4=, code5=
2026-03-15 22:03:41 - Next process date: 2026-03-16
2026-03-15 22:03:41 - Level1 - Find upline query: SELECT id FROM shonu_subjects WHERE owncode = '7384791175875'
2026-03-15 22:03:41 - Level1 - Upline found: 1175875
2026-03-15 22:03:41 - Level1 - Insert query: INSERT INTO vyavahara (
            balakedara, ketebida, prakara, purba, bartaman, ayoga, koduvavanu, tiarikala, commission_status, process_date
        ) VALUES (
            '1175875', '3000', 'LVLCOMM1', '6038.764', '6050.764', '12', '1175915', '2026-03-15 22:03:41', 0, '2026-03-16'
        )
2026-03-15 22:03:41 - Level1 - ✅ INSERT SUCCESSFUL
2026-03-15 22:03:41 - Level2 - Find upline query: SELECT id FROM shonu_subjects WHERE owncode = '400660113602'
2026-03-15 22:03:41 - Level2 - Upline found: 113607
2026-03-15 22:03:41 - Level2 - Insert query: INSERT INTO vyavahara (
            balakedara, ketebida, prakara, purba, bartaman, ayoga, koduvavanu, tiarikala, commission_status, process_date
        ) VALUES (
            '113607', '3000', 'LVLCOMM2', '0', '7.5', '7.5', '1175915', '2026-03-15 22:03:41', 0, '2026-03-16'
        )
2026-03-15 22:03:41 - Level2 - ✅ INSERT SUCCESSFUL
2026-03-15 22:03:41 - Level3 - Find upline query: SELECT id FROM shonu_subjects WHERE owncode = '116629030908'
2026-03-15 22:03:41 - Level3 - Upline found: 113033
2026-03-15 22:03:41 - Level3 - Insert query: INSERT INTO vyavahara (
            balakedara, ketebida, prakara, purba, bartaman, ayoga, koduvavanu, tiarikala, commission_status, process_date
        ) VALUES (
            '113033', '3000', 'LVLCOMM3', '11751.89525', '11754.29525', '2.4', '1175915', '2026-03-15 22:03:41', 0, '2026-03-16'
        )
2026-03-15 22:03:41 - Level3 - ✅ INSERT SUCCESSFUL
2026-03-15 22:03:41 - ========== COMMISSION.PHP ENDED ==========

2026-03-15 22:04:54 - ========== COMMISSION.PHP STARTED ==========
2026-03-15 22:04:54 - Bet amount: 1000, User ID: 1175915
2026-03-15 22:04:54 - Level commissions: L1=4, L2=2.5, L3=0.8, L4=0.1, L5=0.05, L6=0.02
2026-03-15 22:04:54 - Codes query: SELECT code, code1, code2, code3, code4, code5 FROM shonu_subjects WHERE id = '1175915'
2026-03-15 22:04:54 - Referral codes: code=7384791175875, code1=400660113602, code2=116629030908, code3=official, code4=, code5=
2026-03-15 22:04:54 - Next process date: 2026-03-16
2026-03-15 22:04:54 - Level1 - Find upline query: SELECT id FROM shonu_subjects WHERE owncode = '7384791175875'
2026-03-15 22:04:54 - Level1 - Upline found: 1175875
2026-03-15 22:04:54 - Level1 - Insert query: INSERT INTO vyavahara (
            balakedara, ketebida, prakara, purba, bartaman, ayoga, koduvavanu, tiarikala, commission_status, process_date
        ) VALUES (
            '1175875', '1000', 'LVLCOMM1', '6038.764', '6042.764', '4', '1175915', '2026-03-15 22:04:54', 0, '2026-03-16'
        )
2026-03-15 22:04:54 - Level1 - ✅ INSERT SUCCESSFUL
2026-03-15 22:04:54 - Level2 - Find upline query: SELECT id FROM shonu_subjects WHERE owncode = '400660113602'
2026-03-15 22:04:54 - Level2 - Upline found: 113607
2026-03-15 22:04:54 - Level2 - Insert query: INSERT INTO vyavahara (
            balakedara, ketebida, prakara, purba, bartaman, ayoga, koduvavanu, tiarikala, commission_status, process_date
        ) VALUES (
            '113607', '1000', 'LVLCOMM2', '0', '2.5', '2.5', '1175915', '2026-03-15 22:04:54', 0, '2026-03-16'
        )
2026-03-15 22:04:54 - Level2 - ✅ INSERT SUCCESSFUL
2026-03-15 22:04:54 - Level3 - Find upline query: SELECT id FROM shonu_subjects WHERE owncode = '116629030908'
2026-03-15 22:04:54 - Level3 - Upline found: 113033
2026-03-15 22:04:54 - Level3 - Insert query: INSERT INTO vyavahara (
            balakedara, ketebida, prakara, purba, bartaman, ayoga, koduvavanu, tiarikala, commission_status, process_date
        ) VALUES (
            '113033', '1000', 'LVLCOMM3', '11751.89525', '11752.69525', '0.8', '1175915', '2026-03-15 22:04:54', 0, '2026-03-16'
        )
2026-03-15 22:04:54 - Level3 - ✅ INSERT SUCCESSFUL
2026-03-15 22:04:54 - ========== COMMISSION.PHP ENDED ==========

2026-03-15 22:05:12 - ========== COMMISSION.PHP STARTED ==========
2026-03-15 22:05:12 - Bet amount: 5000, User ID: 1175915
2026-03-15 22:05:12 - Level commissions: L1=20, L2=12.5, L3=4, L4=0.5, L5=0.25, L6=0.1
2026-03-15 22:05:12 - Codes query: SELECT code, code1, code2, code3, code4, code5 FROM shonu_subjects WHERE id = '1175915'
2026-03-15 22:05:12 - Referral codes: code=7384791175875, code1=400660113602, code2=116629030908, code3=official, code4=, code5=
2026-03-15 22:05:12 - Next process date: 2026-03-16
2026-03-15 22:05:12 - Level1 - Find upline query: SELECT id FROM shonu_subjects WHERE owncode = '7384791175875'
2026-03-15 22:05:12 - Level1 - Upline found: 1175875
2026-03-15 22:05:12 - Level1 - Insert query: INSERT INTO vyavahara (
            balakedara, ketebida, prakara, purba, bartaman, ayoga, koduvavanu, tiarikala, commission_status, process_date
        ) VALUES (
            '1175875', '5000', 'LVLCOMM1', '6038.764', '6058.764', '20', '1175915', '2026-03-15 22:05:12', 0, '2026-03-16'
        )
2026-03-15 22:05:12 - Level1 - ✅ INSERT SUCCESSFUL
2026-03-15 22:05:12 - Level2 - Find upline query: SELECT id FROM shonu_subjects WHERE owncode = '400660113602'
2026-03-15 22:05:12 - Level2 - Upline found: 113607
2026-03-15 22:05:12 - Level2 - Insert query: INSERT INTO vyavahara (
            balakedara, ketebida, prakara, purba, bartaman, ayoga, koduvavanu, tiarikala, commission_status, process_date
        ) VALUES (
            '113607', '5000', 'LVLCOMM2', '0', '12.5', '12.5', '1175915', '2026-03-15 22:05:12', 0, '2026-03-16'
        )
2026-03-15 22:05:12 - Level2 - ✅ INSERT SUCCESSFUL
2026-03-15 22:05:12 - Level3 - Find upline query: SELECT id FROM shonu_subjects WHERE owncode = '116629030908'
2026-03-15 22:05:12 - Level3 - Upline found: 113033
2026-03-15 22:05:12 - Level3 - Insert query: INSERT INTO vyavahara (
            balakedara, ketebida, prakara, purba, bartaman, ayoga, koduvavanu, tiarikala, commission_status, process_date
        ) VALUES (
            '113033', '5000', 'LVLCOMM3', '11751.89525', '11755.89525', '4', '1175915', '2026-03-15 22:05:12', 0, '2026-03-16'
        )
2026-03-15 22:05:12 - Level3 - ✅ INSERT SUCCESSFUL
2026-03-15 22:05:12 - ========== COMMISSION.PHP ENDED ==========

2026-03-15 22:05:46 - ========== COMMISSION.PHP STARTED ==========
2026-03-15 22:05:46 - Bet amount: 1000, User ID: 1175915
2026-03-15 22:05:46 - Level commissions: L1=4, L2=2.5, L3=0.8, L4=0.1, L5=0.05, L6=0.02
2026-03-15 22:05:46 - Codes query: SELECT code, code1, code2, code3, code4, code5 FROM shonu_subjects WHERE id = '1175915'
2026-03-15 22:05:46 - Referral codes: code=7384791175875, code1=400660113602, code2=116629030908, code3=official, code4=, code5=
2026-03-15 22:05:46 - Next process date: 2026-03-16
2026-03-15 22:05:46 - Level1 - Find upline query: SELECT id FROM shonu_subjects WHERE owncode = '7384791175875'
2026-03-15 22:05:46 - Level1 - Upline found: 1175875
2026-03-15 22:05:46 - Level1 - Insert query: INSERT INTO vyavahara (
            balakedara, ketebida, prakara, purba, bartaman, ayoga, koduvavanu, tiarikala, commission_status, process_date
        ) VALUES (
            '1175875', '1000', 'LVLCOMM1', '6038.764', '6042.764', '4', '1175915', '2026-03-15 22:05:46', 0, '2026-03-16'
        )
2026-03-15 22:05:46 - Level1 - ✅ INSERT SUCCESSFUL
2026-03-15 22:05:46 - Level2 - Find upline query: SELECT id FROM shonu_subjects WHERE owncode = '400660113602'
2026-03-15 22:05:46 - Level2 - Upline found: 113607
2026-03-15 22:05:46 - Level2 - Insert query: INSERT INTO vyavahara (
            balakedara, ketebida, prakara, purba, bartaman, ayoga, koduvavanu, tiarikala, commission_status, process_date
        ) VALUES (
            '113607', '1000', 'LVLCOMM2', '0', '2.5', '2.5', '1175915', '2026-03-15 22:05:46', 0, '2026-03-16'
        )
2026-03-15 22:05:46 - Level2 - ✅ INSERT SUCCESSFUL
2026-03-15 22:05:46 - Level3 - Find upline query: SELECT id FROM shonu_subjects WHERE owncode = '116629030908'
2026-03-15 22:05:46 - Level3 - Upline found: 113033
2026-03-15 22:05:46 - Level3 - Insert query: INSERT INTO vyavahara (
            balakedara, ketebida, prakara, purba, bartaman, ayoga, koduvavanu, tiarikala, commission_status, process_date
        ) VALUES (
            '113033', '1000', 'LVLCOMM3', '11751.89525', '11752.69525', '0.8', '1175915', '2026-03-15 22:05:46', 0, '2026-03-16'
        )
2026-03-15 22:05:46 - Level3 - ✅ INSERT SUCCESSFUL
2026-03-15 22:05:46 - ========== COMMISSION.PHP ENDED ==========

2026-03-15 22:06:14 - ========== COMMISSION.PHP STARTED ==========
2026-03-15 22:06:14 - Bet amount: 3000, User ID: 1175915
2026-03-15 22:06:14 - Level commissions: L1=12, L2=7.5, L3=2.4, L4=0.3, L5=0.15, L6=0.06
2026-03-15 22:06:14 - Codes query: SELECT code, code1, code2, code3, code4, code5 FROM shonu_subjects WHERE id = '1175915'
2026-03-15 22:06:14 - Referral codes: code=7384791175875, code1=400660113602, code2=116629030908, code3=official, code4=, code5=
2026-03-15 22:06:14 - Next process date: 2026-03-16
2026-03-15 22:06:14 - Level1 - Find upline query: SELECT id FROM shonu_subjects WHERE owncode = '7384791175875'
2026-03-15 22:06:14 - Level1 - Upline found: 1175875
2026-03-15 22:06:14 - Level1 - Insert query: INSERT INTO vyavahara (
            balakedara, ketebida, prakara, purba, bartaman, ayoga, koduvavanu, tiarikala, commission_status, process_date
        ) VALUES (
            '1175875', '3000', 'LVLCOMM1', '6038.764', '6050.764', '12', '1175915', '2026-03-15 22:06:14', 0, '2026-03-16'
        )
2026-03-15 22:06:14 - Level1 - ✅ INSERT SUCCESSFUL
2026-03-15 22:06:14 - Level2 - Find upline query: SELECT id FROM shonu_subjects WHERE owncode = '400660113602'
2026-03-15 22:06:14 - Level2 - Upline found: 113607
2026-03-15 22:06:14 - Level2 - Insert query: INSERT INTO vyavahara (
            balakedara, ketebida, prakara, purba, bartaman, ayoga, koduvavanu, tiarikala, commission_status, process_date
        ) VALUES (
            '113607', '3000', 'LVLCOMM2', '0', '7.5', '7.5', '1175915', '2026-03-15 22:06:14', 0, '2026-03-16'
        )
2026-03-15 22:06:14 - Level2 - ✅ INSERT SUCCESSFUL
2026-03-15 22:06:14 - Level3 - Find upline query: SELECT id FROM shonu_subjects WHERE owncode = '116629030908'
2026-03-15 22:06:14 - Level3 - Upline found: 113033
2026-03-15 22:06:14 - Level3 - Insert query: INSERT INTO vyavahara (
            balakedara, ketebida, prakara, purba, bartaman, ayoga, koduvavanu, tiarikala, commission_status, process_date
        ) VALUES (
            '113033', '3000', 'LVLCOMM3', '11751.89525', '11754.29525', '2.4', '1175915', '2026-03-15 22:06:14', 0, '2026-03-16'
        )
2026-03-15 22:06:14 - Level3 - ✅ INSERT SUCCESSFUL
2026-03-15 22:06:14 - ========== COMMISSION.PHP ENDED ==========

2026-03-15 22:06:44 - ========== COMMISSION.PHP STARTED ==========
2026-03-15 22:06:44 - Bet amount: 1000, User ID: 1175915
2026-03-15 22:06:44 - Level commissions: L1=4, L2=2.5, L3=0.8, L4=0.1, L5=0.05, L6=0.02
2026-03-15 22:06:44 - Codes query: SELECT code, code1, code2, code3, code4, code5 FROM shonu_subjects WHERE id = '1175915'
2026-03-15 22:06:44 - Referral codes: code=7384791175875, code1=400660113602, code2=116629030908, code3=official, code4=, code5=
2026-03-15 22:06:44 - Next process date: 2026-03-16
2026-03-15 22:06:44 - Level1 - Find upline query: SELECT id FROM shonu_subjects WHERE owncode = '7384791175875'
2026-03-15 22:06:44 - Level1 - Upline found: 1175875
2026-03-15 22:06:44 - Level1 - Insert query: INSERT INTO vyavahara (
            balakedara, ketebida, prakara, purba, bartaman, ayoga, koduvavanu, tiarikala, commission_status, process_date
        ) VALUES (
            '1175875', '1000', 'LVLCOMM1', '6038.764', '6042.764', '4', '1175915', '2026-03-15 22:06:44', 0, '2026-03-16'
        )
2026-03-15 22:06:44 - Level1 - ✅ INSERT SUCCESSFUL
2026-03-15 22:06:44 - Level2 - Find upline query: SELECT id FROM shonu_subjects WHERE owncode = '400660113602'
2026-03-15 22:06:44 - Level2 - Upline found: 113607
2026-03-15 22:06:44 - Level2 - Insert query: INSERT INTO vyavahara (
            balakedara, ketebida, prakara, purba, bartaman, ayoga, koduvavanu, tiarikala, commission_status, process_date
        ) VALUES (
            '113607', '1000', 'LVLCOMM2', '0', '2.5', '2.5', '1175915', '2026-03-15 22:06:44', 0, '2026-03-16'
        )
2026-03-15 22:06:44 - Level2 - ✅ INSERT SUCCESSFUL
2026-03-15 22:06:44 - Level3 - Find upline query: SELECT id FROM shonu_subjects WHERE owncode = '116629030908'
2026-03-15 22:06:44 - Level3 - Upline found: 113033
2026-03-15 22:06:44 - Level3 - Insert query: INSERT INTO vyavahara (
            balakedara, ketebida, prakara, purba, bartaman, ayoga, koduvavanu, tiarikala, commission_status, process_date
        ) VALUES (
            '113033', '1000', 'LVLCOMM3', '11751.89525', '11752.69525', '0.8', '1175915', '2026-03-15 22:06:44', 0, '2026-03-16'
        )
2026-03-15 22:06:44 - Level3 - ✅ INSERT SUCCESSFUL
2026-03-15 22:06:44 - ========== COMMISSION.PHP ENDED ==========

2026-03-15 22:07:19 - ========== COMMISSION.PHP STARTED ==========
2026-03-15 22:07:19 - Bet amount: 10000, User ID: 1175915
2026-03-15 22:07:19 - Level commissions: L1=40, L2=25, L3=8, L4=1, L5=0.5, L6=0.2
2026-03-15 22:07:19 - Codes query: SELECT code, code1, code2, code3, code4, code5 FROM shonu_subjects WHERE id = '1175915'
2026-03-15 22:07:19 - Referral codes: code=7384791175875, code1=400660113602, code2=116629030908, code3=official, code4=, code5=
2026-03-15 22:07:19 - Next process date: 2026-03-16
2026-03-15 22:07:19 - Level1 - Find upline query: SELECT id FROM shonu_subjects WHERE owncode = '7384791175875'
2026-03-15 22:07:19 - Level1 - Upline found: 1175875
2026-03-15 22:07:19 - Level1 - Insert query: INSERT INTO vyavahara (
            balakedara, ketebida, prakara, purba, bartaman, ayoga, koduvavanu, tiarikala, commission_status, process_date
        ) VALUES (
            '1175875', '10000', 'LVLCOMM1', '6038.764', '6078.764', '40', '1175915', '2026-03-15 22:07:19', 0, '2026-03-16'
        )
2026-03-15 22:07:19 - Level1 - ✅ INSERT SUCCESSFUL
2026-03-15 22:07:19 - Level2 - Find upline query: SELECT id FROM shonu_subjects WHERE owncode = '400660113602'
2026-03-15 22:07:19 - Level2 - Upline found: 113607
2026-03-15 22:07:19 - Level2 - Insert query: INSERT INTO vyavahara (
            balakedara, ketebida, prakara, purba, bartaman, ayoga, koduvavanu, tiarikala, commission_status, process_date
        ) VALUES (
            '113607', '10000', 'LVLCOMM2', '0', '25', '25', '1175915', '2026-03-15 22:07:19', 0, '2026-03-16'
        )
2026-03-15 22:07:19 - Level2 - ✅ INSERT SUCCESSFUL
2026-03-15 22:07:19 - Level3 - Find upline query: SELECT id FROM shonu_subjects WHERE owncode = '116629030908'
2026-03-15 22:07:19 - Level3 - Upline found: 113033
2026-03-15 22:07:19 - Level3 - Insert query: INSERT INTO vyavahara (
            balakedara, ketebida, prakara, purba, bartaman, ayoga, koduvavanu, tiarikala, commission_status, process_date
        ) VALUES (
            '113033', '10000', 'LVLCOMM3', '11751.89525', '11759.89525', '8', '1175915', '2026-03-15 22:07:19', 0, '2026-03-16'
        )
2026-03-15 22:07:19 - Level3 - ✅ INSERT SUCCESSFUL
2026-03-15 22:07:19 - ========== COMMISSION.PHP ENDED ==========

2026-03-15 22:07:48 - ========== COMMISSION.PHP STARTED ==========
2026-03-15 22:07:48 - Bet amount: 1000, User ID: 1175915
2026-03-15 22:07:48 - Level commissions: L1=4, L2=2.5, L3=0.8, L4=0.1, L5=0.05, L6=0.02
2026-03-15 22:07:48 - Codes query: SELECT code, code1, code2, code3, code4, code5 FROM shonu_subjects WHERE id = '1175915'
2026-03-15 22:07:48 - Referral codes: code=7384791175875, code1=400660113602, code2=116629030908, code3=official, code4=, code5=
2026-03-15 22:07:48 - Next process date: 2026-03-16
2026-03-15 22:07:48 - Level1 - Find upline query: SELECT id FROM shonu_subjects WHERE owncode = '7384791175875'
2026-03-15 22:07:48 - Level1 - Upline found: 1175875
2026-03-15 22:07:48 - Level1 - Insert query: INSERT INTO vyavahara (
            balakedara, ketebida, prakara, purba, bartaman, ayoga, koduvavanu, tiarikala, commission_status, process_date
        ) VALUES (
            '1175875', '1000', 'LVLCOMM1', '6038.764', '6042.764', '4', '1175915', '2026-03-15 22:07:48', 0, '2026-03-16'
        )
2026-03-15 22:07:48 - Level1 - ✅ INSERT SUCCESSFUL
2026-03-15 22:07:48 - Level2 - Find upline query: SELECT id FROM shonu_subjects WHERE owncode = '400660113602'
2026-03-15 22:07:48 - Level2 - Upline found: 113607
2026-03-15 22:07:48 - Level2 - Insert query: INSERT INTO vyavahara (
            balakedara, ketebida, prakara, purba, bartaman, ayoga, koduvavanu, tiarikala, commission_status, process_date
        ) VALUES (
            '113607', '1000', 'LVLCOMM2', '0', '2.5', '2.5', '1175915', '2026-03-15 22:07:48', 0, '2026-03-16'
        )
2026-03-15 22:07:48 - Level2 - ✅ INSERT SUCCESSFUL
2026-03-15 22:07:48 - Level3 - Find upline query: SELECT id FROM shonu_subjects WHERE owncode = '116629030908'
2026-03-15 22:07:48 - Level3 - Upline found: 113033
2026-03-15 22:07:48 - Level3 - Insert query: INSERT INTO vyavahara (
            balakedara, ketebida, prakara, purba, bartaman, ayoga, koduvavanu, tiarikala, commission_status, process_date
        ) VALUES (
            '113033', '1000', 'LVLCOMM3', '11751.89525', '11752.69525', '0.8', '1175915', '2026-03-15 22:07:48', 0, '2026-03-16'
        )
2026-03-15 22:07:48 - Level3 - ✅ INSERT SUCCESSFUL
2026-03-15 22:07:48 - ========== COMMISSION.PHP ENDED ==========

2026-03-15 22:08:10 - ========== COMMISSION.PHP STARTED ==========
2026-03-15 22:08:10 - Bet amount: 1000, User ID: 1175915
2026-03-15 22:08:10 - Level commissions: L1=4, L2=2.5, L3=0.8, L4=0.1, L5=0.05, L6=0.02
2026-03-15 22:08:10 - Codes query: SELECT code, code1, code2, code3, code4, code5 FROM shonu_subjects WHERE id = '1175915'
2026-03-15 22:08:10 - Referral codes: code=7384791175875, code1=400660113602, code2=116629030908, code3=official, code4=, code5=
2026-03-15 22:08:10 - Next process date: 2026-03-16
2026-03-15 22:08:10 - Level1 - Find upline query: SELECT id FROM shonu_subjects WHERE owncode = '7384791175875'
2026-03-15 22:08:10 - Level1 - Upline found: 1175875
2026-03-15 22:08:10 - Level1 - Insert query: INSERT INTO vyavahara (
            balakedara, ketebida, prakara, purba, bartaman, ayoga, koduvavanu, tiarikala, commission_status, process_date
        ) VALUES (
            '1175875', '1000', 'LVLCOMM1', '6038.764', '6042.764', '4', '1175915', '2026-03-15 22:08:10', 0, '2026-03-16'
        )
2026-03-15 22:08:10 - Level1 - ✅ INSERT SUCCESSFUL
2026-03-15 22:08:10 - Level2 - Find upline query: SELECT id FROM shonu_subjects WHERE owncode = '400660113602'
2026-03-15 22:08:10 - Level2 - Upline found: 113607
2026-03-15 22:08:10 - Level2 - Insert query: INSERT INTO vyavahara (
            balakedara, ketebida, prakara, purba, bartaman, ayoga, koduvavanu, tiarikala, commission_status, process_date
        ) VALUES (
            '113607', '1000', 'LVLCOMM2', '0', '2.5', '2.5', '1175915', '2026-03-15 22:08:10', 0, '2026-03-16'
        )
2026-03-15 22:08:10 - Level2 - ✅ INSERT SUCCESSFUL
2026-03-15 22:08:10 - Level3 - Find upline query: SELECT id FROM shonu_subjects WHERE owncode = '116629030908'
2026-03-15 22:08:10 - Level3 - Upline found: 113033
2026-03-15 22:08:10 - Level3 - Insert query: INSERT INTO vyavahara (
            balakedara, ketebida, prakara, purba, bartaman, ayoga, koduvavanu, tiarikala, commission_status, process_date
        ) VALUES (
            '113033', '1000', 'LVLCOMM3', '11751.89525', '11752.69525', '0.8', '1175915', '2026-03-15 22:08:10', 0, '2026-03-16'
        )
2026-03-15 22:08:10 - Level3 - ✅ INSERT SUCCESSFUL
2026-03-15 22:08:10 - ========== COMMISSION.PHP ENDED ==========

2026-03-15 22:09:12 - ========== COMMISSION.PHP STARTED ==========
2026-03-15 22:09:12 - Bet amount: 3000, User ID: 1175915
2026-03-15 22:09:12 - Level commissions: L1=12, L2=7.5, L3=2.4, L4=0.3, L5=0.15, L6=0.06
2026-03-15 22:09:12 - Codes query: SELECT code, code1, code2, code3, code4, code5 FROM shonu_subjects WHERE id = '1175915'
2026-03-15 22:09:12 - Referral codes: code=7384791175875, code1=400660113602, code2=116629030908, code3=official, code4=, code5=
2026-03-15 22:09:12 - Next process date: 2026-03-16
2026-03-15 22:09:12 - Level1 - Find upline query: SELECT id FROM shonu_subjects WHERE owncode = '7384791175875'
2026-03-15 22:09:12 - Level1 - Upline found: 1175875
2026-03-15 22:09:12 - Level1 - Insert query: INSERT INTO vyavahara (
            balakedara, ketebida, prakara, purba, bartaman, ayoga, koduvavanu, tiarikala, commission_status, process_date
        ) VALUES (
            '1175875', '3000', 'LVLCOMM1', '6038.764', '6050.764', '12', '1175915', '2026-03-15 22:09:12', 0, '2026-03-16'
        )
2026-03-15 22:09:12 - Level1 - ✅ INSERT SUCCESSFUL
2026-03-15 22:09:12 - Level2 - Find upline query: SELECT id FROM shonu_subjects WHERE owncode = '400660113602'
2026-03-15 22:09:12 - Level2 - Upline found: 113607
2026-03-15 22:09:12 - Level2 - Insert query: INSERT INTO vyavahara (
            balakedara, ketebida, prakara, purba, bartaman, ayoga, koduvavanu, tiarikala, commission_status, process_date
        ) VALUES (
            '113607', '3000', 'LVLCOMM2', '0', '7.5', '7.5', '1175915', '2026-03-15 22:09:12', 0, '2026-03-16'
        )
2026-03-15 22:09:12 - Level2 - ✅ INSERT SUCCESSFUL
2026-03-15 22:09:12 - Level3 - Find upline query: SELECT id FROM shonu_subjects WHERE owncode = '116629030908'
2026-03-15 22:09:12 - Level3 - Upline found: 113033
2026-03-15 22:09:12 - Level3 - Insert query: INSERT INTO vyavahara (
            balakedara, ketebida, prakara, purba, bartaman, ayoga, koduvavanu, tiarikala, commission_status, process_date
        ) VALUES (
            '113033', '3000', 'LVLCOMM3', '11751.89525', '11754.29525', '2.4', '1175915', '2026-03-15 22:09:12', 0, '2026-03-16'
        )
2026-03-15 22:09:12 - Level3 - ✅ INSERT SUCCESSFUL
2026-03-15 22:09:12 - ========== COMMISSION.PHP ENDED ==========

2026-03-15 22:10:15 - ========== COMMISSION.PHP STARTED ==========
2026-03-15 22:10:15 - Bet amount: 5000, User ID: 1175915
2026-03-15 22:10:15 - Level commissions: L1=20, L2=12.5, L3=4, L4=0.5, L5=0.25, L6=0.1
2026-03-15 22:10:15 - Codes query: SELECT code, code1, code2, code3, code4, code5 FROM shonu_subjects WHERE id = '1175915'
2026-03-15 22:10:15 - Referral codes: code=7384791175875, code1=400660113602, code2=116629030908, code3=official, code4=, code5=
2026-03-15 22:10:15 - Next process date: 2026-03-16
2026-03-15 22:10:15 - Level1 - Find upline query: SELECT id FROM shonu_subjects WHERE owncode = '7384791175875'
2026-03-15 22:10:15 - Level1 - Upline found: 1175875
2026-03-15 22:10:15 - Level1 - Insert query: INSERT INTO vyavahara (
            balakedara, ketebida, prakara, purba, bartaman, ayoga, koduvavanu, tiarikala, commission_status, process_date
        ) VALUES (
            '1175875', '5000', 'LVLCOMM1', '6038.764', '6058.764', '20', '1175915', '2026-03-15 22:10:15', 0, '2026-03-16'
        )
2026-03-15 22:10:15 - Level1 - ✅ INSERT SUCCESSFUL
2026-03-15 22:10:15 - Level2 - Find upline query: SELECT id FROM shonu_subjects WHERE owncode = '400660113602'
2026-03-15 22:10:15 - Level2 - Upline found: 113607
2026-03-15 22:10:15 - Level2 - Insert query: INSERT INTO vyavahara (
            balakedara, ketebida, prakara, purba, bartaman, ayoga, koduvavanu, tiarikala, commission_status, process_date
        ) VALUES (
            '113607', '5000', 'LVLCOMM2', '0', '12.5', '12.5', '1175915', '2026-03-15 22:10:15', 0, '2026-03-16'
        )
2026-03-15 22:10:15 - Level2 - ✅ INSERT SUCCESSFUL
2026-03-15 22:10:15 - Level3 - Find upline query: SELECT id FROM shonu_subjects WHERE owncode = '116629030908'
2026-03-15 22:10:15 - Level3 - Upline found: 113033
2026-03-15 22:10:15 - Level3 - Insert query: INSERT INTO vyavahara (
            balakedara, ketebida, prakara, purba, bartaman, ayoga, koduvavanu, tiarikala, commission_status, process_date
        ) VALUES (
            '113033', '5000', 'LVLCOMM3', '11751.89525', '11755.89525', '4', '1175915', '2026-03-15 22:10:15', 0, '2026-03-16'
        )
2026-03-15 22:10:15 - Level3 - ✅ INSERT SUCCESSFUL
2026-03-15 22:10:15 - ========== COMMISSION.PHP ENDED ==========

2026-03-15 22:12:34 - ========== COMMISSION.PHP STARTED ==========
2026-03-15 22:12:34 - Bet amount: 10000, User ID: 1175915
2026-03-15 22:12:34 - Level commissions: L1=40, L2=25, L3=8, L4=1, L5=0.5, L6=0.2
2026-03-15 22:12:34 - Codes query: SELECT code, code1, code2, code3, code4, code5 FROM shonu_subjects WHERE id = '1175915'
2026-03-15 22:12:34 - Referral codes: code=7384791175875, code1=400660113602, code2=116629030908, code3=official, code4=, code5=
2026-03-15 22:12:34 - Next process date: 2026-03-16
2026-03-15 22:12:34 - Level1 - Find upline query: SELECT id FROM shonu_subjects WHERE owncode = '7384791175875'
2026-03-15 22:12:34 - Level1 - Upline found: 1175875
2026-03-15 22:12:34 - Level1 - Insert query: INSERT INTO vyavahara (
            balakedara, ketebida, prakara, purba, bartaman, ayoga, koduvavanu, tiarikala, commission_status, process_date
        ) VALUES (
            '1175875', '10000', 'LVLCOMM1', '6038.764', '6078.764', '40', '1175915', '2026-03-15 22:12:34', 0, '2026-03-16'
        )
2026-03-15 22:12:34 - Level1 - ✅ INSERT SUCCESSFUL
2026-03-15 22:12:34 - Level2 - Find upline query: SELECT id FROM shonu_subjects WHERE owncode = '400660113602'
2026-03-15 22:12:34 - Level2 - Upline found: 113607
2026-03-15 22:12:34 - Level2 - Insert query: INSERT INTO vyavahara (
            balakedara, ketebida, prakara, purba, bartaman, ayoga, koduvavanu, tiarikala, commission_status, process_date
        ) VALUES (
            '113607', '10000', 'LVLCOMM2', '0', '25', '25', '1175915', '2026-03-15 22:12:34', 0, '2026-03-16'
        )
2026-03-15 22:12:34 - Level2 - ✅ INSERT SUCCESSFUL
2026-03-15 22:12:34 - Level3 - Find upline query: SELECT id FROM shonu_subjects WHERE owncode = '116629030908'
2026-03-15 22:12:34 - Level3 - Upline found: 113033
2026-03-15 22:12:34 - Level3 - Insert query: INSERT INTO vyavahara (
            balakedara, ketebida, prakara, purba, bartaman, ayoga, koduvavanu, tiarikala, commission_status, process_date
        ) VALUES (
            '113033', '10000', 'LVLCOMM3', '11751.89525', '11759.89525', '8', '1175915', '2026-03-15 22:12:34', 0, '2026-03-16'
        )
2026-03-15 22:12:34 - Level3 - ✅ INSERT SUCCESSFUL
2026-03-15 22:12:34 - ========== COMMISSION.PHP ENDED ==========

2026-03-15 22:13:13 - ========== COMMISSION.PHP STARTED ==========
2026-03-15 22:13:13 - Bet amount: 1000, User ID: 1175915
2026-03-15 22:13:13 - Level commissions: L1=4, L2=2.5, L3=0.8, L4=0.1, L5=0.05, L6=0.02
2026-03-15 22:13:13 - Codes query: SELECT code, code1, code2, code3, code4, code5 FROM shonu_subjects WHERE id = '1175915'
2026-03-15 22:13:13 - Referral codes: code=7384791175875, code1=400660113602, code2=116629030908, code3=official, code4=, code5=
2026-03-15 22:13:13 - Next process date: 2026-03-16
2026-03-15 22:13:13 - Level1 - Find upline query: SELECT id FROM shonu_subjects WHERE owncode = '7384791175875'
2026-03-15 22:13:13 - Level1 - Upline found: 1175875
2026-03-15 22:13:13 - Level1 - Insert query: INSERT INTO vyavahara (
            balakedara, ketebida, prakara, purba, bartaman, ayoga, koduvavanu, tiarikala, commission_status, process_date
        ) VALUES (
            '1175875', '1000', 'LVLCOMM1', '6038.764', '6042.764', '4', '1175915', '2026-03-15 22:13:13', 0, '2026-03-16'
        )
2026-03-15 22:13:13 - Level1 - ✅ INSERT SUCCESSFUL
2026-03-15 22:13:13 - Level2 - Find upline query: SELECT id FROM shonu_subjects WHERE owncode = '400660113602'
2026-03-15 22:13:13 - Level2 - Upline found: 113607
2026-03-15 22:13:13 - Level2 - Insert query: INSERT INTO vyavahara (
            balakedara, ketebida, prakara, purba, bartaman, ayoga, koduvavanu, tiarikala, commission_status, process_date
        ) VALUES (
            '113607', '1000', 'LVLCOMM2', '0', '2.5', '2.5', '1175915', '2026-03-15 22:13:13', 0, '2026-03-16'
        )
2026-03-15 22:13:13 - Level2 - ✅ INSERT SUCCESSFUL
2026-03-15 22:13:13 - Level3 - Find upline query: SELECT id FROM shonu_subjects WHERE owncode = '116629030908'
2026-03-15 22:13:13 - Level3 - Upline found: 113033
2026-03-15 22:13:13 - Level3 - Insert query: INSERT INTO vyavahara (
            balakedara, ketebida, prakara, purba, bartaman, ayoga, koduvavanu, tiarikala, commission_status, process_date
        ) VALUES (
            '113033', '1000', 'LVLCOMM3', '11751.89525', '11752.69525', '0.8', '1175915', '2026-03-15 22:13:13', 0, '2026-03-16'
        )
2026-03-15 22:13:13 - Level3 - ✅ INSERT SUCCESSFUL
2026-03-15 22:13:13 - ========== COMMISSION.PHP ENDED ==========

2026-03-15 22:14:48 - ========== COMMISSION.PHP STARTED ==========
2026-03-15 22:14:48 - Bet amount: 1000, User ID: 1175915
2026-03-15 22:14:48 - Level commissions: L1=4, L2=2.5, L3=0.8, L4=0.1, L5=0.05, L6=0.02
2026-03-15 22:14:48 - Codes query: SELECT code, code1, code2, code3, code4, code5 FROM shonu_subjects WHERE id = '1175915'
2026-03-15 22:14:48 - Referral codes: code=7384791175875, code1=400660113602, code2=116629030908, code3=official, code4=, code5=
2026-03-15 22:14:48 - Next process date: 2026-03-16
2026-03-15 22:14:48 - Level1 - Find upline query: SELECT id FROM shonu_subjects WHERE owncode = '7384791175875'
2026-03-15 22:14:48 - Level1 - Upline found: 1175875
2026-03-15 22:14:48 - Level1 - Insert query: INSERT INTO vyavahara (
            balakedara, ketebida, prakara, purba, bartaman, ayoga, koduvavanu, tiarikala, commission_status, process_date
        ) VALUES (
            '1175875', '1000', 'LVLCOMM1', '6038.764', '6042.764', '4', '1175915', '2026-03-15 22:14:48', 0, '2026-03-16'
        )
2026-03-15 22:14:48 - Level1 - ✅ INSERT SUCCESSFUL
2026-03-15 22:14:48 - Level2 - Find upline query: SELECT id FROM shonu_subjects WHERE owncode = '400660113602'
2026-03-15 22:14:48 - Level2 - Upline found: 113607
2026-03-15 22:14:48 - Level2 - Insert query: INSERT INTO vyavahara (
            balakedara, ketebida, prakara, purba, bartaman, ayoga, koduvavanu, tiarikala, commission_status, process_date
        ) VALUES (
            '113607', '1000', 'LVLCOMM2', '0', '2.5', '2.5', '1175915', '2026-03-15 22:14:48', 0, '2026-03-16'
        )
2026-03-15 22:14:48 - Level2 - ✅ INSERT SUCCESSFUL
2026-03-15 22:14:48 - Level3 - Find upline query: SELECT id FROM shonu_subjects WHERE owncode = '116629030908'
2026-03-15 22:14:48 - Level3 - Upline found: 113033
2026-03-15 22:14:48 - Level3 - Insert query: INSERT INTO vyavahara (
            balakedara, ketebida, prakara, purba, bartaman, ayoga, koduvavanu, tiarikala, commission_status, process_date
        ) VALUES (
            '113033', '1000', 'LVLCOMM3', '11751.89525', '11752.69525', '0.8', '1175915', '2026-03-15 22:14:48', 0, '2026-03-16'
        )
2026-03-15 22:14:48 - Level3 - ✅ INSERT SUCCESSFUL
2026-03-15 22:14:48 - ========== COMMISSION.PHP ENDED ==========

2026-03-15 22:15:07 - ========== COMMISSION.PHP STARTED ==========
2026-03-15 22:15:07 - Bet amount: 1000, User ID: 1175915
2026-03-15 22:15:07 - Level commissions: L1=4, L2=2.5, L3=0.8, L4=0.1, L5=0.05, L6=0.02
2026-03-15 22:15:07 - Codes query: SELECT code, code1, code2, code3, code4, code5 FROM shonu_subjects WHERE id = '1175915'
2026-03-15 22:15:07 - Referral codes: code=7384791175875, code1=400660113602, code2=116629030908, code3=official, code4=, code5=
2026-03-15 22:15:07 - Next process date: 2026-03-16
2026-03-15 22:15:07 - Level1 - Find upline query: SELECT id FROM shonu_subjects WHERE owncode = '7384791175875'
2026-03-15 22:15:07 - Level1 - Upline found: 1175875
2026-03-15 22:15:07 - Level1 - Insert query: INSERT INTO vyavahara (
            balakedara, ketebida, prakara, purba, bartaman, ayoga, koduvavanu, tiarikala, commission_status, process_date
        ) VALUES (
            '1175875', '1000', 'LVLCOMM1', '6038.764', '6042.764', '4', '1175915', '2026-03-15 22:15:07', 0, '2026-03-16'
        )
2026-03-15 22:15:07 - Level1 - ✅ INSERT SUCCESSFUL
2026-03-15 22:15:07 - Level2 - Find upline query: SELECT id FROM shonu_subjects WHERE owncode = '400660113602'
2026-03-15 22:15:07 - Level2 - Upline found: 113607
2026-03-15 22:15:07 - Level2 - Insert query: INSERT INTO vyavahara (
            balakedara, ketebida, prakara, purba, bartaman, ayoga, koduvavanu, tiarikala, commission_status, process_date
        ) VALUES (
            '113607', '1000', 'LVLCOMM2', '0', '2.5', '2.5', '1175915', '2026-03-15 22:15:07', 0, '2026-03-16'
        )
2026-03-15 22:15:07 - Level2 - ✅ INSERT SUCCESSFUL
2026-03-15 22:15:07 - Level3 - Find upline query: SELECT id FROM shonu_subjects WHERE owncode = '116629030908'
2026-03-15 22:15:07 - Level3 - Upline found: 113033
2026-03-15 22:15:07 - Level3 - Insert query: INSERT INTO vyavahara (
            balakedara, ketebida, prakara, purba, bartaman, ayoga, koduvavanu, tiarikala, commission_status, process_date
        ) VALUES (
            '113033', '1000', 'LVLCOMM3', '11751.89525', '11752.69525', '0.8', '1175915', '2026-03-15 22:15:07', 0, '2026-03-16'
        )
2026-03-15 22:15:07 - Level3 - ✅ INSERT SUCCESSFUL
2026-03-15 22:15:07 - ========== COMMISSION.PHP ENDED ==========

2026-03-15 22:15:45 - ========== COMMISSION.PHP STARTED ==========
2026-03-15 22:15:45 - Bet amount: 2000, User ID: 1175915
2026-03-15 22:15:45 - Level commissions: L1=8, L2=5, L3=1.6, L4=0.2, L5=0.1, L6=0.04
2026-03-15 22:15:45 - Codes query: SELECT code, code1, code2, code3, code4, code5 FROM shonu_subjects WHERE id = '1175915'
2026-03-15 22:15:45 - Referral codes: code=7384791175875, code1=400660113602, code2=116629030908, code3=official, code4=, code5=
2026-03-15 22:15:45 - Next process date: 2026-03-16
2026-03-15 22:15:45 - Level1 - Find upline query: SELECT id FROM shonu_subjects WHERE owncode = '7384791175875'
2026-03-15 22:15:45 - Level1 - Upline found: 1175875
2026-03-15 22:15:45 - Level1 - Insert query: INSERT INTO vyavahara (
            balakedara, ketebida, prakara, purba, bartaman, ayoga, koduvavanu, tiarikala, commission_status, process_date
        ) VALUES (
            '1175875', '2000', 'LVLCOMM1', '6038.764', '6046.764', '8', '1175915', '2026-03-15 22:15:45', 0, '2026-03-16'
        )
2026-03-15 22:15:45 - Level1 - ✅ INSERT SUCCESSFUL
2026-03-15 22:15:45 - Level2 - Find upline query: SELECT id FROM shonu_subjects WHERE owncode = '400660113602'
2026-03-15 22:15:45 - Level2 - Upline found: 113607
2026-03-15 22:15:45 - Level2 - Insert query: INSERT INTO vyavahara (
            balakedara, ketebida, prakara, purba, bartaman, ayoga, koduvavanu, tiarikala, commission_status, process_date
        ) VALUES (
            '113607', '2000', 'LVLCOMM2', '0', '5', '5', '1175915', '2026-03-15 22:15:45', 0, '2026-03-16'
        )
2026-03-15 22:15:45 - Level2 - ✅ INSERT SUCCESSFUL
2026-03-15 22:15:45 - Level3 - Find upline query: SELECT id FROM shonu_subjects WHERE owncode = '116629030908'
2026-03-15 22:15:45 - Level3 - Upline found: 113033
2026-03-15 22:15:45 - Level3 - Insert query: INSERT INTO vyavahara (
            balakedara, ketebida, prakara, purba, bartaman, ayoga, koduvavanu, tiarikala, commission_status, process_date
        ) VALUES (
            '113033', '2000', 'LVLCOMM3', '11751.89525', '11753.49525', '1.6', '1175915', '2026-03-15 22:15:45', 0, '2026-03-16'
        )
2026-03-15 22:15:45 - Level3 - ✅ INSERT SUCCESSFUL
2026-03-15 22:15:45 - ========== COMMISSION.PHP ENDED ==========

2026-03-15 22:16:10 - ========== COMMISSION.PHP STARTED ==========
2026-03-15 22:16:10 - Bet amount: 1000, User ID: 1175915
2026-03-15 22:16:10 - Level commissions: L1=4, L2=2.5, L3=0.8, L4=0.1, L5=0.05, L6=0.02
2026-03-15 22:16:10 - Codes query: SELECT code, code1, code2, code3, code4, code5 FROM shonu_subjects WHERE id = '1175915'
2026-03-15 22:16:10 - Referral codes: code=7384791175875, code1=400660113602, code2=116629030908, code3=official, code4=, code5=
2026-03-15 22:16:10 - Next process date: 2026-03-16
2026-03-15 22:16:10 - Level1 - Find upline query: SELECT id FROM shonu_subjects WHERE owncode = '7384791175875'
2026-03-15 22:16:10 - Level1 - Upline found: 1175875
2026-03-15 22:16:10 - Level1 - Insert query: INSERT INTO vyavahara (
            balakedara, ketebida, prakara, purba, bartaman, ayoga, koduvavanu, tiarikala, commission_status, process_date
        ) VALUES (
            '1175875', '1000', 'LVLCOMM1', '6038.764', '6042.764', '4', '1175915', '2026-03-15 22:16:10', 0, '2026-03-16'
        )
2026-03-15 22:16:10 - Level1 - ✅ INSERT SUCCESSFUL
2026-03-15 22:16:10 - Level2 - Find upline query: SELECT id FROM shonu_subjects WHERE owncode = '400660113602'
2026-03-15 22:16:10 - Level2 - Upline found: 113607
2026-03-15 22:16:10 - Level2 - Insert query: INSERT INTO vyavahara (
            balakedara, ketebida, prakara, purba, bartaman, ayoga, koduvavanu, tiarikala, commission_status, process_date
        ) VALUES (
            '113607', '1000', 'LVLCOMM2', '0', '2.5', '2.5', '1175915', '2026-03-15 22:16:10', 0, '2026-03-16'
        )
2026-03-15 22:16:10 - Level2 - ✅ INSERT SUCCESSFUL
2026-03-15 22:16:10 - Level3 - Find upline query: SELECT id FROM shonu_subjects WHERE owncode = '116629030908'
2026-03-15 22:16:10 - Level3 - Upline found: 113033
2026-03-15 22:16:10 - Level3 - Insert query: INSERT INTO vyavahara (
            balakedara, ketebida, prakara, purba, bartaman, ayoga, koduvavanu, tiarikala, commission_status, process_date
        ) VALUES (
            '113033', '1000', 'LVLCOMM3', '11751.89525', '11752.69525', '0.8', '1175915', '2026-03-15 22:16:10', 0, '2026-03-16'
        )
2026-03-15 22:16:10 - Level3 - ✅ INSERT SUCCESSFUL
2026-03-15 22:16:10 - ========== COMMISSION.PHP ENDED ==========

2026-03-15 22:16:41 - ========== COMMISSION.PHP STARTED ==========
2026-03-15 22:16:41 - Bet amount: 3000, User ID: 1175915
2026-03-15 22:16:41 - Level commissions: L1=12, L2=7.5, L3=2.4, L4=0.3, L5=0.15, L6=0.06
2026-03-15 22:16:41 - Codes query: SELECT code, code1, code2, code3, code4, code5 FROM shonu_subjects WHERE id = '1175915'
2026-03-15 22:16:41 - Referral codes: code=7384791175875, code1=400660113602, code2=116629030908, code3=official, code4=, code5=
2026-03-15 22:16:41 - Next process date: 2026-03-16
2026-03-15 22:16:41 - Level1 - Find upline query: SELECT id FROM shonu_subjects WHERE owncode = '7384791175875'
2026-03-15 22:16:41 - Level1 - Upline found: 1175875
2026-03-15 22:16:41 - Level1 - Insert query: INSERT INTO vyavahara (
            balakedara, ketebida, prakara, purba, bartaman, ayoga, koduvavanu, tiarikala, commission_status, process_date
        ) VALUES (
            '1175875', '3000', 'LVLCOMM1', '6038.764', '6050.764', '12', '1175915', '2026-03-15 22:16:41', 0, '2026-03-16'
        )
2026-03-15 22:16:41 - Level1 - ✅ INSERT SUCCESSFUL
2026-03-15 22:16:41 - Level2 - Find upline query: SELECT id FROM shonu_subjects WHERE owncode = '400660113602'
2026-03-15 22:16:41 - Level2 - Upline found: 113607
2026-03-15 22:16:41 - Level2 - Insert query: INSERT INTO vyavahara (
            balakedara, ketebida, prakara, purba, bartaman, ayoga, koduvavanu, tiarikala, commission_status, process_date
        ) VALUES (
            '113607', '3000', 'LVLCOMM2', '0', '7.5', '7.5', '1175915', '2026-03-15 22:16:41', 0, '2026-03-16'
        )
2026-03-15 22:16:41 - Level2 - ✅ INSERT SUCCESSFUL
2026-03-15 22:16:41 - Level3 - Find upline query: SELECT id FROM shonu_subjects WHERE owncode = '116629030908'
2026-03-15 22:16:41 - Level3 - Upline found: 113033
2026-03-15 22:16:41 - Level3 - Insert query: INSERT INTO vyavahara (
            balakedara, ketebida, prakara, purba, bartaman, ayoga, koduvavanu, tiarikala, commission_status, process_date
        ) VALUES (
            '113033', '3000', 'LVLCOMM3', '11751.89525', '11754.29525', '2.4', '1175915', '2026-03-15 22:16:41', 0, '2026-03-16'
        )
2026-03-15 22:16:41 - Level3 - ✅ INSERT SUCCESSFUL
2026-03-15 22:16:41 - ========== COMMISSION.PHP ENDED ==========

2026-03-15 22:17:09 - ========== COMMISSION.PHP STARTED ==========
2026-03-15 22:17:09 - Bet amount: 10000, User ID: 1175915
2026-03-15 22:17:09 - Level commissions: L1=40, L2=25, L3=8, L4=1, L5=0.5, L6=0.2
2026-03-15 22:17:09 - Codes query: SELECT code, code1, code2, code3, code4, code5 FROM shonu_subjects WHERE id = '1175915'
2026-03-15 22:17:09 - Referral codes: code=7384791175875, code1=400660113602, code2=116629030908, code3=official, code4=, code5=
2026-03-15 22:17:09 - Next process date: 2026-03-16
2026-03-15 22:17:09 - Level1 - Find upline query: SELECT id FROM shonu_subjects WHERE owncode = '7384791175875'
2026-03-15 22:17:09 - Level1 - Upline found: 1175875
2026-03-15 22:17:09 - Level1 - Insert query: INSERT INTO vyavahara (
            balakedara, ketebida, prakara, purba, bartaman, ayoga, koduvavanu, tiarikala, commission_status, process_date
        ) VALUES (
            '1175875', '10000', 'LVLCOMM1', '6038.764', '6078.764', '40', '1175915', '2026-03-15 22:17:09', 0, '2026-03-16'
        )
2026-03-15 22:17:09 - Level1 - ✅ INSERT SUCCESSFUL
2026-03-15 22:17:09 - Level2 - Find upline query: SELECT id FROM shonu_subjects WHERE owncode = '400660113602'
2026-03-15 22:17:09 - Level2 - Upline found: 113607
2026-03-15 22:17:09 - Level2 - Insert query: INSERT INTO vyavahara (
            balakedara, ketebida, prakara, purba, bartaman, ayoga, koduvavanu, tiarikala, commission_status, process_date
        ) VALUES (
            '113607', '10000', 'LVLCOMM2', '0', '25', '25', '1175915', '2026-03-15 22:17:09', 0, '2026-03-16'
        )
2026-03-15 22:17:09 - Level2 - ✅ INSERT SUCCESSFUL
2026-03-15 22:17:09 - Level3 - Find upline query: SELECT id FROM shonu_subjects WHERE owncode = '116629030908'
2026-03-15 22:17:09 - Level3 - Upline found: 113033
2026-03-15 22:17:09 - Level3 - Insert query: INSERT INTO vyavahara (
            balakedara, ketebida, prakara, purba, bartaman, ayoga, koduvavanu, tiarikala, commission_status, process_date
        ) VALUES (
            '113033', '10000', 'LVLCOMM3', '11751.89525', '11759.89525', '8', '1175915', '2026-03-15 22:17:09', 0, '2026-03-16'
        )
2026-03-15 22:17:09 - Level3 - ✅ INSERT SUCCESSFUL
2026-03-15 22:17:09 - ========== COMMISSION.PHP ENDED ==========

2026-03-15 22:17:53 - ========== COMMISSION.PHP STARTED ==========
2026-03-15 22:17:53 - Bet amount: 1000, User ID: 1175915
2026-03-15 22:17:53 - Level commissions: L1=4, L2=2.5, L3=0.8, L4=0.1, L5=0.05, L6=0.02
2026-03-15 22:17:53 - Codes query: SELECT code, code1, code2, code3, code4, code5 FROM shonu_subjects WHERE id = '1175915'
2026-03-15 22:17:53 - Referral codes: code=7384791175875, code1=400660113602, code2=116629030908, code3=official, code4=, code5=
2026-03-15 22:17:53 - Next process date: 2026-03-16
2026-03-15 22:17:53 - Level1 - Find upline query: SELECT id FROM shonu_subjects WHERE owncode = '7384791175875'
2026-03-15 22:17:53 - Level1 - Upline found: 1175875
2026-03-15 22:17:53 - Level1 - Insert query: INSERT INTO vyavahara (
            balakedara, ketebida, prakara, purba, bartaman, ayoga, koduvavanu, tiarikala, commission_status, process_date
        ) VALUES (
            '1175875', '1000', 'LVLCOMM1', '6038.764', '6042.764', '4', '1175915', '2026-03-15 22:17:53', 0, '2026-03-16'
        )
2026-03-15 22:17:53 - Level1 - ✅ INSERT SUCCESSFUL
2026-03-15 22:17:53 - Level2 - Find upline query: SELECT id FROM shonu_subjects WHERE owncode = '400660113602'
2026-03-15 22:17:53 - Level2 - Upline found: 113607
2026-03-15 22:17:53 - Level2 - Insert query: INSERT INTO vyavahara (
            balakedara, ketebida, prakara, purba, bartaman, ayoga, koduvavanu, tiarikala, commission_status, process_date
        ) VALUES (
            '113607', '1000', 'LVLCOMM2', '0', '2.5', '2.5', '1175915', '2026-03-15 22:17:53', 0, '2026-03-16'
        )
2026-03-15 22:17:53 - Level2 - ✅ INSERT SUCCESSFUL
2026-03-15 22:17:53 - Level3 - Find upline query: SELECT id FROM shonu_subjects WHERE owncode = '116629030908'
2026-03-15 22:17:53 - Level3 - Upline found: 113033
2026-03-15 22:17:53 - Level3 - Insert query: INSERT INTO vyavahara (
            balakedara, ketebida, prakara, purba, bartaman, ayoga, koduvavanu, tiarikala, commission_status, process_date
        ) VALUES (
            '113033', '1000', 'LVLCOMM3', '11751.89525', '11752.69525', '0.8', '1175915', '2026-03-15 22:17:53', 0, '2026-03-16'
        )
2026-03-15 22:17:53 - Level3 - ✅ INSERT SUCCESSFUL
2026-03-15 22:17:53 - ========== COMMISSION.PHP ENDED ==========

2026-03-15 22:18:12 - ========== COMMISSION.PHP STARTED ==========
2026-03-15 22:18:12 - Bet amount: 3000, User ID: 1175915
2026-03-15 22:18:12 - Level commissions: L1=12, L2=7.5, L3=2.4, L4=0.3, L5=0.15, L6=0.06
2026-03-15 22:18:12 - Codes query: SELECT code, code1, code2, code3, code4, code5 FROM shonu_subjects WHERE id = '1175915'
2026-03-15 22:18:12 - Referral codes: code=7384791175875, code1=400660113602, code2=116629030908, code3=official, code4=, code5=
2026-03-15 22:18:12 - Next process date: 2026-03-16
2026-03-15 22:18:12 - Level1 - Find upline query: SELECT id FROM shonu_subjects WHERE owncode = '7384791175875'
2026-03-15 22:18:12 - Level1 - Upline found: 1175875
2026-03-15 22:18:12 - Level1 - Insert query: INSERT INTO vyavahara (
            balakedara, ketebida, prakara, purba, bartaman, ayoga, koduvavanu, tiarikala, commission_status, process_date
        ) VALUES (
            '1175875', '3000', 'LVLCOMM1', '6038.764', '6050.764', '12', '1175915', '2026-03-15 22:18:12', 0, '2026-03-16'
        )
2026-03-15 22:18:12 - Level1 - ✅ INSERT SUCCESSFUL
2026-03-15 22:18:12 - Level2 - Find upline query: SELECT id FROM shonu_subjects WHERE owncode = '400660113602'
2026-03-15 22:18:12 - Level2 - Upline found: 113607
2026-03-15 22:18:12 - Level2 - Insert query: INSERT INTO vyavahara (
            balakedara, ketebida, prakara, purba, bartaman, ayoga, koduvavanu, tiarikala, commission_status, process_date
        ) VALUES (
            '113607', '3000', 'LVLCOMM2', '0', '7.5', '7.5', '1175915', '2026-03-15 22:18:12', 0, '2026-03-16'
        )
2026-03-15 22:18:12 - Level2 - ✅ INSERT SUCCESSFUL
2026-03-15 22:18:12 - Level3 - Find upline query: SELECT id FROM shonu_subjects WHERE owncode = '116629030908'
2026-03-15 22:18:12 - Level3 - Upline found: 113033
2026-03-15 22:18:12 - Level3 - Insert query: INSERT INTO vyavahara (
            balakedara, ketebida, prakara, purba, bartaman, ayoga, koduvavanu, tiarikala, commission_status, process_date
        ) VALUES (
            '113033', '3000', 'LVLCOMM3', '11751.89525', '11754.29525', '2.4', '1175915', '2026-03-15 22:18:12', 0, '2026-03-16'
        )
2026-03-15 22:18:12 - Level3 - ✅ INSERT SUCCESSFUL
2026-03-15 22:18:12 - ========== COMMISSION.PHP ENDED ==========

2026-03-15 22:18:16 - ========== COMMISSION.PHP STARTED ==========
2026-03-15 22:18:16 - Bet amount: 3000, User ID: 1175915
2026-03-15 22:18:16 - Level commissions: L1=12, L2=7.5, L3=2.4, L4=0.3, L5=0.15, L6=0.06
2026-03-15 22:18:16 - Codes query: SELECT code, code1, code2, code3, code4, code5 FROM shonu_subjects WHERE id = '1175915'
2026-03-15 22:18:16 - Referral codes: code=7384791175875, code1=400660113602, code2=116629030908, code3=official, code4=, code5=
2026-03-15 22:18:16 - Next process date: 2026-03-16
2026-03-15 22:18:16 - Level1 - Find upline query: SELECT id FROM shonu_subjects WHERE owncode = '7384791175875'
2026-03-15 22:18:16 - Level1 - Upline found: 1175875
2026-03-15 22:18:16 - Level1 - Insert query: INSERT INTO vyavahara (
            balakedara, ketebida, prakara, purba, bartaman, ayoga, koduvavanu, tiarikala, commission_status, process_date
        ) VALUES (
            '1175875', '3000', 'LVLCOMM1', '6038.764', '6050.764', '12', '1175915', '2026-03-15 22:18:16', 0, '2026-03-16'
        )
2026-03-15 22:18:16 - Level1 - ✅ INSERT SUCCESSFUL
2026-03-15 22:18:16 - Level2 - Find upline query: SELECT id FROM shonu_subjects WHERE owncode = '400660113602'
2026-03-15 22:18:16 - Level2 - Upline found: 113607
2026-03-15 22:18:16 - Level2 - Insert query: INSERT INTO vyavahara (
            balakedara, ketebida, prakara, purba, bartaman, ayoga, koduvavanu, tiarikala, commission_status, process_date
        ) VALUES (
            '113607', '3000', 'LVLCOMM2', '0', '7.5', '7.5', '1175915', '2026-03-15 22:18:16', 0, '2026-03-16'
        )
2026-03-15 22:18:16 - Level2 - ✅ INSERT SUCCESSFUL
2026-03-15 22:18:16 - Level3 - Find upline query: SELECT id FROM shonu_subjects WHERE owncode = '116629030908'
2026-03-15 22:18:16 - Level3 - Upline found: 113033
2026-03-15 22:18:16 - Level3 - Insert query: INSERT INTO vyavahara (
            balakedara, ketebida, prakara, purba, bartaman, ayoga, koduvavanu, tiarikala, commission_status, process_date
        ) VALUES (
            '113033', '3000', 'LVLCOMM3', '11751.89525', '11754.29525', '2.4', '1175915', '2026-03-15 22:18:16', 0, '2026-03-16'
        )
2026-03-15 22:18:16 - Level3 - ✅ INSERT SUCCESSFUL
2026-03-15 22:18:16 - ========== COMMISSION.PHP ENDED ==========

2026-03-15 22:18:45 - ========== COMMISSION.PHP STARTED ==========
2026-03-15 22:18:45 - Bet amount: 1000, User ID: 1175915
2026-03-15 22:18:45 - Level commissions: L1=4, L2=2.5, L3=0.8, L4=0.1, L5=0.05, L6=0.02
2026-03-15 22:18:45 - Codes query: SELECT code, code1, code2, code3, code4, code5 FROM shonu_subjects WHERE id = '1175915'
2026-03-15 22:18:45 - Referral codes: code=7384791175875, code1=400660113602, code2=116629030908, code3=official, code4=, code5=
2026-03-15 22:18:45 - Next process date: 2026-03-16
2026-03-15 22:18:45 - Level1 - Find upline query: SELECT id FROM shonu_subjects WHERE owncode = '7384791175875'
2026-03-15 22:18:45 - Level1 - Upline found: 1175875
2026-03-15 22:18:45 - Level1 - Insert query: INSERT INTO vyavahara (
            balakedara, ketebida, prakara, purba, bartaman, ayoga, koduvavanu, tiarikala, commission_status, process_date
        ) VALUES (
            '1175875', '1000', 'LVLCOMM1', '6038.764', '6042.764', '4', '1175915', '2026-03-15 22:18:45', 0, '2026-03-16'
        )
2026-03-15 22:18:45 - Level1 - ✅ INSERT SUCCESSFUL
2026-03-15 22:18:45 - Level2 - Find upline query: SELECT id FROM shonu_subjects WHERE owncode = '400660113602'
2026-03-15 22:18:45 - Level2 - Upline found: 113607
2026-03-15 22:18:45 - Level2 - Insert query: INSERT INTO vyavahara (
            balakedara, ketebida, prakara, purba, bartaman, ayoga, koduvavanu, tiarikala, commission_status, process_date
        ) VALUES (
            '113607', '1000', 'LVLCOMM2', '0', '2.5', '2.5', '1175915', '2026-03-15 22:18:45', 0, '2026-03-16'
        )
2026-03-15 22:18:45 - Level2 - ✅ INSERT SUCCESSFUL
2026-03-15 22:18:45 - Level3 - Find upline query: SELECT id FROM shonu_subjects WHERE owncode = '116629030908'
2026-03-15 22:18:45 - Level3 - Upline found: 113033
2026-03-15 22:18:45 - Level3 - Insert query: INSERT INTO vyavahara (
            balakedara, ketebida, prakara, purba, bartaman, ayoga, koduvavanu, tiarikala, commission_status, process_date
        ) VALUES (
            '113033', '1000', 'LVLCOMM3', '11751.89525', '11752.69525', '0.8', '1175915', '2026-03-15 22:18:45', 0, '2026-03-16'
        )
2026-03-15 22:18:45 - Level3 - ✅ INSERT SUCCESSFUL
2026-03-15 22:18:45 - ========== COMMISSION.PHP ENDED ==========

2026-03-15 22:19:07 - ========== COMMISSION.PHP STARTED ==========
2026-03-15 22:19:07 - Bet amount: 1000, User ID: 1175915
2026-03-15 22:19:07 - Level commissions: L1=4, L2=2.5, L3=0.8, L4=0.1, L5=0.05, L6=0.02
2026-03-15 22:19:07 - Codes query: SELECT code, code1, code2, code3, code4, code5 FROM shonu_subjects WHERE id = '1175915'
2026-03-15 22:19:07 - Referral codes: code=7384791175875, code1=400660113602, code2=116629030908, code3=official, code4=, code5=
2026-03-15 22:19:07 - Next process date: 2026-03-16
2026-03-15 22:19:07 - Level1 - Find upline query: SELECT id FROM shonu_subjects WHERE owncode = '7384791175875'
2026-03-15 22:19:07 - Level1 - Upline found: 1175875
2026-03-15 22:19:07 - Level1 - Insert query: INSERT INTO vyavahara (
            balakedara, ketebida, prakara, purba, bartaman, ayoga, koduvavanu, tiarikala, commission_status, process_date
        ) VALUES (
            '1175875', '1000', 'LVLCOMM1', '6038.764', '6042.764', '4', '1175915', '2026-03-15 22:19:07', 0, '2026-03-16'
        )
2026-03-15 22:19:07 - Level1 - ✅ INSERT SUCCESSFUL
2026-03-15 22:19:07 - Level2 - Find upline query: SELECT id FROM shonu_subjects WHERE owncode = '400660113602'
2026-03-15 22:19:07 - Level2 - Upline found: 113607
2026-03-15 22:19:07 - Level2 - Insert query: INSERT INTO vyavahara (
            balakedara, ketebida, prakara, purba, bartaman, ayoga, koduvavanu, tiarikala, commission_status, process_date
        ) VALUES (
            '113607', '1000', 'LVLCOMM2', '0', '2.5', '2.5', '1175915', '2026-03-15 22:19:07', 0, '2026-03-16'
        )
2026-03-15 22:19:07 - Level2 - ✅ INSERT SUCCESSFUL
2026-03-15 22:19:07 - Level3 - Find upline query: SELECT id FROM shonu_subjects WHERE owncode = '116629030908'
2026-03-15 22:19:07 - Level3 - Upline found: 113033
2026-03-15 22:19:07 - Level3 - Insert query: INSERT INTO vyavahara (
            balakedara, ketebida, prakara, purba, bartaman, ayoga, koduvavanu, tiarikala, commission_status, process_date
        ) VALUES (
            '113033', '1000', 'LVLCOMM3', '11751.89525', '11752.69525', '0.8', '1175915', '2026-03-15 22:19:07', 0, '2026-03-16'
        )
2026-03-15 22:19:07 - Level3 - ✅ INSERT SUCCESSFUL
2026-03-15 22:19:07 - ========== COMMISSION.PHP ENDED ==========

2026-03-15 22:19:37 - ========== COMMISSION.PHP STARTED ==========
2026-03-15 22:19:37 - Bet amount: 1000, User ID: 1175915
2026-03-15 22:19:37 - Level commissions: L1=4, L2=2.5, L3=0.8, L4=0.1, L5=0.05, L6=0.02
2026-03-15 22:19:37 - Codes query: SELECT code, code1, code2, code3, code4, code5 FROM shonu_subjects WHERE id = '1175915'
2026-03-15 22:19:37 - Referral codes: code=7384791175875, code1=400660113602, code2=116629030908, code3=official, code4=, code5=
2026-03-15 22:19:37 - Next process date: 2026-03-16
2026-03-15 22:19:37 - Level1 - Find upline query: SELECT id FROM shonu_subjects WHERE owncode = '7384791175875'
2026-03-15 22:19:37 - Level1 - Upline found: 1175875
2026-03-15 22:19:37 - Level1 - Insert query: INSERT INTO vyavahara (
            balakedara, ketebida, prakara, purba, bartaman, ayoga, koduvavanu, tiarikala, commission_status, process_date
        ) VALUES (
            '1175875', '1000', 'LVLCOMM1', '6038.764', '6042.764', '4', '1175915', '2026-03-15 22:19:37', 0, '2026-03-16'
        )
2026-03-15 22:19:37 - Level1 - ✅ INSERT SUCCESSFUL
2026-03-15 22:19:37 - Level2 - Find upline query: SELECT id FROM shonu_subjects WHERE owncode = '400660113602'
2026-03-15 22:19:37 - Level2 - Upline found: 113607
2026-03-15 22:19:37 - Level2 - Insert query: INSERT INTO vyavahara (
            balakedara, ketebida, prakara, purba, bartaman, ayoga, koduvavanu, tiarikala, commission_status, process_date
        ) VALUES (
            '113607', '1000', 'LVLCOMM2', '0', '2.5', '2.5', '1175915', '2026-03-15 22:19:37', 0, '2026-03-16'
        )
2026-03-15 22:19:37 - Level2 - ✅ INSERT SUCCESSFUL
2026-03-15 22:19:37 - Level3 - Find upline query: SELECT id FROM shonu_subjects WHERE owncode = '116629030908'
2026-03-15 22:19:37 - Level3 - Upline found: 113033
2026-03-15 22:19:37 - Level3 - Insert query: INSERT INTO vyavahara (
            balakedara, ketebida, prakara, purba, bartaman, ayoga, koduvavanu, tiarikala, commission_status, process_date
        ) VALUES (
            '113033', '1000', 'LVLCOMM3', '11751.89525', '11752.69525', '0.8', '1175915', '2026-03-15 22:19:37', 0, '2026-03-16'
        )
2026-03-15 22:19:37 - Level3 - ✅ INSERT SUCCESSFUL
2026-03-15 22:19:37 - ========== COMMISSION.PHP ENDED ==========

2026-03-15 22:20:16 - ========== COMMISSION.PHP STARTED ==========
2026-03-15 22:20:16 - Bet amount: 3000, User ID: 1175915
2026-03-15 22:20:16 - Level commissions: L1=12, L2=7.5, L3=2.4, L4=0.3, L5=0.15, L6=0.06
2026-03-15 22:20:16 - Codes query: SELECT code, code1, code2, code3, code4, code5 FROM shonu_subjects WHERE id = '1175915'
2026-03-15 22:20:16 - Referral codes: code=7384791175875, code1=400660113602, code2=116629030908, code3=official, code4=, code5=
2026-03-15 22:20:16 - Next process date: 2026-03-16
2026-03-15 22:20:16 - Level1 - Find upline query: SELECT id FROM shonu_subjects WHERE owncode = '7384791175875'
2026-03-15 22:20:16 - Level1 - Upline found: 1175875
2026-03-15 22:20:16 - Level1 - Insert query: INSERT INTO vyavahara (
            balakedara, ketebida, prakara, purba, bartaman, ayoga, koduvavanu, tiarikala, commission_status, process_date
        ) VALUES (
            '1175875', '3000', 'LVLCOMM1', '6038.764', '6050.764', '12', '1175915', '2026-03-15 22:20:16', 0, '2026-03-16'
        )
2026-03-15 22:20:16 - Level1 - ✅ INSERT SUCCESSFUL
2026-03-15 22:20:16 - Level2 - Find upline query: SELECT id FROM shonu_subjects WHERE owncode = '400660113602'
2026-03-15 22:20:16 - Level2 - Upline found: 113607
2026-03-15 22:20:16 - Level2 - Insert query: INSERT INTO vyavahara (
            balakedara, ketebida, prakara, purba, bartaman, ayoga, koduvavanu, tiarikala, commission_status, process_date
        ) VALUES (
            '113607', '3000', 'LVLCOMM2', '0', '7.5', '7.5', '1175915', '2026-03-15 22:20:16', 0, '2026-03-16'
        )
2026-03-15 22:20:16 - Level2 - ✅ INSERT SUCCESSFUL
2026-03-15 22:20:16 - Level3 - Find upline query: SELECT id FROM shonu_subjects WHERE owncode = '116629030908'
2026-03-15 22:20:16 - Level3 - Upline found: 113033
2026-03-15 22:20:16 - Level3 - Insert query: INSERT INTO vyavahara (
            balakedara, ketebida, prakara, purba, bartaman, ayoga, koduvavanu, tiarikala, commission_status, process_date
        ) VALUES (
            '113033', '3000', 'LVLCOMM3', '11751.89525', '11754.29525', '2.4', '1175915', '2026-03-15 22:20:16', 0, '2026-03-16'
        )
2026-03-15 22:20:16 - Level3 - ✅ INSERT SUCCESSFUL
2026-03-15 22:20:16 - ========== COMMISSION.PHP ENDED ==========

2026-03-15 22:20:38 - ========== COMMISSION.PHP STARTED ==========
2026-03-15 22:20:38 - Bet amount: 5000, User ID: 1175915
2026-03-15 22:20:38 - Level commissions: L1=20, L2=12.5, L3=4, L4=0.5, L5=0.25, L6=0.1
2026-03-15 22:20:38 - Codes query: SELECT code, code1, code2, code3, code4, code5 FROM shonu_subjects WHERE id = '1175915'
2026-03-15 22:20:38 - Referral codes: code=7384791175875, code1=400660113602, code2=116629030908, code3=official, code4=, code5=
2026-03-15 22:20:38 - Next process date: 2026-03-16
2026-03-15 22:20:38 - Level1 - Find upline query: SELECT id FROM shonu_subjects WHERE owncode = '7384791175875'
2026-03-15 22:20:38 - Level1 - Upline found: 1175875
2026-03-15 22:20:38 - Level1 - Insert query: INSERT INTO vyavahara (
            balakedara, ketebida, prakara, purba, bartaman, ayoga, koduvavanu, tiarikala, commission_status, process_date
        ) VALUES (
            '1175875', '5000', 'LVLCOMM1', '6038.764', '6058.764', '20', '1175915', '2026-03-15 22:20:38', 0, '2026-03-16'
        )
2026-03-15 22:20:38 - Level1 - ✅ INSERT SUCCESSFUL
2026-03-15 22:20:38 - Level2 - Find upline query: SELECT id FROM shonu_subjects WHERE owncode = '400660113602'
2026-03-15 22:20:38 - Level2 - Upline found: 113607
2026-03-15 22:20:38 - Level2 - Insert query: INSERT INTO vyavahara (
            balakedara, ketebida, prakara, purba, bartaman, ayoga, koduvavanu, tiarikala, commission_status, process_date
        ) VALUES (
            '113607', '5000', 'LVLCOMM2', '0', '12.5', '12.5', '1175915', '2026-03-15 22:20:38', 0, '2026-03-16'
        )
2026-03-15 22:20:38 - Level2 - ✅ INSERT SUCCESSFUL
2026-03-15 22:20:38 - Level3 - Find upline query: SELECT id FROM shonu_subjects WHERE owncode = '116629030908'
2026-03-15 22:20:38 - Level3 - Upline found: 113033
2026-03-15 22:20:38 - Level3 - Insert query: INSERT INTO vyavahara (
            balakedara, ketebida, prakara, purba, bartaman, ayoga, koduvavanu, tiarikala, commission_status, process_date
        ) VALUES (
            '113033', '5000', 'LVLCOMM3', '11751.89525', '11755.89525', '4', '1175915', '2026-03-15 22:20:38', 0, '2026-03-16'
        )
2026-03-15 22:20:38 - Level3 - ✅ INSERT SUCCESSFUL
2026-03-15 22:20:38 - ========== COMMISSION.PHP ENDED ==========

2026-03-15 22:21:19 - ========== COMMISSION.PHP STARTED ==========
2026-03-15 22:21:19 - Bet amount: 1000, User ID: 1175915
2026-03-15 22:21:19 - Level commissions: L1=4, L2=2.5, L3=0.8, L4=0.1, L5=0.05, L6=0.02
2026-03-15 22:21:19 - Codes query: SELECT code, code1, code2, code3, code4, code5 FROM shonu_subjects WHERE id = '1175915'
2026-03-15 22:21:19 - Referral codes: code=7384791175875, code1=400660113602, code2=116629030908, code3=official, code4=, code5=
2026-03-15 22:21:19 - Next process date: 2026-03-16
2026-03-15 22:21:19 - Level1 - Find upline query: SELECT id FROM shonu_subjects WHERE owncode = '7384791175875'
2026-03-15 22:21:19 - Level1 - Upline found: 1175875
2026-03-15 22:21:19 - Level1 - Insert query: INSERT INTO vyavahara (
            balakedara, ketebida, prakara, purba, bartaman, ayoga, koduvavanu, tiarikala, commission_status, process_date
        ) VALUES (
            '1175875', '1000', 'LVLCOMM1', '6038.764', '6042.764', '4', '1175915', '2026-03-15 22:21:19', 0, '2026-03-16'
        )
2026-03-15 22:21:19 - Level1 - ✅ INSERT SUCCESSFUL
2026-03-15 22:21:19 - Level2 - Find upline query: SELECT id FROM shonu_subjects WHERE owncode = '400660113602'
2026-03-15 22:21:19 - Level2 - Upline found: 113607
2026-03-15 22:21:19 - Level2 - Insert query: INSERT INTO vyavahara (
            balakedara, ketebida, prakara, purba, bartaman, ayoga, koduvavanu, tiarikala, commission_status, process_date
        ) VALUES (
            '113607', '1000', 'LVLCOMM2', '0', '2.5', '2.5', '1175915', '2026-03-15 22:21:19', 0, '2026-03-16'
        )
2026-03-15 22:21:19 - Level2 - ✅ INSERT SUCCESSFUL
2026-03-15 22:21:19 - Level3 - Find upline query: SELECT id FROM shonu_subjects WHERE owncode = '116629030908'
2026-03-15 22:21:19 - Level3 - Upline found: 113033
2026-03-15 22:21:19 - Level3 - Insert query: INSERT INTO vyavahara (
            balakedara, ketebida, prakara, purba, bartaman, ayoga, koduvavanu, tiarikala, commission_status, process_date
        ) VALUES (
            '113033', '1000', 'LVLCOMM3', '11751.89525', '11752.69525', '0.8', '1175915', '2026-03-15 22:21:19', 0, '2026-03-16'
        )
2026-03-15 22:21:19 - Level3 - ✅ INSERT SUCCESSFUL
2026-03-15 22:21:19 - ========== COMMISSION.PHP ENDED ==========

2026-03-15 22:21:40 - ========== COMMISSION.PHP STARTED ==========
2026-03-15 22:21:40 - Bet amount: 3000, User ID: 1175915
2026-03-15 22:21:40 - Level commissions: L1=12, L2=7.5, L3=2.4, L4=0.3, L5=0.15, L6=0.06
2026-03-15 22:21:40 - Codes query: SELECT code, code1, code2, code3, code4, code5 FROM shonu_subjects WHERE id = '1175915'
2026-03-15 22:21:40 - Referral codes: code=7384791175875, code1=400660113602, code2=116629030908, code3=official, code4=, code5=
2026-03-15 22:21:40 - Next process date: 2026-03-16
2026-03-15 22:21:40 - Level1 - Find upline query: SELECT id FROM shonu_subjects WHERE owncode = '7384791175875'
2026-03-15 22:21:40 - Level1 - Upline found: 1175875
2026-03-15 22:21:40 - Level1 - Insert query: INSERT INTO vyavahara (
            balakedara, ketebida, prakara, purba, bartaman, ayoga, koduvavanu, tiarikala, commission_status, process_date
        ) VALUES (
            '1175875', '3000', 'LVLCOMM1', '6038.764', '6050.764', '12', '1175915', '2026-03-15 22:21:40', 0, '2026-03-16'
        )
2026-03-15 22:21:40 - Level1 - ✅ INSERT SUCCESSFUL
2026-03-15 22:21:40 - Level2 - Find upline query: SELECT id FROM shonu_subjects WHERE owncode = '400660113602'
2026-03-15 22:21:40 - Level2 - Upline found: 113607
2026-03-15 22:21:40 - Level2 - Insert query: INSERT INTO vyavahara (
            balakedara, ketebida, prakara, purba, bartaman, ayoga, koduvavanu, tiarikala, commission_status, process_date
        ) VALUES (
            '113607', '3000', 'LVLCOMM2', '0', '7.5', '7.5', '1175915', '2026-03-15 22:21:40', 0, '2026-03-16'
        )
2026-03-15 22:21:40 - Level2 - ✅ INSERT SUCCESSFUL
2026-03-15 22:21:40 - Level3 - Find upline query: SELECT id FROM shonu_subjects WHERE owncode = '116629030908'
2026-03-15 22:21:40 - Level3 - Upline found: 113033
2026-03-15 22:21:40 - Level3 - Insert query: INSERT INTO vyavahara (
            balakedara, ketebida, prakara, purba, bartaman, ayoga, koduvavanu, tiarikala, commission_status, process_date
        ) VALUES (
            '113033', '3000', 'LVLCOMM3', '11751.89525', '11754.29525', '2.4', '1175915', '2026-03-15 22:21:40', 0, '2026-03-16'
        )
2026-03-15 22:21:40 - Level3 - ✅ INSERT SUCCESSFUL
2026-03-15 22:21:40 - ========== COMMISSION.PHP ENDED ==========

2026-03-15 22:22:11 - ========== COMMISSION.PHP STARTED ==========
2026-03-15 22:22:11 - Bet amount: 1000, User ID: 1175915
2026-03-15 22:22:11 - Level commissions: L1=4, L2=2.5, L3=0.8, L4=0.1, L5=0.05, L6=0.02
2026-03-15 22:22:11 - Codes query: SELECT code, code1, code2, code3, code4, code5 FROM shonu_subjects WHERE id = '1175915'
2026-03-15 22:22:11 - Referral codes: code=7384791175875, code1=400660113602, code2=116629030908, code3=official, code4=, code5=
2026-03-15 22:22:11 - Next process date: 2026-03-16
2026-03-15 22:22:11 - Level1 - Find upline query: SELECT id FROM shonu_subjects WHERE owncode = '7384791175875'
2026-03-15 22:22:11 - Level1 - Upline found: 1175875
2026-03-15 22:22:11 - Level1 - Insert query: INSERT INTO vyavahara (
            balakedara, ketebida, prakara, purba, bartaman, ayoga, koduvavanu, tiarikala, commission_status, process_date
        ) VALUES (
            '1175875', '1000', 'LVLCOMM1', '6038.764', '6042.764', '4', '1175915', '2026-03-15 22:22:11', 0, '2026-03-16'
        )
2026-03-15 22:22:11 - Level1 - ✅ INSERT SUCCESSFUL
2026-03-15 22:22:11 - Level2 - Find upline query: SELECT id FROM shonu_subjects WHERE owncode = '400660113602'
2026-03-15 22:22:11 - Level2 - Upline found: 113607
2026-03-15 22:22:11 - Level2 - Insert query: INSERT INTO vyavahara (
            balakedara, ketebida, prakara, purba, bartaman, ayoga, koduvavanu, tiarikala, commission_status, process_date
        ) VALUES (
            '113607', '1000', 'LVLCOMM2', '0', '2.5', '2.5', '1175915', '2026-03-15 22:22:11', 0, '2026-03-16'
        )
2026-03-15 22:22:11 - Level2 - ✅ INSERT SUCCESSFUL
2026-03-15 22:22:11 - Level3 - Find upline query: SELECT id FROM shonu_subjects WHERE owncode = '116629030908'
2026-03-15 22:22:11 - Level3 - Upline found: 113033
2026-03-15 22:22:11 - Level3 - Insert query: INSERT INTO vyavahara (
            balakedara, ketebida, prakara, purba, bartaman, ayoga, koduvavanu, tiarikala, commission_status, process_date
        ) VALUES (
            '113033', '1000', 'LVLCOMM3', '11751.89525', '11752.69525', '0.8', '1175915', '2026-03-15 22:22:11', 0, '2026-03-16'
        )
2026-03-15 22:22:11 - Level3 - ✅ INSERT SUCCESSFUL
2026-03-15 22:22:11 - ========== COMMISSION.PHP ENDED ==========

2026-03-15 22:22:38 - ========== COMMISSION.PHP STARTED ==========
2026-03-15 22:22:38 - Bet amount: 1000, User ID: 1175915
2026-03-15 22:22:38 - Level commissions: L1=4, L2=2.5, L3=0.8, L4=0.1, L5=0.05, L6=0.02
2026-03-15 22:22:38 - Codes query: SELECT code, code1, code2, code3, code4, code5 FROM shonu_subjects WHERE id = '1175915'
2026-03-15 22:22:38 - Referral codes: code=7384791175875, code1=400660113602, code2=116629030908, code3=official, code4=, code5=
2026-03-15 22:22:38 - Next process date: 2026-03-16
2026-03-15 22:22:38 - Level1 - Find upline query: SELECT id FROM shonu_subjects WHERE owncode = '7384791175875'
2026-03-15 22:22:38 - Level1 - Upline found: 1175875
2026-03-15 22:22:38 - Level1 - Insert query: INSERT INTO vyavahara (
            balakedara, ketebida, prakara, purba, bartaman, ayoga, koduvavanu, tiarikala, commission_status, process_date
        ) VALUES (
            '1175875', '1000', 'LVLCOMM1', '6038.764', '6042.764', '4', '1175915', '2026-03-15 22:22:38', 0, '2026-03-16'
        )
2026-03-15 22:22:38 - Level1 - ✅ INSERT SUCCESSFUL
2026-03-15 22:22:38 - Level2 - Find upline query: SELECT id FROM shonu_subjects WHERE owncode = '400660113602'
2026-03-15 22:22:38 - Level2 - Upline found: 113607
2026-03-15 22:22:38 - Level2 - Insert query: INSERT INTO vyavahara (
            balakedara, ketebida, prakara, purba, bartaman, ayoga, koduvavanu, tiarikala, commission_status, process_date
        ) VALUES (
            '113607', '1000', 'LVLCOMM2', '0', '2.5', '2.5', '1175915', '2026-03-15 22:22:38', 0, '2026-03-16'
        )
2026-03-15 22:22:38 - Level2 - ✅ INSERT SUCCESSFUL
2026-03-15 22:22:38 - Level3 - Find upline query: SELECT id FROM shonu_subjects WHERE owncode = '116629030908'
2026-03-15 22:22:38 - Level3 - Upline found: 113033
2026-03-15 22:22:38 - Level3 - Insert query: INSERT INTO vyavahara (
            balakedara, ketebida, prakara, purba, bartaman, ayoga, koduvavanu, tiarikala, commission_status, process_date
        ) VALUES (
            '113033', '1000', 'LVLCOMM3', '11751.89525', '11752.69525', '0.8', '1175915', '2026-03-15 22:22:38', 0, '2026-03-16'
        )
2026-03-15 22:22:38 - Level3 - ✅ INSERT SUCCESSFUL
2026-03-15 22:22:38 - ========== COMMISSION.PHP ENDED ==========

2026-03-15 22:23:12 - ========== COMMISSION.PHP STARTED ==========
2026-03-15 22:23:12 - Bet amount: 3000, User ID: 1175915
2026-03-15 22:23:12 - Level commissions: L1=12, L2=7.5, L3=2.4, L4=0.3, L5=0.15, L6=0.06
2026-03-15 22:23:12 - Codes query: SELECT code, code1, code2, code3, code4, code5 FROM shonu_subjects WHERE id = '1175915'
2026-03-15 22:23:12 - Referral codes: code=7384791175875, code1=400660113602, code2=116629030908, code3=official, code4=, code5=
2026-03-15 22:23:12 - Next process date: 2026-03-16
2026-03-15 22:23:12 - Level1 - Find upline query: SELECT id FROM shonu_subjects WHERE owncode = '7384791175875'
2026-03-15 22:23:12 - Level1 - Upline found: 1175875
2026-03-15 22:23:12 - Level1 - Insert query: INSERT INTO vyavahara (
            balakedara, ketebida, prakara, purba, bartaman, ayoga, koduvavanu, tiarikala, commission_status, process_date
        ) VALUES (
            '1175875', '3000', 'LVLCOMM1', '6038.764', '6050.764', '12', '1175915', '2026-03-15 22:23:12', 0, '2026-03-16'
        )
2026-03-15 22:23:12 - Level1 - ✅ INSERT SUCCESSFUL
2026-03-15 22:23:12 - Level2 - Find upline query: SELECT id FROM shonu_subjects WHERE owncode = '400660113602'
2026-03-15 22:23:12 - Level2 - Upline found: 113607
2026-03-15 22:23:12 - Level2 - Insert query: INSERT INTO vyavahara (
            balakedara, ketebida, prakara, purba, bartaman, ayoga, koduvavanu, tiarikala, commission_status, process_date
        ) VALUES (
            '113607', '3000', 'LVLCOMM2', '0', '7.5', '7.5', '1175915', '2026-03-15 22:23:12', 0, '2026-03-16'
        )
2026-03-15 22:23:12 - Level2 - ✅ INSERT SUCCESSFUL
2026-03-15 22:23:12 - Level3 - Find upline query: SELECT id FROM shonu_subjects WHERE owncode = '116629030908'
2026-03-15 22:23:12 - Level3 - Upline found: 113033
2026-03-15 22:23:12 - Level3 - Insert query: INSERT INTO vyavahara (
            balakedara, ketebida, prakara, purba, bartaman, ayoga, koduvavanu, tiarikala, commission_status, process_date
        ) VALUES (
            '113033', '3000', 'LVLCOMM3', '11751.89525', '11754.29525', '2.4', '1175915', '2026-03-15 22:23:12', 0, '2026-03-16'
        )
2026-03-15 22:23:12 - Level3 - ✅ INSERT SUCCESSFUL
2026-03-15 22:23:12 - ========== COMMISSION.PHP ENDED ==========

2026-03-15 22:23:55 - ========== COMMISSION.PHP STARTED ==========
2026-03-15 22:23:55 - Bet amount: 5000, User ID: 1175915
2026-03-15 22:23:55 - Level commissions: L1=20, L2=12.5, L3=4, L4=0.5, L5=0.25, L6=0.1
2026-03-15 22:23:55 - Codes query: SELECT code, code1, code2, code3, code4, code5 FROM shonu_subjects WHERE id = '1175915'
2026-03-15 22:23:55 - Referral codes: code=7384791175875, code1=400660113602, code2=116629030908, code3=official, code4=, code5=
2026-03-15 22:23:55 - Next process date: 2026-03-16
2026-03-15 22:23:55 - Level1 - Find upline query: SELECT id FROM shonu_subjects WHERE owncode = '7384791175875'
2026-03-15 22:23:55 - Level1 - Upline found: 1175875
2026-03-15 22:23:55 - Level1 - Insert query: INSERT INTO vyavahara (
            balakedara, ketebida, prakara, purba, bartaman, ayoga, koduvavanu, tiarikala, commission_status, process_date
        ) VALUES (
            '1175875', '5000', 'LVLCOMM1', '6038.764', '6058.764', '20', '1175915', '2026-03-15 22:23:55', 0, '2026-03-16'
        )
2026-03-15 22:23:55 - Level1 - ✅ INSERT SUCCESSFUL
2026-03-15 22:23:55 - Level2 - Find upline query: SELECT id FROM shonu_subjects WHERE owncode = '400660113602'
2026-03-15 22:23:55 - Level2 - Upline found: 113607
2026-03-15 22:23:55 - Level2 - Insert query: INSERT INTO vyavahara (
            balakedara, ketebida, prakara, purba, bartaman, ayoga, koduvavanu, tiarikala, commission_status, process_date
        ) VALUES (
            '113607', '5000', 'LVLCOMM2', '0', '12.5', '12.5', '1175915', '2026-03-15 22:23:55', 0, '2026-03-16'
        )
2026-03-15 22:23:55 - Level2 - ✅ INSERT SUCCESSFUL
2026-03-15 22:23:55 - Level3 - Find upline query: SELECT id FROM shonu_subjects WHERE owncode = '116629030908'
2026-03-15 22:23:55 - Level3 - Upline found: 113033
2026-03-15 22:23:55 - Level3 - Insert query: INSERT INTO vyavahara (
            balakedara, ketebida, prakara, purba, bartaman, ayoga, koduvavanu, tiarikala, commission_status, process_date
        ) VALUES (
            '113033', '5000', 'LVLCOMM3', '11751.89525', '11755.89525', '4', '1175915', '2026-03-15 22:23:55', 0, '2026-03-16'
        )
2026-03-15 22:23:55 - Level3 - ✅ INSERT SUCCESSFUL
2026-03-15 22:23:55 - ========== COMMISSION.PHP ENDED ==========

2026-03-15 22:24:09 - ========== COMMISSION.PHP STARTED ==========
2026-03-15 22:24:09 - Bet amount: 1000, User ID: 1175915
2026-03-15 22:24:09 - Level commissions: L1=4, L2=2.5, L3=0.8, L4=0.1, L5=0.05, L6=0.02
2026-03-15 22:24:09 - Codes query: SELECT code, code1, code2, code3, code4, code5 FROM shonu_subjects WHERE id = '1175915'
2026-03-15 22:24:09 - Referral codes: code=7384791175875, code1=400660113602, code2=116629030908, code3=official, code4=, code5=
2026-03-15 22:24:09 - Next process date: 2026-03-16
2026-03-15 22:24:09 - Level1 - Find upline query: SELECT id FROM shonu_subjects WHERE owncode = '7384791175875'
2026-03-15 22:24:09 - Level1 - Upline found: 1175875
2026-03-15 22:24:09 - Level1 - Insert query: INSERT INTO vyavahara (
            balakedara, ketebida, prakara, purba, bartaman, ayoga, koduvavanu, tiarikala, commission_status, process_date
        ) VALUES (
            '1175875', '1000', 'LVLCOMM1', '6038.764', '6042.764', '4', '1175915', '2026-03-15 22:24:09', 0, '2026-03-16'
        )
2026-03-15 22:24:09 - Level1 - ✅ INSERT SUCCESSFUL
2026-03-15 22:24:09 - Level2 - Find upline query: SELECT id FROM shonu_subjects WHERE owncode = '400660113602'
2026-03-15 22:24:09 - Level2 - Upline found: 113607
2026-03-15 22:24:09 - Level2 - Insert query: INSERT INTO vyavahara (
            balakedara, ketebida, prakara, purba, bartaman, ayoga, koduvavanu, tiarikala, commission_status, process_date
        ) VALUES (
            '113607', '1000', 'LVLCOMM2', '0', '2.5', '2.5', '1175915', '2026-03-15 22:24:09', 0, '2026-03-16'
        )
2026-03-15 22:24:09 - Level2 - ✅ INSERT SUCCESSFUL
2026-03-15 22:24:09 - Level3 - Find upline query: SELECT id FROM shonu_subjects WHERE owncode = '116629030908'
2026-03-15 22:24:09 - Level3 - Upline found: 113033
2026-03-15 22:24:09 - Level3 - Insert query: INSERT INTO vyavahara (
            balakedara, ketebida, prakara, purba, bartaman, ayoga, koduvavanu, tiarikala, commission_status, process_date
        ) VALUES (
            '113033', '1000', 'LVLCOMM3', '11751.89525', '11752.69525', '0.8', '1175915', '2026-03-15 22:24:09', 0, '2026-03-16'
        )
2026-03-15 22:24:09 - Level3 - ✅ INSERT SUCCESSFUL
2026-03-15 22:24:09 - ========== COMMISSION.PHP ENDED ==========

2026-03-15 22:24:39 - ========== COMMISSION.PHP STARTED ==========
2026-03-15 22:24:39 - Bet amount: 1000, User ID: 1175915
2026-03-15 22:24:39 - Level commissions: L1=4, L2=2.5, L3=0.8, L4=0.1, L5=0.05, L6=0.02
2026-03-15 22:24:39 - Codes query: SELECT code, code1, code2, code3, code4, code5 FROM shonu_subjects WHERE id = '1175915'
2026-03-15 22:24:39 - Referral codes: code=7384791175875, code1=400660113602, code2=116629030908, code3=official, code4=, code5=
2026-03-15 22:24:39 - Next process date: 2026-03-16
2026-03-15 22:24:39 - Level1 - Find upline query: SELECT id FROM shonu_subjects WHERE owncode = '7384791175875'
2026-03-15 22:24:40 - Level1 - Upline found: 1175875
2026-03-15 22:24:40 - Level1 - Insert query: INSERT INTO vyavahara (
            balakedara, ketebida, prakara, purba, bartaman, ayoga, koduvavanu, tiarikala, commission_status, process_date
        ) VALUES (
            '1175875', '1000', 'LVLCOMM1', '6038.764', '6042.764', '4', '1175915', '2026-03-15 22:24:39', 0, '2026-03-16'
        )
2026-03-15 22:24:40 - Level1 - ✅ INSERT SUCCESSFUL
2026-03-15 22:24:40 - Level2 - Find upline query: SELECT id FROM shonu_subjects WHERE owncode = '400660113602'
2026-03-15 22:24:40 - Level2 - Upline found: 113607
2026-03-15 22:24:40 - Level2 - Insert query: INSERT INTO vyavahara (
            balakedara, ketebida, prakara, purba, bartaman, ayoga, koduvavanu, tiarikala, commission_status, process_date
        ) VALUES (
            '113607', '1000', 'LVLCOMM2', '0', '2.5', '2.5', '1175915', '2026-03-15 22:24:39', 0, '2026-03-16'
        )
2026-03-15 22:24:40 - Level2 - ✅ INSERT SUCCESSFUL
2026-03-15 22:24:40 - Level3 - Find upline query: SELECT id FROM shonu_subjects WHERE owncode = '116629030908'
2026-03-15 22:24:40 - Level3 - Upline found: 113033
2026-03-15 22:24:40 - Level3 - Insert query: INSERT INTO vyavahara (
            balakedara, ketebida, prakara, purba, bartaman, ayoga, koduvavanu, tiarikala, commission_status, process_date
        ) VALUES (
            '113033', '1000', 'LVLCOMM3', '11751.89525', '11752.69525', '0.8', '1175915', '2026-03-15 22:24:39', 0, '2026-03-16'
        )
2026-03-15 22:24:40 - Level3 - ✅ INSERT SUCCESSFUL
2026-03-15 22:24:40 - ========== COMMISSION.PHP ENDED ==========

2026-03-15 22:25:10 - ========== COMMISSION.PHP STARTED ==========
2026-03-15 22:25:10 - Bet amount: 1000, User ID: 1175915
2026-03-15 22:25:10 - Level commissions: L1=4, L2=2.5, L3=0.8, L4=0.1, L5=0.05, L6=0.02
2026-03-15 22:25:10 - Codes query: SELECT code, code1, code2, code3, code4, code5 FROM shonu_subjects WHERE id = '1175915'
2026-03-15 22:25:10 - Referral codes: code=7384791175875, code1=400660113602, code2=116629030908, code3=official, code4=, code5=
2026-03-15 22:25:10 - Next process date: 2026-03-16
2026-03-15 22:25:10 - Level1 - Find upline query: SELECT id FROM shonu_subjects WHERE owncode = '7384791175875'
2026-03-15 22:25:10 - Level1 - Upline found: 1175875
2026-03-15 22:25:10 - Level1 - Insert query: INSERT INTO vyavahara (
            balakedara, ketebida, prakara, purba, bartaman, ayoga, koduvavanu, tiarikala, commission_status, process_date
        ) VALUES (
            '1175875', '1000', 'LVLCOMM1', '6038.764', '6042.764', '4', '1175915', '2026-03-15 22:25:10', 0, '2026-03-16'
        )
2026-03-15 22:25:10 - Level1 - ✅ INSERT SUCCESSFUL
2026-03-15 22:25:10 - Level2 - Find upline query: SELECT id FROM shonu_subjects WHERE owncode = '400660113602'
2026-03-15 22:25:10 - Level2 - Upline found: 113607
2026-03-15 22:25:10 - Level2 - Insert query: INSERT INTO vyavahara (
            balakedara, ketebida, prakara, purba, bartaman, ayoga, koduvavanu, tiarikala, commission_status, process_date
        ) VALUES (
            '113607', '1000', 'LVLCOMM2', '0', '2.5', '2.5', '1175915', '2026-03-15 22:25:10', 0, '2026-03-16'
        )
2026-03-15 22:25:10 - Level2 - ✅ INSERT SUCCESSFUL
2026-03-15 22:25:10 - Level3 - Find upline query: SELECT id FROM shonu_subjects WHERE owncode = '116629030908'
2026-03-15 22:25:10 - Level3 - Upline found: 113033
2026-03-15 22:25:10 - Level3 - Insert query: INSERT INTO vyavahara (
            balakedara, ketebida, prakara, purba, bartaman, ayoga, koduvavanu, tiarikala, commission_status, process_date
        ) VALUES (
            '113033', '1000', 'LVLCOMM3', '11751.89525', '11752.69525', '0.8', '1175915', '2026-03-15 22:25:10', 0, '2026-03-16'
        )
2026-03-15 22:25:10 - Level3 - ✅ INSERT SUCCESSFUL
2026-03-15 22:25:10 - ========== COMMISSION.PHP ENDED ==========

2026-03-15 22:25:43 - ========== COMMISSION.PHP STARTED ==========
2026-03-15 22:25:43 - Bet amount: 3000, User ID: 1175915
2026-03-15 22:25:43 - Level commissions: L1=12, L2=7.5, L3=2.4, L4=0.3, L5=0.15, L6=0.06
2026-03-15 22:25:43 - Codes query: SELECT code, code1, code2, code3, code4, code5 FROM shonu_subjects WHERE id = '1175915'
2026-03-15 22:25:43 - Referral codes: code=7384791175875, code1=400660113602, code2=116629030908, code3=official, code4=, code5=
2026-03-15 22:25:43 - Next process date: 2026-03-16
2026-03-15 22:25:43 - Level1 - Find upline query: SELECT id FROM shonu_subjects WHERE owncode = '7384791175875'
2026-03-15 22:25:43 - Level1 - Upline found: 1175875
2026-03-15 22:25:43 - Level1 - Insert query: INSERT INTO vyavahara (
            balakedara, ketebida, prakara, purba, bartaman, ayoga, koduvavanu, tiarikala, commission_status, process_date
        ) VALUES (
            '1175875', '3000', 'LVLCOMM1', '6038.764', '6050.764', '12', '1175915', '2026-03-15 22:25:43', 0, '2026-03-16'
        )
2026-03-15 22:25:43 - Level1 - ✅ INSERT SUCCESSFUL
2026-03-15 22:25:43 - Level2 - Find upline query: SELECT id FROM shonu_subjects WHERE owncode = '400660113602'
2026-03-15 22:25:43 - Level2 - Upline found: 113607
2026-03-15 22:25:43 - Level2 - Insert query: INSERT INTO vyavahara (
            balakedara, ketebida, prakara, purba, bartaman, ayoga, koduvavanu, tiarikala, commission_status, process_date
        ) VALUES (
            '113607', '3000', 'LVLCOMM2', '0', '7.5', '7.5', '1175915', '2026-03-15 22:25:43', 0, '2026-03-16'
        )
2026-03-15 22:25:43 - Level2 - ✅ INSERT SUCCESSFUL
2026-03-15 22:25:43 - Level3 - Find upline query: SELECT id FROM shonu_subjects WHERE owncode = '116629030908'
2026-03-15 22:25:43 - Level3 - Upline found: 113033
2026-03-15 22:25:43 - Level3 - Insert query: INSERT INTO vyavahara (
            balakedara, ketebida, prakara, purba, bartaman, ayoga, koduvavanu, tiarikala, commission_status, process_date
        ) VALUES (
            '113033', '3000', 'LVLCOMM3', '11751.89525', '11754.29525', '2.4', '1175915', '2026-03-15 22:25:43', 0, '2026-03-16'
        )
2026-03-15 22:25:43 - Level3 - ✅ INSERT SUCCESSFUL
2026-03-15 22:25:43 - ========== COMMISSION.PHP ENDED ==========

2026-03-15 22:26:08 - ========== COMMISSION.PHP STARTED ==========
2026-03-15 22:26:08 - Bet amount: 1000, User ID: 1175915
2026-03-15 22:26:08 - Level commissions: L1=4, L2=2.5, L3=0.8, L4=0.1, L5=0.05, L6=0.02
2026-03-15 22:26:08 - Codes query: SELECT code, code1, code2, code3, code4, code5 FROM shonu_subjects WHERE id = '1175915'
2026-03-15 22:26:08 - Referral codes: code=7384791175875, code1=400660113602, code2=116629030908, code3=official, code4=, code5=
2026-03-15 22:26:08 - Next process date: 2026-03-16
2026-03-15 22:26:08 - Level1 - Find upline query: SELECT id FROM shonu_subjects WHERE owncode = '7384791175875'
2026-03-15 22:26:08 - Level1 - Upline found: 1175875
2026-03-15 22:26:08 - Level1 - Insert query: INSERT INTO vyavahara (
            balakedara, ketebida, prakara, purba, bartaman, ayoga, koduvavanu, tiarikala, commission_status, process_date
        ) VALUES (
            '1175875', '1000', 'LVLCOMM1', '6038.764', '6042.764', '4', '1175915', '2026-03-15 22:26:08', 0, '2026-03-16'
        )
2026-03-15 22:26:08 - Level1 - ✅ INSERT SUCCESSFUL
2026-03-15 22:26:08 - Level2 - Find upline query: SELECT id FROM shonu_subjects WHERE owncode = '400660113602'
2026-03-15 22:26:08 - Level2 - Upline found: 113607
2026-03-15 22:26:08 - Level2 - Insert query: INSERT INTO vyavahara (
            balakedara, ketebida, prakara, purba, bartaman, ayoga, koduvavanu, tiarikala, commission_status, process_date
        ) VALUES (
            '113607', '1000', 'LVLCOMM2', '0', '2.5', '2.5', '1175915', '2026-03-15 22:26:08', 0, '2026-03-16'
        )
2026-03-15 22:26:08 - Level2 - ✅ INSERT SUCCESSFUL
2026-03-15 22:26:08 - Level3 - Find upline query: SELECT id FROM shonu_subjects WHERE owncode = '116629030908'
2026-03-15 22:26:08 - Level3 - Upline found: 113033
2026-03-15 22:26:08 - Level3 - Insert query: INSERT INTO vyavahara (
            balakedara, ketebida, prakara, purba, bartaman, ayoga, koduvavanu, tiarikala, commission_status, process_date
        ) VALUES (
            '113033', '1000', 'LVLCOMM3', '11751.89525', '11752.69525', '0.8', '1175915', '2026-03-15 22:26:08', 0, '2026-03-16'
        )
2026-03-15 22:26:08 - Level3 - ✅ INSERT SUCCESSFUL
2026-03-15 22:26:08 - ========== COMMISSION.PHP ENDED ==========

2026-03-15 22:26:40 - ========== COMMISSION.PHP STARTED ==========
2026-03-15 22:26:40 - Bet amount: 1000, User ID: 1175915
2026-03-15 22:26:40 - Level commissions: L1=4, L2=2.5, L3=0.8, L4=0.1, L5=0.05, L6=0.02
2026-03-15 22:26:40 - Codes query: SELECT code, code1, code2, code3, code4, code5 FROM shonu_subjects WHERE id = '1175915'
2026-03-15 22:26:40 - Referral codes: code=7384791175875, code1=400660113602, code2=116629030908, code3=official, code4=, code5=
2026-03-15 22:26:40 - Next process date: 2026-03-16
2026-03-15 22:26:40 - Level1 - Find upline query: SELECT id FROM shonu_subjects WHERE owncode = '7384791175875'
2026-03-15 22:26:40 - Level1 - Upline found: 1175875
2026-03-15 22:26:40 - Level1 - Insert query: INSERT INTO vyavahara (
            balakedara, ketebida, prakara, purba, bartaman, ayoga, koduvavanu, tiarikala, commission_status, process_date
        ) VALUES (
            '1175875', '1000', 'LVLCOMM1', '6038.764', '6042.764', '4', '1175915', '2026-03-15 22:26:40', 0, '2026-03-16'
        )
2026-03-15 22:26:40 - Level1 - ✅ INSERT SUCCESSFUL
2026-03-15 22:26:40 - Level2 - Find upline query: SELECT id FROM shonu_subjects WHERE owncode = '400660113602'
2026-03-15 22:26:40 - Level2 - Upline found: 113607
2026-03-15 22:26:40 - Level2 - Insert query: INSERT INTO vyavahara (
            balakedara, ketebida, prakara, purba, bartaman, ayoga, koduvavanu, tiarikala, commission_status, process_date
        ) VALUES (
            '113607', '1000', 'LVLCOMM2', '0', '2.5', '2.5', '1175915', '2026-03-15 22:26:40', 0, '2026-03-16'
        )
2026-03-15 22:26:40 - Level2 - ✅ INSERT SUCCESSFUL
2026-03-15 22:26:40 - Level3 - Find upline query: SELECT id FROM shonu_subjects WHERE owncode = '116629030908'
2026-03-15 22:26:40 - Level3 - Upline found: 113033
2026-03-15 22:26:40 - Level3 - Insert query: INSERT INTO vyavahara (
            balakedara, ketebida, prakara, purba, bartaman, ayoga, koduvavanu, tiarikala, commission_status, process_date
        ) VALUES (
            '113033', '1000', 'LVLCOMM3', '11751.89525', '11752.69525', '0.8', '1175915', '2026-03-15 22:26:40', 0, '2026-03-16'
        )
2026-03-15 22:26:40 - Level3 - ✅ INSERT SUCCESSFUL
2026-03-15 22:26:40 - ========== COMMISSION.PHP ENDED ==========

2026-03-15 22:27:10 - ========== COMMISSION.PHP STARTED ==========
2026-03-15 22:27:10 - Bet amount: 1000, User ID: 1175915
2026-03-15 22:27:10 - Level commissions: L1=4, L2=2.5, L3=0.8, L4=0.1, L5=0.05, L6=0.02
2026-03-15 22:27:10 - Codes query: SELECT code, code1, code2, code3, code4, code5 FROM shonu_subjects WHERE id = '1175915'
2026-03-15 22:27:10 - Referral codes: code=7384791175875, code1=400660113602, code2=116629030908, code3=official, code4=, code5=
2026-03-15 22:27:10 - Next process date: 2026-03-16
2026-03-15 22:27:10 - Level1 - Find upline query: SELECT id FROM shonu_subjects WHERE owncode = '7384791175875'
2026-03-15 22:27:10 - Level1 - Upline found: 1175875
2026-03-15 22:27:10 - Level1 - Insert query: INSERT INTO vyavahara (
            balakedara, ketebida, prakara, purba, bartaman, ayoga, koduvavanu, tiarikala, commission_status, process_date
        ) VALUES (
            '1175875', '1000', 'LVLCOMM1', '6038.764', '6042.764', '4', '1175915', '2026-03-15 22:27:10', 0, '2026-03-16'
        )
2026-03-15 22:27:10 - Level1 - ✅ INSERT SUCCESSFUL
2026-03-15 22:27:10 - Level2 - Find upline query: SELECT id FROM shonu_subjects WHERE owncode = '400660113602'
2026-03-15 22:27:10 - Level2 - Upline found: 113607
2026-03-15 22:27:10 - Level2 - Insert query: INSERT INTO vyavahara (
            balakedara, ketebida, prakara, purba, bartaman, ayoga, koduvavanu, tiarikala, commission_status, process_date
        ) VALUES (
            '113607', '1000', 'LVLCOMM2', '0', '2.5', '2.5', '1175915', '2026-03-15 22:27:10', 0, '2026-03-16'
        )
2026-03-15 22:27:10 - Level2 - ✅ INSERT SUCCESSFUL
2026-03-15 22:27:10 - Level3 - Find upline query: SELECT id FROM shonu_subjects WHERE owncode = '116629030908'
2026-03-15 22:27:10 - Level3 - Upline found: 113033
2026-03-15 22:27:10 - Level3 - Insert query: INSERT INTO vyavahara (
            balakedara, ketebida, prakara, purba, bartaman, ayoga, koduvavanu, tiarikala, commission_status, process_date
        ) VALUES (
            '113033', '1000', 'LVLCOMM3', '11751.89525', '11752.69525', '0.8', '1175915', '2026-03-15 22:27:10', 0, '2026-03-16'
        )
2026-03-15 22:27:10 - Level3 - ✅ INSERT SUCCESSFUL
2026-03-15 22:27:10 - ========== COMMISSION.PHP ENDED ==========

2026-03-15 22:27:41 - ========== COMMISSION.PHP STARTED ==========
2026-03-15 22:27:41 - Bet amount: 3000, User ID: 1175915
2026-03-15 22:27:41 - Level commissions: L1=12, L2=7.5, L3=2.4, L4=0.3, L5=0.15, L6=0.06
2026-03-15 22:27:41 - Codes query: SELECT code, code1, code2, code3, code4, code5 FROM shonu_subjects WHERE id = '1175915'
2026-03-15 22:27:41 - Referral codes: code=7384791175875, code1=400660113602, code2=116629030908, code3=official, code4=, code5=
2026-03-15 22:27:41 - Next process date: 2026-03-16
2026-03-15 22:27:41 - Level1 - Find upline query: SELECT id FROM shonu_subjects WHERE owncode = '7384791175875'
2026-03-15 22:27:41 - Level1 - Upline found: 1175875
2026-03-15 22:27:41 - Level1 - Insert query: INSERT INTO vyavahara (
            balakedara, ketebida, prakara, purba, bartaman, ayoga, koduvavanu, tiarikala, commission_status, process_date
        ) VALUES (
            '1175875', '3000', 'LVLCOMM1', '6038.764', '6050.764', '12', '1175915', '2026-03-15 22:27:41', 0, '2026-03-16'
        )
2026-03-15 22:27:41 - Level1 - ✅ INSERT SUCCESSFUL
2026-03-15 22:27:41 - Level2 - Find upline query: SELECT id FROM shonu_subjects WHERE owncode = '400660113602'
2026-03-15 22:27:41 - Level2 - Upline found: 113607
2026-03-15 22:27:41 - Level2 - Insert query: INSERT INTO vyavahara (
            balakedara, ketebida, prakara, purba, bartaman, ayoga, koduvavanu, tiarikala, commission_status, process_date
        ) VALUES (
            '113607', '3000', 'LVLCOMM2', '0', '7.5', '7.5', '1175915', '2026-03-15 22:27:41', 0, '2026-03-16'
        )
2026-03-15 22:27:41 - Level2 - ✅ INSERT SUCCESSFUL
2026-03-15 22:27:41 - Level3 - Find upline query: SELECT id FROM shonu_subjects WHERE owncode = '116629030908'
2026-03-15 22:27:41 - Level3 - Upline found: 113033
2026-03-15 22:27:41 - Level3 - Insert query: INSERT INTO vyavahara (
            balakedara, ketebida, prakara, purba, bartaman, ayoga, koduvavanu, tiarikala, commission_status, process_date
        ) VALUES (
            '113033', '3000', 'LVLCOMM3', '11751.89525', '11754.29525', '2.4', '1175915', '2026-03-15 22:27:41', 0, '2026-03-16'
        )
2026-03-15 22:27:41 - Level3 - ✅ INSERT SUCCESSFUL
2026-03-15 22:27:41 - ========== COMMISSION.PHP ENDED ==========

2026-03-15 22:28:16 - ========== COMMISSION.PHP STARTED ==========
2026-03-15 22:28:16 - Bet amount: 5000, User ID: 1175915
2026-03-15 22:28:16 - Level commissions: L1=20, L2=12.5, L3=4, L4=0.5, L5=0.25, L6=0.1
2026-03-15 22:28:16 - Codes query: SELECT code, code1, code2, code3, code4, code5 FROM shonu_subjects WHERE id = '1175915'
2026-03-15 22:28:16 - Referral codes: code=7384791175875, code1=400660113602, code2=116629030908, code3=official, code4=, code5=
2026-03-15 22:28:16 - Next process date: 2026-03-16
2026-03-15 22:28:16 - Level1 - Find upline query: SELECT id FROM shonu_subjects WHERE owncode = '7384791175875'
2026-03-15 22:28:16 - Level1 - Upline found: 1175875
2026-03-15 22:28:16 - Level1 - Insert query: INSERT INTO vyavahara (
            balakedara, ketebida, prakara, purba, bartaman, ayoga, koduvavanu, tiarikala, commission_status, process_date
        ) VALUES (
            '1175875', '5000', 'LVLCOMM1', '6038.764', '6058.764', '20', '1175915', '2026-03-15 22:28:15', 0, '2026-03-16'
        )
2026-03-15 22:28:16 - Level1 - ✅ INSERT SUCCESSFUL
2026-03-15 22:28:16 - Level2 - Find upline query: SELECT id FROM shonu_subjects WHERE owncode = '400660113602'
2026-03-15 22:28:16 - Level2 - Upline found: 113607
2026-03-15 22:28:16 - Level2 - Insert query: INSERT INTO vyavahara (
            balakedara, ketebida, prakara, purba, bartaman, ayoga, koduvavanu, tiarikala, commission_status, process_date
        ) VALUES (
            '113607', '5000', 'LVLCOMM2', '0', '12.5', '12.5', '1175915', '2026-03-15 22:28:15', 0, '2026-03-16'
        )
2026-03-15 22:28:16 - Level2 - ✅ INSERT SUCCESSFUL
2026-03-15 22:28:16 - Level3 - Find upline query: SELECT id FROM shonu_subjects WHERE owncode = '116629030908'
2026-03-15 22:28:16 - Level3 - Upline found: 113033
2026-03-15 22:28:16 - Level3 - Insert query: INSERT INTO vyavahara (
            balakedara, ketebida, prakara, purba, bartaman, ayoga, koduvavanu, tiarikala, commission_status, process_date
        ) VALUES (
            '113033', '5000', 'LVLCOMM3', '11751.89525', '11755.89525', '4', '1175915', '2026-03-15 22:28:15', 0, '2026-03-16'
        )
2026-03-15 22:28:16 - Level3 - ✅ INSERT SUCCESSFUL
2026-03-15 22:28:16 - ========== COMMISSION.PHP ENDED ==========

2026-03-15 22:28:44 - ========== COMMISSION.PHP STARTED ==========
2026-03-15 22:28:44 - Bet amount: 1000, User ID: 1175915
2026-03-15 22:28:44 - Level commissions: L1=4, L2=2.5, L3=0.8, L4=0.1, L5=0.05, L6=0.02
2026-03-15 22:28:44 - Codes query: SELECT code, code1, code2, code3, code4, code5 FROM shonu_subjects WHERE id = '1175915'
2026-03-15 22:28:44 - Referral codes: code=7384791175875, code1=400660113602, code2=116629030908, code3=official, code4=, code5=
2026-03-15 22:28:44 - Next process date: 2026-03-16
2026-03-15 22:28:44 - Level1 - Find upline query: SELECT id FROM shonu_subjects WHERE owncode = '7384791175875'
2026-03-15 22:28:44 - Level1 - Upline found: 1175875
2026-03-15 22:28:44 - Level1 - Insert query: INSERT INTO vyavahara (
            balakedara, ketebida, prakara, purba, bartaman, ayoga, koduvavanu, tiarikala, commission_status, process_date
        ) VALUES (
            '1175875', '1000', 'LVLCOMM1', '6038.764', '6042.764', '4', '1175915', '2026-03-15 22:28:44', 0, '2026-03-16'
        )
2026-03-15 22:28:44 - Level1 - ✅ INSERT SUCCESSFUL
2026-03-15 22:28:44 - Level2 - Find upline query: SELECT id FROM shonu_subjects WHERE owncode = '400660113602'
2026-03-15 22:28:44 - Level2 - Upline found: 113607
2026-03-15 22:28:44 - Level2 - Insert query: INSERT INTO vyavahara (
            balakedara, ketebida, prakara, purba, bartaman, ayoga, koduvavanu, tiarikala, commission_status, process_date
        ) VALUES (
            '113607', '1000', 'LVLCOMM2', '0', '2.5', '2.5', '1175915', '2026-03-15 22:28:44', 0, '2026-03-16'
        )
2026-03-15 22:28:44 - Level2 - ✅ INSERT SUCCESSFUL
2026-03-15 22:28:44 - Level3 - Find upline query: SELECT id FROM shonu_subjects WHERE owncode = '116629030908'
2026-03-15 22:28:44 - Level3 - Upline found: 113033
2026-03-15 22:28:44 - Level3 - Insert query: INSERT INTO vyavahara (
            balakedara, ketebida, prakara, purba, bartaman, ayoga, koduvavanu, tiarikala, commission_status, process_date
        ) VALUES (
            '113033', '1000', 'LVLCOMM3', '11751.89525', '11752.69525', '0.8', '1175915', '2026-03-15 22:28:44', 0, '2026-03-16'
        )
2026-03-15 22:28:44 - Level3 - ✅ INSERT SUCCESSFUL
2026-03-15 22:28:44 - ========== COMMISSION.PHP ENDED ==========

2026-03-15 22:29:08 - ========== COMMISSION.PHP STARTED ==========
2026-03-15 22:29:08 - Bet amount: 1000, User ID: 1175915
2026-03-15 22:29:08 - Level commissions: L1=4, L2=2.5, L3=0.8, L4=0.1, L5=0.05, L6=0.02
2026-03-15 22:29:08 - Codes query: SELECT code, code1, code2, code3, code4, code5 FROM shonu_subjects WHERE id = '1175915'
2026-03-15 22:29:08 - Referral codes: code=7384791175875, code1=400660113602, code2=116629030908, code3=official, code4=, code5=
2026-03-15 22:29:08 - Next process date: 2026-03-16
2026-03-15 22:29:08 - Level1 - Find upline query: SELECT id FROM shonu_subjects WHERE owncode = '7384791175875'
2026-03-15 22:29:08 - Level1 - Upline found: 1175875
2026-03-15 22:29:08 - Level1 - Insert query: INSERT INTO vyavahara (
            balakedara, ketebida, prakara, purba, bartaman, ayoga, koduvavanu, tiarikala, commission_status, process_date
        ) VALUES (
            '1175875', '1000', 'LVLCOMM1', '6038.764', '6042.764', '4', '1175915', '2026-03-15 22:29:08', 0, '2026-03-16'
        )
2026-03-15 22:29:08 - Level1 - ✅ INSERT SUCCESSFUL
2026-03-15 22:29:08 - Level2 - Find upline query: SELECT id FROM shonu_subjects WHERE owncode = '400660113602'
2026-03-15 22:29:08 - Level2 - Upline found: 113607
2026-03-15 22:29:08 - Level2 - Insert query: INSERT INTO vyavahara (
            balakedara, ketebida, prakara, purba, bartaman, ayoga, koduvavanu, tiarikala, commission_status, process_date
        ) VALUES (
            '113607', '1000', 'LVLCOMM2', '0', '2.5', '2.5', '1175915', '2026-03-15 22:29:08', 0, '2026-03-16'
        )
2026-03-15 22:29:08 - Level2 - ✅ INSERT SUCCESSFUL
2026-03-15 22:29:08 - Level3 - Find upline query: SELECT id FROM shonu_subjects WHERE owncode = '116629030908'
2026-03-15 22:29:08 - Level3 - Upline found: 113033
2026-03-15 22:29:08 - Level3 - Insert query: INSERT INTO vyavahara (
            balakedara, ketebida, prakara, purba, bartaman, ayoga, koduvavanu, tiarikala, commission_status, process_date
        ) VALUES (
            '113033', '1000', 'LVLCOMM3', '11751.89525', '11752.69525', '0.8', '1175915', '2026-03-15 22:29:08', 0, '2026-03-16'
        )
2026-03-15 22:29:08 - Level3 - ✅ INSERT SUCCESSFUL
2026-03-15 22:29:08 - ========== COMMISSION.PHP ENDED ==========

2026-03-15 22:29:42 - ========== COMMISSION.PHP STARTED ==========
2026-03-15 22:29:42 - Bet amount: 5000, User ID: 1175915
2026-03-15 22:29:42 - Level commissions: L1=20, L2=12.5, L3=4, L4=0.5, L5=0.25, L6=0.1
2026-03-15 22:29:42 - Codes query: SELECT code, code1, code2, code3, code4, code5 FROM shonu_subjects WHERE id = '1175915'
2026-03-15 22:29:42 - Referral codes: code=7384791175875, code1=400660113602, code2=116629030908, code3=official, code4=, code5=
2026-03-15 22:29:42 - Next process date: 2026-03-16
2026-03-15 22:29:42 - Level1 - Find upline query: SELECT id FROM shonu_subjects WHERE owncode = '7384791175875'
2026-03-15 22:29:42 - Level1 - Upline found: 1175875
2026-03-15 22:29:42 - Level1 - Insert query: INSERT INTO vyavahara (
            balakedara, ketebida, prakara, purba, bartaman, ayoga, koduvavanu, tiarikala, commission_status, process_date
        ) VALUES (
            '1175875', '5000', 'LVLCOMM1', '6038.764', '6058.764', '20', '1175915', '2026-03-15 22:29:42', 0, '2026-03-16'
        )
2026-03-15 22:29:42 - Level1 - ✅ INSERT SUCCESSFUL
2026-03-15 22:29:42 - Level2 - Find upline query: SELECT id FROM shonu_subjects WHERE owncode = '400660113602'
2026-03-15 22:29:42 - Level2 - Upline found: 113607
2026-03-15 22:29:42 - Level2 - Insert query: INSERT INTO vyavahara (
            balakedara, ketebida, prakara, purba, bartaman, ayoga, koduvavanu, tiarikala, commission_status, process_date
        ) VALUES (
            '113607', '5000', 'LVLCOMM2', '0', '12.5', '12.5', '1175915', '2026-03-15 22:29:42', 0, '2026-03-16'
        )
2026-03-15 22:29:42 - Level2 - ✅ INSERT SUCCESSFUL
2026-03-15 22:29:42 - Level3 - Find upline query: SELECT id FROM shonu_subjects WHERE owncode = '116629030908'
2026-03-15 22:29:42 - Level3 - Upline found: 113033
2026-03-15 22:29:42 - Level3 - Insert query: INSERT INTO vyavahara (
            balakedara, ketebida, prakara, purba, bartaman, ayoga, koduvavanu, tiarikala, commission_status, process_date
        ) VALUES (
            '113033', '5000', 'LVLCOMM3', '11751.89525', '11755.89525', '4', '1175915', '2026-03-15 22:29:42', 0, '2026-03-16'
        )
2026-03-15 22:29:42 - Level3 - ✅ INSERT SUCCESSFUL
2026-03-15 22:29:42 - ========== COMMISSION.PHP ENDED ==========

2026-03-15 22:40:22 - ========== COMMISSION.PHP STARTED ==========
2026-03-15 22:40:22 - Bet amount: 50000, User ID: 1175915
2026-03-15 22:40:22 - Level commissions: L1=200, L2=125, L3=40, L4=5, L5=2.5, L6=1
2026-03-15 22:40:22 - Codes query: SELECT code, code1, code2, code3, code4, code5 FROM shonu_subjects WHERE id = '1175915'
2026-03-15 22:40:22 - Referral codes: code=7384791175875, code1=400660113602, code2=116629030908, code3=official, code4=, code5=
2026-03-15 22:40:22 - Next process date: 2026-03-16
2026-03-15 22:40:22 - Level1 - Find upline query: SELECT id FROM shonu_subjects WHERE owncode = '7384791175875'
2026-03-15 22:40:22 - Level1 - Upline found: 1175875
2026-03-15 22:40:22 - Level1 - Insert query: INSERT INTO vyavahara (
            balakedara, ketebida, prakara, purba, bartaman, ayoga, koduvavanu, tiarikala, commission_status, process_date
        ) VALUES (
            '1175875', '50000', 'LVLCOMM1', '6038.764', '6238.764', '200', '1175915', '2026-03-15 22:40:22', 0, '2026-03-16'
        )
2026-03-15 22:40:22 - Level1 - ✅ INSERT SUCCESSFUL
2026-03-15 22:40:22 - Level2 - Find upline query: SELECT id FROM shonu_subjects WHERE owncode = '400660113602'
2026-03-15 22:40:22 - Level2 - Upline found: 113607
2026-03-15 22:40:22 - Level2 - Insert query: INSERT INTO vyavahara (
            balakedara, ketebida, prakara, purba, bartaman, ayoga, koduvavanu, tiarikala, commission_status, process_date
        ) VALUES (
            '113607', '50000', 'LVLCOMM2', '0', '125', '125', '1175915', '2026-03-15 22:40:22', 0, '2026-03-16'
        )
2026-03-15 22:40:22 - Level2 - ✅ INSERT SUCCESSFUL
2026-03-15 22:40:22 - Level3 - Find upline query: SELECT id FROM shonu_subjects WHERE owncode = '116629030908'
2026-03-15 22:40:22 - Level3 - Upline found: 113033
2026-03-15 22:40:22 - Level3 - Insert query: INSERT INTO vyavahara (
            balakedara, ketebida, prakara, purba, bartaman, ayoga, koduvavanu, tiarikala, commission_status, process_date
        ) VALUES (
            '113033', '50000', 'LVLCOMM3', '11751.89525', '11791.89525', '40', '1175915', '2026-03-15 22:40:22', 0, '2026-03-16'
        )
2026-03-15 22:40:22 - Level3 - ✅ INSERT SUCCESSFUL
2026-03-15 22:40:22 - ========== COMMISSION.PHP ENDED ==========

2026-03-15 22:41:16 - ========== COMMISSION.PHP STARTED ==========
2026-03-15 22:41:16 - Bet amount: 100000, User ID: 1175915
2026-03-15 22:41:16 - Level commissions: L1=400, L2=250, L3=80, L4=10, L5=5, L6=2
2026-03-15 22:41:16 - Codes query: SELECT code, code1, code2, code3, code4, code5 FROM shonu_subjects WHERE id = '1175915'
2026-03-15 22:41:16 - Referral codes: code=7384791175875, code1=400660113602, code2=116629030908, code3=official, code4=, code5=
2026-03-15 22:41:16 - Next process date: 2026-03-16
2026-03-15 22:41:16 - Level1 - Find upline query: SELECT id FROM shonu_subjects WHERE owncode = '7384791175875'
2026-03-15 22:41:16 - Level1 - Upline found: 1175875
2026-03-15 22:41:16 - Level1 - Insert query: INSERT INTO vyavahara (
            balakedara, ketebida, prakara, purba, bartaman, ayoga, koduvavanu, tiarikala, commission_status, process_date
        ) VALUES (
            '1175875', '100000', 'LVLCOMM1', '6038.764', '6438.764', '400', '1175915', '2026-03-15 22:41:16', 0, '2026-03-16'
        )
2026-03-15 22:41:16 - Level1 - ✅ INSERT SUCCESSFUL
2026-03-15 22:41:16 - Level2 - Find upline query: SELECT id FROM shonu_subjects WHERE owncode = '400660113602'
2026-03-15 22:41:16 - Level2 - Upline found: 113607
2026-03-15 22:41:16 - Level2 - Insert query: INSERT INTO vyavahara (
            balakedara, ketebida, prakara, purba, bartaman, ayoga, koduvavanu, tiarikala, commission_status, process_date
        ) VALUES (
            '113607', '100000', 'LVLCOMM2', '0', '250', '250', '1175915', '2026-03-15 22:41:16', 0, '2026-03-16'
        )
2026-03-15 22:41:16 - Level2 - ✅ INSERT SUCCESSFUL
2026-03-15 22:41:16 - Level3 - Find upline query: SELECT id FROM shonu_subjects WHERE owncode = '116629030908'
2026-03-15 22:41:16 - Level3 - Upline found: 113033
2026-03-15 22:41:16 - Level3 - Insert query: INSERT INTO vyavahara (
            balakedara, ketebida, prakara, purba, bartaman, ayoga, koduvavanu, tiarikala, commission_status, process_date
        ) VALUES (
            '113033', '100000', 'LVLCOMM3', '11751.89525', '11831.89525', '80', '1175915', '2026-03-15 22:41:16', 0, '2026-03-16'
        )
2026-03-15 22:41:16 - Level3 - ✅ INSERT SUCCESSFUL
2026-03-15 22:41:16 - ========== COMMISSION.PHP ENDED ==========

2026-03-15 22:42:12 - ========== COMMISSION.PHP STARTED ==========
2026-03-15 22:42:12 - Bet amount: 10000, User ID: 1175915
2026-03-15 22:42:12 - Level commissions: L1=40, L2=25, L3=8, L4=1, L5=0.5, L6=0.2
2026-03-15 22:42:12 - Codes query: SELECT code, code1, code2, code3, code4, code5 FROM shonu_subjects WHERE id = '1175915'
2026-03-15 22:42:12 - Referral codes: code=7384791175875, code1=400660113602, code2=116629030908, code3=official, code4=, code5=
2026-03-15 22:42:12 - Next process date: 2026-03-16
2026-03-15 22:42:12 - Level1 - Find upline query: SELECT id FROM shonu_subjects WHERE owncode = '7384791175875'
2026-03-15 22:42:12 - Level1 - Upline found: 1175875
2026-03-15 22:42:12 - Level1 - Insert query: INSERT INTO vyavahara (
            balakedara, ketebida, prakara, purba, bartaman, ayoga, koduvavanu, tiarikala, commission_status, process_date
        ) VALUES (
            '1175875', '10000', 'LVLCOMM1', '6038.764', '6078.764', '40', '1175915', '2026-03-15 22:42:12', 0, '2026-03-16'
        )
2026-03-15 22:42:12 - Level1 - ✅ INSERT SUCCESSFUL
2026-03-15 22:42:12 - Level2 - Find upline query: SELECT id FROM shonu_subjects WHERE owncode = '400660113602'
2026-03-15 22:42:12 - Level2 - Upline found: 113607
2026-03-15 22:42:12 - Level2 - Insert query: INSERT INTO vyavahara (
            balakedara, ketebida, prakara, purba, bartaman, ayoga, koduvavanu, tiarikala, commission_status, process_date
        ) VALUES (
            '113607', '10000', 'LVLCOMM2', '0', '25', '25', '1175915', '2026-03-15 22:42:12', 0, '2026-03-16'
        )
2026-03-15 22:42:12 - Level2 - ✅ INSERT SUCCESSFUL
2026-03-15 22:42:12 - Level3 - Find upline query: SELECT id FROM shonu_subjects WHERE owncode = '116629030908'
2026-03-15 22:42:12 - Level3 - Upline found: 113033
2026-03-15 22:42:12 - Level3 - Insert query: INSERT INTO vyavahara (
            balakedara, ketebida, prakara, purba, bartaman, ayoga, koduvavanu, tiarikala, commission_status, process_date
        ) VALUES (
            '113033', '10000', 'LVLCOMM3', '11751.89525', '11759.89525', '8', '1175915', '2026-03-15 22:42:12', 0, '2026-03-16'
        )
2026-03-15 22:42:12 - Level3 - ✅ INSERT SUCCESSFUL
2026-03-15 22:42:12 - ========== COMMISSION.PHP ENDED ==========

2026-03-15 22:42:18 - ========== COMMISSION.PHP STARTED ==========
2026-03-15 22:42:18 - Bet amount: 5000, User ID: 1175915
2026-03-15 22:42:18 - Level commissions: L1=20, L2=12.5, L3=4, L4=0.5, L5=0.25, L6=0.1
2026-03-15 22:42:18 - Codes query: SELECT code, code1, code2, code3, code4, code5 FROM shonu_subjects WHERE id = '1175915'
2026-03-15 22:42:18 - Referral codes: code=7384791175875, code1=400660113602, code2=116629030908, code3=official, code4=, code5=
2026-03-15 22:42:18 - Next process date: 2026-03-16
2026-03-15 22:42:18 - Level1 - Find upline query: SELECT id FROM shonu_subjects WHERE owncode = '7384791175875'
2026-03-15 22:42:18 - Level1 - Upline found: 1175875
2026-03-15 22:42:18 - Level1 - Insert query: INSERT INTO vyavahara (
            balakedara, ketebida, prakara, purba, bartaman, ayoga, koduvavanu, tiarikala, commission_status, process_date
        ) VALUES (
            '1175875', '5000', 'LVLCOMM1', '6038.764', '6058.764', '20', '1175915', '2026-03-15 22:42:18', 0, '2026-03-16'
        )
2026-03-15 22:42:18 - Level1 - ✅ INSERT SUCCESSFUL
2026-03-15 22:42:18 - Level2 - Find upline query: SELECT id FROM shonu_subjects WHERE owncode = '400660113602'
2026-03-15 22:42:18 - Level2 - Upline found: 113607
2026-03-15 22:42:18 - Level2 - Insert query: INSERT INTO vyavahara (
            balakedara, ketebida, prakara, purba, bartaman, ayoga, koduvavanu, tiarikala, commission_status, process_date
        ) VALUES (
            '113607', '5000', 'LVLCOMM2', '0', '12.5', '12.5', '1175915', '2026-03-15 22:42:18', 0, '2026-03-16'
        )
2026-03-15 22:42:18 - Level2 - ✅ INSERT SUCCESSFUL
2026-03-15 22:42:18 - Level3 - Find upline query: SELECT id FROM shonu_subjects WHERE owncode = '116629030908'
2026-03-15 22:42:18 - Level3 - Upline found: 113033
2026-03-15 22:42:18 - Level3 - Insert query: INSERT INTO vyavahara (
            balakedara, ketebida, prakara, purba, bartaman, ayoga, koduvavanu, tiarikala, commission_status, process_date
        ) VALUES (
            '113033', '5000', 'LVLCOMM3', '11751.89525', '11755.89525', '4', '1175915', '2026-03-15 22:42:18', 0, '2026-03-16'
        )
2026-03-15 22:42:18 - Level3 - ✅ INSERT SUCCESSFUL
2026-03-15 22:42:18 - ========== COMMISSION.PHP ENDED ==========

2026-03-15 22:42:25 - ========== COMMISSION.PHP STARTED ==========
2026-03-15 22:42:25 - Bet amount: 4000, User ID: 1175915
2026-03-15 22:42:25 - Level commissions: L1=16, L2=10, L3=3.2, L4=0.4, L5=0.2, L6=0.08
2026-03-15 22:42:25 - Codes query: SELECT code, code1, code2, code3, code4, code5 FROM shonu_subjects WHERE id = '1175915'
2026-03-15 22:42:25 - Referral codes: code=7384791175875, code1=400660113602, code2=116629030908, code3=official, code4=, code5=
2026-03-15 22:42:25 - Next process date: 2026-03-16
2026-03-15 22:42:25 - Level1 - Find upline query: SELECT id FROM shonu_subjects WHERE owncode = '7384791175875'
2026-03-15 22:42:25 - Level1 - Upline found: 1175875
2026-03-15 22:42:25 - Level1 - Insert query: INSERT INTO vyavahara (
            balakedara, ketebida, prakara, purba, bartaman, ayoga, koduvavanu, tiarikala, commission_status, process_date
        ) VALUES (
            '1175875', '4000', 'LVLCOMM1', '6038.764', '6054.764', '16', '1175915', '2026-03-15 22:42:25', 0, '2026-03-16'
        )
2026-03-15 22:42:25 - Level1 - ✅ INSERT SUCCESSFUL
2026-03-15 22:42:25 - Level2 - Find upline query: SELECT id FROM shonu_subjects WHERE owncode = '400660113602'
2026-03-15 22:42:25 - Level2 - Upline found: 113607
2026-03-15 22:42:25 - Level2 - Insert query: INSERT INTO vyavahara (
            balakedara, ketebida, prakara, purba, bartaman, ayoga, koduvavanu, tiarikala, commission_status, process_date
        ) VALUES (
            '113607', '4000', 'LVLCOMM2', '0', '10', '10', '1175915', '2026-03-15 22:42:25', 0, '2026-03-16'
        )
2026-03-15 22:42:25 - Level2 - ✅ INSERT SUCCESSFUL
2026-03-15 22:42:25 - Level3 - Find upline query: SELECT id FROM shonu_subjects WHERE owncode = '116629030908'
2026-03-15 22:42:25 - Level3 - Upline found: 113033
2026-03-15 22:42:25 - Level3 - Insert query: INSERT INTO vyavahara (
            balakedara, ketebida, prakara, purba, bartaman, ayoga, koduvavanu, tiarikala, commission_status, process_date
        ) VALUES (
            '113033', '4000', 'LVLCOMM3', '11751.89525', '11755.09525', '3.2', '1175915', '2026-03-15 22:42:25', 0, '2026-03-16'
        )
2026-03-15 22:42:25 - Level3 - ✅ INSERT SUCCESSFUL
2026-03-15 22:42:25 - ========== COMMISSION.PHP ENDED ==========

2026-03-15 22:43:37 - ========== COMMISSION.PHP STARTED ==========
2026-03-15 22:43:37 - Bet amount: 50000, User ID: 1174020
2026-03-15 22:43:37 - Level commissions: L1=200, L2=125, L3=40, L4=5, L5=2.5, L6=1
2026-03-15 22:43:37 - Codes query: SELECT code, code1, code2, code3, code4, code5 FROM shonu_subjects WHERE id = '1174020'
2026-03-15 22:43:37 - Referral codes: code=609698113616, code1=587464113615, code2=551233113608, code3=400660113602, code4=116629030908, code5=official
2026-03-15 22:43:37 - Next process date: 2026-03-16
2026-03-15 22:43:37 - Level1 - Find upline query: SELECT id FROM shonu_subjects WHERE owncode = '609698113616'
2026-03-15 22:43:37 - Level1 - Upline found: 113616
2026-03-15 22:43:37 - Level1 - Insert query: INSERT INTO vyavahara (
            balakedara, ketebida, prakara, purba, bartaman, ayoga, koduvavanu, tiarikala, commission_status, process_date
        ) VALUES (
            '113616', '50000', 'LVLCOMM1', '61782.94289', '61982.94289', '200', '1174020', '2026-03-15 22:43:37', 0, '2026-03-16'
        )
2026-03-15 22:43:37 - Level1 - ✅ INSERT SUCCESSFUL
2026-03-15 22:43:37 - Level2 - Find upline query: SELECT id FROM shonu_subjects WHERE owncode = '587464113615'
2026-03-15 22:43:37 - Level2 - Upline found: 113615
2026-03-15 22:43:37 - Level2 - Insert query: INSERT INTO vyavahara (
            balakedara, ketebida, prakara, purba, bartaman, ayoga, koduvavanu, tiarikala, commission_status, process_date
        ) VALUES (
            '113615', '50000', 'LVLCOMM2', '804.86139', '929.86139', '125', '1174020', '2026-03-15 22:43:37', 0, '2026-03-16'
        )
2026-03-15 22:43:37 - Level2 - ✅ INSERT SUCCESSFUL
2026-03-15 22:43:37 - Level3 - Find upline query: SELECT id FROM shonu_subjects WHERE owncode = '551233113608'
2026-03-15 22:43:37 - Level3 - Upline found: 113614
2026-03-15 22:43:37 - Level3 - Insert query: INSERT INTO vyavahara (
            balakedara, ketebida, prakara, purba, bartaman, ayoga, koduvavanu, tiarikala, commission_status, process_date
        ) VALUES (
            '113614', '50000', 'LVLCOMM3', '66064.99474', '66104.99474', '40', '1174020', '2026-03-15 22:43:37', 0, '2026-03-16'
        )
2026-03-15 22:43:37 - Level3 - ✅ INSERT SUCCESSFUL
2026-03-15 22:43:37 - Level4 - ✅ INSERT SUCCESSFUL
2026-03-15 22:43:37 - Level5 - ✅ INSERT SUCCESSFUL
2026-03-15 22:43:37 - ========== COMMISSION.PHP ENDED ==========

2026-03-15 22:43:41 - ========== COMMISSION.PHP STARTED ==========
2026-03-15 22:43:41 - Bet amount: 648, User ID: 1175915
2026-03-15 22:43:41 - Level commissions: L1=2.592, L2=1.62, L3=0.5184, L4=0.0648, L5=0.0324, L6=0.01296
2026-03-15 22:43:41 - Codes query: SELECT code, code1, code2, code3, code4, code5 FROM shonu_subjects WHERE id = '1175915'
2026-03-15 22:43:41 - Referral codes: code=7384791175875, code1=400660113602, code2=116629030908, code3=official, code4=, code5=
2026-03-15 22:43:41 - Next process date: 2026-03-16
2026-03-15 22:43:41 - Level1 - Find upline query: SELECT id FROM shonu_subjects WHERE owncode = '7384791175875'
2026-03-15 22:43:41 - Level1 - Upline found: 1175875
2026-03-15 22:43:41 - Level1 - Insert query: INSERT INTO vyavahara (
            balakedara, ketebida, prakara, purba, bartaman, ayoga, koduvavanu, tiarikala, commission_status, process_date
        ) VALUES (
            '1175875', '648', 'LVLCOMM1', '6038.764', '6041.356', '2.592', '1175915', '2026-03-15 22:43:41', 0, '2026-03-16'
        )
2026-03-15 22:43:41 - Level1 - ✅ INSERT SUCCESSFUL
2026-03-15 22:43:41 - Level2 - Find upline query: SELECT id FROM shonu_subjects WHERE owncode = '400660113602'
2026-03-15 22:43:41 - Level2 - Upline found: 113607
2026-03-15 22:43:41 - Level2 - Insert query: INSERT INTO vyavahara (
            balakedara, ketebida, prakara, purba, bartaman, ayoga, koduvavanu, tiarikala, commission_status, process_date
        ) VALUES (
            '113607', '648', 'LVLCOMM2', '0', '1.62', '1.62', '1175915', '2026-03-15 22:43:41', 0, '2026-03-16'
        )
2026-03-15 22:43:41 - Level2 - ✅ INSERT SUCCESSFUL
2026-03-15 22:43:41 - Level3 - Find upline query: SELECT id FROM shonu_subjects WHERE owncode = '116629030908'
2026-03-15 22:43:41 - Level3 - Upline found: 113033
2026-03-15 22:43:41 - Level3 - Insert query: INSERT INTO vyavahara (
            balakedara, ketebida, prakara, purba, bartaman, ayoga, koduvavanu, tiarikala, commission_status, process_date
        ) VALUES (
            '113033', '648', 'LVLCOMM3', '11751.89525', '11752.41365', '0.5184', '1175915', '2026-03-15 22:43:41', 0, '2026-03-16'
        )
2026-03-15 22:43:41 - Level3 - ✅ INSERT SUCCESSFUL
2026-03-15 22:43:41 - ========== COMMISSION.PHP ENDED ==========

2026-03-15 22:44:10 - ========== COMMISSION.PHP STARTED ==========
2026-03-15 22:44:10 - Bet amount: 550, User ID: 1174020
2026-03-15 22:44:10 - Level commissions: L1=2.2, L2=1.375, L3=0.44, L4=0.055, L5=0.0275, L6=0.011
2026-03-15 22:44:10 - Codes query: SELECT code, code1, code2, code3, code4, code5 FROM shonu_subjects WHERE id = '1174020'
2026-03-15 22:44:10 - Referral codes: code=609698113616, code1=587464113615, code2=551233113608, code3=400660113602, code4=116629030908, code5=official
2026-03-15 22:44:10 - Next process date: 2026-03-16
2026-03-15 22:44:10 - Level1 - Find upline query: SELECT id FROM shonu_subjects WHERE owncode = '609698113616'
2026-03-15 22:44:10 - Level1 - Upline found: 113616
2026-03-15 22:44:10 - Level1 - Insert query: INSERT INTO vyavahara (
            balakedara, ketebida, prakara, purba, bartaman, ayoga, koduvavanu, tiarikala, commission_status, process_date
        ) VALUES (
            '113616', '550', 'LVLCOMM1', '61782.94289', '61785.14289', '2.2', '1174020', '2026-03-15 22:44:10', 0, '2026-03-16'
        )
2026-03-15 22:44:10 - Level1 - ✅ INSERT SUCCESSFUL
2026-03-15 22:44:10 - Level2 - Find upline query: SELECT id FROM shonu_subjects WHERE owncode = '587464113615'
2026-03-15 22:44:10 - Level2 - Upline found: 113615
2026-03-15 22:44:10 - Level2 - Insert query: INSERT INTO vyavahara (
            balakedara, ketebida, prakara, purba, bartaman, ayoga, koduvavanu, tiarikala, commission_status, process_date
        ) VALUES (
            '113615', '550', 'LVLCOMM2', '804.86139', '806.23639', '1.375', '1174020', '2026-03-15 22:44:10', 0, '2026-03-16'
        )
2026-03-15 22:44:10 - Level2 - ✅ INSERT SUCCESSFUL
2026-03-15 22:44:10 - Level3 - Find upline query: SELECT id FROM shonu_subjects WHERE owncode = '551233113608'
2026-03-15 22:44:10 - Level3 - Upline found: 113614
2026-03-15 22:44:10 - Level3 - Insert query: INSERT INTO vyavahara (
            balakedara, ketebida, prakara, purba, bartaman, ayoga, koduvavanu, tiarikala, commission_status, process_date
        ) VALUES (
            '113614', '550', 'LVLCOMM3', '66064.99474', '66065.43474', '0.44', '1174020', '2026-03-15 22:44:10', 0, '2026-03-16'
        )
2026-03-15 22:44:10 - Level3 - ✅ INSERT SUCCESSFUL
2026-03-15 22:44:10 - Level4 - ✅ INSERT SUCCESSFUL
2026-03-15 22:44:10 - Level5 - ✅ INSERT SUCCESSFUL
2026-03-15 22:44:10 - ========== COMMISSION.PHP ENDED ==========

